reseller_id,onboarding_date,city_tier,total_gmv,orders_last_30_days,avg_order_value,category_focus,social_shares,buyer_network_size,return_rate,days_since_last_sale,completed_onboarding_training,engagement_score,monetization_score,churn_risk_score,reseller_segment_fixed
1,1/21/2024,Tier3,1919,0,670,Fashion,1,5,0.09,219,FALSE,0,45,72,Low-Engagement Reseller
2,8/6/2023,Tier3,15208,0,385,Beauty,0,0,0.07,160,TRUE,40,48,61,Ghost Reseller
3,8/4/2024,Tier2,3586,2,529,Fashion,62,16,0.05,9,FALSE,19,42,29,Social Catalyst
4,5/29/2024,Tier3,7347,1,425,Home,33,12,0.14,27,FALSE,10,40,34,Niche Specialist
5,1/13/2023,Tier3,2536,2,564,Fashion,112,29,0.11,23,FALSE,34,41,31,Social Catalyst
6,12/20/2023,Tier3,4147,2,458,Fashion,36,11,0.05,5,FALSE,11,40,28,Low-Engagement Reseller
7,5/15/2023,Tier4+,37724,1,394,Home,36,9,0.15,17,FALSE,11,69,32,Niche Specialist
8,3/17/2024,Tier3,2419,1,431,Mixed,50,15,0.07,5,FALSE,15,37,29,Low-Engagement Reseller
9,12/8/2023,Tier3,5934,1,426,Fashion,51,18,0.1,19,FALSE,15,40,32,Social Catalyst
10,10/21/2023,Tier3,18964,0,708,Fashion,2,3,0.08,128,FALSE,1,64,55,Ghost Reseller
11,6/17/2024,Tier4+,3683,0,708,Home,4,6,0.13,62,TRUE,41,48,42,Niche Specialist
12,3/26/2023,Tier4+,8157,0,363,Fashion,2,3,0.07,110,FALSE,1,40,51,Ghost Reseller
13,7/15/2023,Tier4+,2216,2,416,Home,84,29,0.09,18,TRUE,65,36,30,Niche Specialist
14,8/17/2024,Tier3,2336,2,512,Home,172,50,0.11,23,FALSE,52,39,31,Niche Specialist
15,1/19/2023,Tier3,6351,2,438,Home,33,13,0.13,23,FALSE,10,40,31,Niche Specialist
16,12/20/2024,Tier4+,4315,1,443,Beauty,160,52,0.09,13,TRUE,88,39,31,Niche Specialist
17,4/5/2024,Tier3,462,0,664,Fashion,2,0,0.09,154,TRUE,41,44,60,Low-Engagement Reseller
18,4/14/2024,Tier3,10476,0,759,Fashion,1,0,0.12,200,FALSE,0,57,68,Ghost Reseller
19,11/9/2023,Tier3,1562,0,586,Beauty,4,0,0.15,353,FALSE,1,41,98,Low-Engagement Reseller
20,1/20/2023,Tier3,1556,2,700,Fashion,135,37,0.1,2,FALSE,41,46,27,Social Catalyst
21,2/28/2024,Tier2,6496,3,494,Fashion,141,47,0.09,11,FALSE,42,43,28,Social Catalyst
22,5/16/2023,Tier4+,7731,0,317,Fashion,2,4,0.06,263,TRUE,41,38,80,Ghost Reseller
23,5/28/2023,Tier2,6198,2,763,Mixed,113,39,0.13,2,FALSE,34,52,27,Low-Engagement Reseller
24,7/31/2023,Tier3,12718,2,598,Fashion,124,41,0.09,22,TRUE,77,53,31,Social Catalyst
25,2/6/2023,Tier3,2222,0,769,Beauty,5,0,0.12,174,FALSE,2,49,63,Niche Specialist
26,4/17/2023,Tier3,5957,0,503,Fashion,5,6,0.06,136,FALSE,2,44,56,Ghost Reseller
27,12/12/2023,Tier3,6340,1,310,Fashion,183,59,0.09,7,TRUE,95,36,30,Social Catalyst
28,11/13/2023,Tier2,61180,1,792,Fashion,170,56,0.05,25,FALSE,51,110,33,Social Catalyst
29,11/12/2024,Tier4+,3543,5,563,Fashion,36,14,0.12,3,FALSE,11,42,23,Low-Engagement Reseller
30,4/21/2024,Tier2,4342,5,464,Beauty,163,44,0.05,13,TRUE,89,41,25,Niche Specialist
31,11/17/2023,Tier4+,6290,2,300,Home,142,43,0.1,6,FALSE,43,36,28,Niche Specialist
32,8/19/2023,Tier2,2173,5,476,Fashion,11,1,0.08,29,FALSE,3,38,28,Low-Engagement Reseller
33,10/10/2024,Tier3,8806,0,773,Home,4,0,0.09,286,TRUE,41,56,85,Ghost Reseller
34,8/29/2024,Tier2,11610,2,375,Fashion,140,37,0.08,24,FALSE,42,44,32,Social Catalyst
35,4/26/2023,Tier3,6443,2,533,Mixed,71,23,0.13,28,FALSE,21,44,32,Low-Engagement Reseller
36,3/28/2023,Tier4+,2357,0,739,Fashion,0,0,0.15,58,FALSE,0,47,41,Low-Engagement Reseller
37,8/6/2024,Tier3,6238,3,406,Home,194,62,0.09,4,FALSE,58,40,26,Niche Specialist
38,5/27/2023,Tier2,13586,3,709,Mixed,92,31,0.15,6,FALSE,28,57,27,Low-Engagement Reseller
39,3/23/2023,Tier4+,9279,0,469,Home,0,5,0.12,243,FALSE,0,44,77,Ghost Reseller
40,11/28/2023,Tier4+,6824,1,539,Fashion,48,9,0.09,7,FALSE,14,45,30,Low-Engagement Reseller
41,2/12/2023,Tier2,3174,5,740,Fashion,162,54,0.14,13,TRUE,89,48,25,Social Catalyst
42,12/10/2024,Tier3,2862,2,784,Fashion,169,53,0.1,21,TRUE,91,50,31,Social Catalyst
43,11/10/2023,Tier4+,3496,2,564,Fashion,98,30,0.07,1,FALSE,29,43,27,Social Catalyst
44,5/3/2023,Tier3,6189,0,502,Home,2,0,0.14,98,FALSE,1,42,49,Ghost Reseller
45,1/21/2023,Tier4+,5415,0,472,Fashion,0,5,0.06,240,FALSE,0,42,76,Ghost Reseller
46,7/18/2023,Tier3,7435,0,466,Home,1,0,0.05,216,FALSE,0,44,71,Ghost Reseller
47,8/27/2023,Tier3,2542,0,410,Home,4,0,0.05,92,TRUE,41,37,48,Niche Specialist
48,7/28/2024,Tier4+,6860,0,653,Fashion,5,2,0.13,124,FALSE,2,49,54,Ghost Reseller
49,5/4/2023,Tier4+,2200,0,434,Beauty,2,0,0.15,282,FALSE,1,35,84,Niche Specialist
50,6/9/2023,Tier2,1137,4,401,Fashion,122,35,0.05,24,FALSE,37,35,29,Social Catalyst
51,4/14/2024,Tier4+,3483,0,479,Mixed,3,4,0.08,219,FALSE,1,40,72,Low-Engagement Reseller
52,12/14/2024,Tier2,12577,0,464,Beauty,5,0,0.12,233,TRUE,42,48,75,Ghost Reseller
53,2/3/2023,Tier4+,9470,2,719,Fashion,28,10,0.15,6,FALSE,8,53,28,Low-Engagement Reseller
54,10/2/2024,Tier3,3592,1,559,Fashion,101,34,0.08,15,FALSE,30,43,31,Social Catalyst
55,7/4/2024,Tier3,1355,0,656,Mixed,4,6,0.06,248,TRUE,41,45,78,Low-Engagement Reseller
56,11/2/2023,Tier3,4610,0,444,Beauty,4,3,0.11,341,TRUE,41,39,95,Niche Specialist
57,1/5/2023,Tier4+,2698,0,798,Fashion,2,4,0.06,265,FALSE,1,51,81,Low-Engagement Reseller
58,9/3/2023,Tier3,1095,1,463,Fashion,11,2,0.07,5,TRUE,43,37,29,Low-Engagement Reseller
59,7/22/2023,Tier2,4923,0,448,Home,4,1,0.11,226,TRUE,41,40,73,Niche Specialist
60,7/27/2023,Tier3,5513,0,691,Fashion,0,1,0.09,55,FALSE,0,50,41,Ghost Reseller
61,7/14/2024,Tier3,5365,2,654,Fashion,114,30,0.13,4,FALSE,34,47,28,Social Catalyst
62,7/2/2024,Tier4+,20837,1,324,Home,147,49,0.08,20,FALSE,44,51,32,Niche Specialist
63,7/17/2024,Tier3,1469,4,421,Mixed,65,22,0.06,21,TRUE,60,36,28,Low-Engagement Reseller
64,11/2/2023,Tier3,2464,0,406,Beauty,5,0,0.05,61,FALSE,2,37,42,Niche Specialist
65,2/26/2023,Tier4+,6521,1,403,Home,60,15,0.09,11,TRUE,58,40,31,Niche Specialist
66,12/17/2024,Tier2,2880,2,462,Home,49,11,0.12,2,FALSE,15,38,27,Niche Specialist
67,2/8/2023,Tier3,11251,5,419,Home,131,44,0.14,7,FALSE,39,44,24,Super-Spreader
68,5/4/2023,Tier3,4328,0,732,Beauty,4,0,0.08,314,FALSE,1,50,90,Niche Specialist
69,8/11/2023,Tier3,2249,0,661,Fashion,1,3,0.07,309,TRUE,40,46,89,Low-Engagement Reseller
70,10/14/2023,Tier3,867,0,498,Home,0,0,0.08,152,FALSE,0,38,59,Low-Engagement Reseller
71,6/21/2024,Tier4+,857,0,670,Home,2,5,0.15,220,TRUE,41,43,72,Low-Engagement Reseller
72,3/10/2023,Tier3,673,0,395,Fashion,3,0,0.08,84,FALSE,1,34,46,Low-Engagement Reseller
73,12/10/2023,Tier4+,7530,2,764,Beauty,60,16,0.11,5,TRUE,58,54,28,Niche Specialist
74,6/6/2023,Tier3,763,4,770,Mixed,79,20,0.07,3,FALSE,24,48,25,Low-Engagement Reseller
75,12/17/2023,Tier3,363,0,335,Fashion,3,5,0.12,206,TRUE,41,31,70,Low-Engagement Reseller
76,8/28/2023,Tier3,6447,0,690,Fashion,2,6,0.05,215,TRUE,41,51,71,Ghost Reseller
77,4/20/2023,Tier3,1691,1,574,Home,140,45,0.09,9,TRUE,82,41,30,Low-Engagement Reseller
78,1/24/2024,Tier3,6625,1,610,Beauty,101,30,0.06,28,TRUE,70,48,34,Niche Specialist
79,4/8/2024,Tier3,7214,2,584,Fashion,43,16,0.15,19,FALSE,13,46,31,Low-Engagement Reseller
80,12/4/2024,Tier4+,8257,0,704,Fashion,5,1,0.11,180,TRUE,42,52,65,Ghost Reseller
81,8/5/2024,Tier3,6006,0,368,Fashion,4,6,0.05,143,TRUE,41,39,57,Ghost Reseller
82,2/4/2023,Tier2,3731,2,756,Fashion,174,47,0.09,26,FALSE,52,50,32,Social Catalyst
83,7/2/2023,Tier4+,5757,2,407,Fashion,167,53,0.07,4,FALSE,50,40,28,Social Catalyst
84,2/8/2023,Tier3,2489,0,328,Beauty,3,2,0.09,261,FALSE,1,33,80,Niche Specialist
85,10/13/2023,Tier4+,2766,0,628,Fashion,1,5,0.14,59,FALSE,0,44,41,Low-Engagement Reseller
86,8/19/2023,Tier4+,1416,1,666,Home,136,46,0.11,11,FALSE,41,44,31,Low-Engagement Reseller
87,6/26/2023,Tier4+,5340,0,402,Fashion,1,0,0.1,91,TRUE,40,38,47,Ghost Reseller
88,4/2/2024,Tier2,3039,0,514,Fashion,1,5,0.09,201,FALSE,0,41,69,Low-Engagement Reseller
89,5/4/2024,Tier4+,6248,0,656,Beauty,0,3,0.06,106,FALSE,0,50,50,Ghost Reseller
90,3/3/2023,Tier3,21653,0,537,Home,0,0,0.11,300,FALSE,0,60,88,Ghost Reseller
91,5/2/2024,Tier3,2311,1,764,Fashion,85,26,0.06,7,TRUE,66,50,30,Social Catalyst
92,11/12/2023,Tier3,2889,0,499,Home,1,0,0.08,234,TRUE,40,40,75,Niche Specialist
93,2/6/2023,Tier3,3459,2,497,Fashion,25,4,0.12,27,FALSE,8,40,32,Low-Engagement Reseller
94,12/28/2024,Tier4+,1646,1,581,Mixed,170,49,0.15,8,FALSE,51,40,30,Low-Engagement Reseller
95,1/2/2023,Tier4+,6101,0,526,Beauty,3,0,0.1,317,FALSE,1,44,91,Ghost Reseller
96,1/9/2024,Tier3,4451,0,612,Mixed,3,0,0.12,123,TRUE,41,45,54,Low-Engagement Reseller
97,4/17/2023,Tier3,4799,1,658,Home,17,1,0.09,0,FALSE,5,48,29,Niche Specialist
98,6/20/2024,Tier2,4338,0,425,Home,2,2,0.1,62,FALSE,1,38,42,Niche Specialist
99,3/11/2024,Tier4+,8337,0,566,Home,5,0,0.12,208,FALSE,2,47,70,Ghost Reseller
100,11/4/2023,Tier4+,6156,0,557,Beauty,0,0,0.13,121,TRUE,40,44,53,Ghost Reseller
101,11/14/2024,Tier4+,417,0,550,Beauty,0,3,0.15,277,FALSE,0,38,83,Low-Engagement Reseller
102,10/23/2024,Tier2,3200,4,787,Fashion,13,6,0.06,17,FALSE,4,52,27,Low-Engagement Reseller
103,4/29/2023,Tier3,1702,0,506,Fashion,5,2,0.06,232,FALSE,2,39,74,Low-Engagement Reseller
104,10/26/2023,Tier2,7006,0,405,Fashion,1,0,0.12,110,FALSE,0,40,51,Ghost Reseller
105,2/28/2024,Tier3,1042,2,594,Beauty,167,48,0.09,18,FALSE,50,42,30,Low-Engagement Reseller
106,7/21/2024,Tier3,34815,0,694,Fashion,1,3,0.08,163,TRUE,40,79,61,Ghost Reseller
107,9/28/2024,Tier3,2664,0,355,Mixed,3,0,0.15,248,FALSE,1,33,78,Low-Engagement Reseller
108,9/9/2023,Tier3,901,0,706,Home,5,5,0.1,148,TRUE,42,45,58,Low-Engagement Reseller
109,10/1/2023,Tier4+,20835,0,661,Beauty,2,6,0.08,340,TRUE,41,64,95,Ghost Reseller
110,8/3/2023,Tier3,1576,0,619,Home,5,5,0.14,95,TRUE,42,42,48,Low-Engagement Reseller
111,3/23/2023,Tier2,1794,0,552,Fashion,2,6,0.12,167,FALSE,1,40,62,Low-Engagement Reseller
112,10/21/2024,Tier2,5351,0,327,Fashion,5,5,0.14,88,TRUE,42,35,47,Ghost Reseller
113,5/11/2024,Tier3,7048,0,702,Fashion,1,0,0.14,267,FALSE,0,51,81,Ghost Reseller
114,11/13/2023,Tier4+,5146,5,497,Home,147,49,0.08,14,FALSE,44,42,25,Niche Specialist
115,10/3/2023,Tier2,10539,0,431,Fashion,3,5,0.15,64,FALSE,1,44,42,Ghost Reseller
116,7/8/2024,Tier3,26587,2,726,Fashion,149,44,0.05,30,FALSE,45,73,33,Social Catalyst
117,6/30/2023,Tier2,2355,0,518,Home,2,0,0.12,35,TRUE,41,39,37,Niche Specialist
118,9/1/2024,Tier3,13475,0,663,Home,4,3,0.08,365,FALSE,1,57,100,Ghost Reseller
119,7/13/2023,Tier3,1226,0,754,Beauty,0,0,0.12,39,FALSE,0,47,37,Low-Engagement Reseller
120,12/18/2024,Tier4+,591,1,483,Fashion,44,14,0.11,21,TRUE,53,37,33,Low-Engagement Reseller
121,8/31/2023,Tier3,5902,1,384,Fashion,123,33,0.13,16,TRUE,77,38,32,Social Catalyst
122,7/10/2023,Tier3,11493,2,350,Mixed,36,15,0.12,4,TRUE,51,42,28,Low-Engagement Reseller
123,5/5/2023,Tier3,8513,1,703,Fashion,162,45,0.05,27,TRUE,89,54,34,Social Catalyst
124,9/23/2023,Tier2,3226,1,356,Beauty,163,50,0.12,6,TRUE,89,34,30,Niche Specialist
125,11/25/2024,Tier2,3709,2,607,Fashion,138,36,0.06,17,TRUE,81,45,30,Social Catalyst
126,11/6/2023,Tier4+,1091,0,731,Mixed,0,5,0.14,86,FALSE,0,46,46,Low-Engagement Reseller
127,1/1/2024,Tier3,642,0,476,Fashion,4,0,0.07,264,TRUE,41,37,81,Low-Engagement Reseller
128,12/12/2024,Tier4+,3206,2,415,Fashion,180,53,0.06,0,TRUE,94,38,27,Social Catalyst
129,9/30/2024,Tier3,4297,0,711,Beauty,0,5,0.08,134,TRUE,40,49,56,Niche Specialist
130,2/28/2023,Tier4+,345,0,746,Home,5,6,0.12,360,FALSE,2,46,99,Low-Engagement Reseller
131,1/13/2024,Tier3,5146,0,311,Fashion,5,0,0.1,196,FALSE,2,35,68,Ghost Reseller
132,10/7/2024,Tier2,1731,0,516,Fashion,1,1,0.1,263,FALSE,0,39,80,Low-Engagement Reseller
133,10/2/2024,Tier3,2616,0,402,Fashion,0,0,0.15,211,FALSE,0,35,70,Low-Engagement Reseller
134,12/17/2024,Tier4+,1456,2,537,Fashion,30,10,0.13,5,TRUE,49,39,28,Low-Engagement Reseller
135,3/13/2024,Tier3,4721,11,437,Fashion,95,29,0.06,0,TRUE,69,40,14,Social Catalyst
136,4/22/2024,Tier2,1299,0,711,Mixed,4,1,0.05,73,FALSE,1,47,44,Low-Engagement Reseller
137,11/10/2023,Tier3,8468,0,652,Mixed,3,0,0.05,183,FALSE,1,52,65,Ghost Reseller
138,7/12/2024,Tier4+,6560,3,695,Home,71,16,0.08,29,TRUE,61,51,31,Niche Specialist
139,12/1/2024,Tier3,1220,7,523,Home,10,0,0.12,6,FALSE,3,38,21,Low-Engagement Reseller
140,9/1/2024,Tier4+,19420,1,503,Home,91,31,0.08,7,TRUE,67,57,30,Niche Specialist
141,9/26/2024,Tier4+,2320,0,745,Fashion,1,0,0.11,96,FALSE,0,48,48,Low-Engagement Reseller
142,4/1/2023,Tier4+,7165,0,503,Fashion,0,0,0.12,286,FALSE,0,44,85,Ghost Reseller
143,1/14/2023,Tier3,6089,0,517,Fashion,4,1,0.05,224,FALSE,1,44,73,Ghost Reseller
144,12/17/2024,Tier4+,60878,2,414,Home,109,29,0.07,29,TRUE,73,95,33,Niche Specialist
145,3/23/2023,Tier4+,3263,0,457,Fashion,2,0,0.12,341,TRUE,41,38,95,Low-Engagement Reseller
146,11/30/2024,Tier2,345,0,748,Fashion,1,0,0.13,305,FALSE,0,46,88,Low-Engagement Reseller
147,2/18/2023,Tier3,1252,0,444,Fashion,2,0,0.14,92,TRUE,41,35,48,Low-Engagement Reseller
148,11/5/2023,Tier3,88559,0,488,Mixed,5,0,0.11,127,TRUE,42,125,54,Ghost Reseller
149,8/3/2023,Tier2,511,0,435,Beauty,2,0,0.06,192,FALSE,1,36,67,Low-Engagement Reseller
150,10/26/2023,Tier3,8582,0,643,Mixed,1,0,0.12,161,FALSE,0,50,61,Ghost Reseller
151,8/24/2024,Tier2,4087,0,667,Home,0,0,0.07,73,FALSE,0,48,44,Niche Specialist
152,8/28/2023,Tier2,3086,2,598,Home,64,19,0.08,13,FALSE,19,44,29,Niche Specialist
153,11/20/2023,Tier4+,10831,0,717,Mixed,3,0,0.15,365,FALSE,1,55,100,Ghost Reseller
154,1/17/2024,Tier3,16082,1,381,Fashion,64,21,0.13,4,TRUE,59,48,29,Social Catalyst
155,3/26/2024,Tier4+,1338,5,520,Mixed,13,2,0.12,21,TRUE,44,38,27,Low-Engagement Reseller
156,6/29/2023,Tier3,2482,0,791,Beauty,4,6,0.05,116,TRUE,41,51,52,Niche Specialist
157,5/25/2023,Tier3,1033,0,436,Fashion,5,5,0.15,110,FALSE,2,34,51,Low-Engagement Reseller
158,6/25/2024,Tier3,7088,1,502,Home,181,54,0.08,26,FALSE,54,44,33,Niche Specialist
159,11/18/2024,Tier4+,8358,0,606,Fashion,5,2,0.14,308,TRUE,42,48,89,Ghost Reseller
160,4/17/2023,Tier3,6541,0,397,Fashion,0,0,0.09,42,FALSE,0,40,38,Ghost Reseller
161,1/24/2023,Tier2,3741,0,520,Home,1,0,0.09,290,FALSE,0,41,86,Niche Specialist
162,5/12/2024,Tier2,2161,2,409,Fashion,143,48,0.06,1,FALSE,43,36,27,Social Catalyst
163,1/8/2023,Tier3,5213,0,407,Fashion,3,0,0.09,109,FALSE,1,39,51,Ghost Reseller
164,4/26/2024,Tier3,23950,2,303,Beauty,133,38,0.12,12,TRUE,80,53,29,Niche Specialist
165,2/6/2024,Tier3,870,1,671,Fashion,145,47,0.07,8,TRUE,84,45,30,Social Catalyst
166,5/12/2024,Tier3,3082,0,493,Fashion,3,4,0.12,304,FALSE,1,39,88,Low-Engagement Reseller
167,3/16/2024,Tier2,4748,2,559,Fashion,190,53,0.15,14,FALSE,57,43,30,Social Catalyst
168,5/2/2024,Tier4+,2049,18,653,Fashion,38,6,0.14,16,FALSE,11,44,6,Low-Engagement Reseller
169,8/25/2023,Tier3,943,2,409,Fashion,34,11,0.14,11,FALSE,10,33,29,Low-Engagement Reseller
170,3/5/2023,Tier3,5985,0,455,Fashion,5,0,0.14,338,FALSE,2,40,95,Ghost Reseller
171,3/7/2023,Tier2,4483,1,761,Mixed,15,9,0.13,20,TRUE,45,50,32,Low-Engagement Reseller
172,1/1/2023,Tier2,6696,0,691,Fashion,5,1,0.09,292,FALSE,2,51,86,Ghost Reseller
173,3/4/2024,Tier3,4345,0,683,Fashion,5,0,0.15,258,FALSE,2,47,79,Low-Engagement Reseller
174,8/30/2024,Tier3,619,0,326,Fashion,3,0,0.06,358,FALSE,1,32,99,Low-Engagement Reseller
175,7/26/2024,Tier4+,13366,0,641,Home,5,2,0.09,37,TRUE,42,56,37,Ghost Reseller
176,6/6/2024,Tier3,1428,0,794,Mixed,5,0,0.07,149,FALSE,2,50,59,Low-Engagement Reseller
177,1/3/2023,Tier3,1808,0,718,Home,2,0,0.14,140,FALSE,1,46,57,Low-Engagement Reseller
178,4/11/2024,Tier3,18013,0,538,Mixed,2,4,0.15,320,FALSE,1,55,91,Ghost Reseller
179,7/6/2024,Tier3,3068,0,654,Beauty,5,2,0.08,110,FALSE,2,46,51,Niche Specialist
180,11/5/2024,Tier2,252,0,362,Fashion,1,4,0.08,154,TRUE,40,32,60,Low-Engagement Reseller
181,5/7/2024,Tier4+,5190,0,500,Fashion,4,4,0.15,207,FALSE,1,41,70,Ghost Reseller
182,2/18/2024,Tier3,6114,1,412,Home,168,50,0.15,2,TRUE,90,39,29,Niche Specialist
183,4/21/2024,Tier4+,2613,2,395,Beauty,149,46,0.15,13,TRUE,85,34,29,Niche Specialist
184,4/6/2024,Tier2,4419,0,534,Fashion,3,0,0.09,131,TRUE,41,43,55,Low-Engagement Reseller
185,5/16/2023,Tier4+,8884,0,330,Fashion,5,0,0.07,219,FALSE,2,40,72,Ghost Reseller
186,7/14/2023,Tier2,944,0,636,Home,1,0,0.07,82,FALSE,0,43,46,Low-Engagement Reseller
187,11/18/2024,Tier3,3017,0,758,Fashion,1,4,0.06,124,FALSE,0,50,54,Low-Engagement Reseller
188,2/5/2023,Tier3,3415,0,605,Mixed,3,1,0.12,142,FALSE,1,44,57,Low-Engagement Reseller
189,5/24/2024,Tier3,3263,5,716,Home,127,39,0.11,5,FALSE,38,48,23,Niche Specialist
190,4/21/2023,Tier3,1595,1,742,Home,182,57,0.11,9,FALSE,55,47,30,Low-Engagement Reseller
191,5/29/2023,Tier4+,4954,0,659,Fashion,0,1,0.05,215,FALSE,0,49,71,Low-Engagement Reseller
192,6/30/2023,Tier4+,3064,0,403,Home,0,0,0.13,323,TRUE,40,36,92,Niche Specialist
193,1/19/2024,Tier3,4233,0,674,Fashion,4,2,0.13,312,FALSE,1,47,90,Low-Engagement Reseller
194,12/8/2023,Tier2,8767,5,383,Fashion,58,12,0.1,19,FALSE,17,41,26,Social Catalyst
195,8/2/2024,Tier3,651,6,393,Fashion,76,25,0.11,13,FALSE,23,33,23,Social Catalyst
196,12/17/2023,Tier2,2489,0,470,Beauty,1,3,0.07,356,FALSE,0,39,98,Niche Specialist
197,10/1/2024,Tier4+,10537,0,582,Fashion,3,0,0.05,318,FALSE,1,51,91,Ghost Reseller
198,4/17/2024,Tier4+,3553,5,710,Fashion,27,5,0.11,16,FALSE,8,48,26,Low-Engagement Reseller
199,4/2/2024,Tier3,4611,0,483,Fashion,0,2,0.09,278,FALSE,0,41,83,Low-Engagement Reseller
200,8/8/2024,Tier2,5512,0,337,Fashion,5,0,0.1,173,TRUE,42,36,63,Ghost Reseller
201,12/28/2024,Tier3,8071,0,309,Fashion,5,1,0.08,276,FALSE,2,38,83,Ghost Reseller
202,9/23/2024,Tier4+,4584,0,417,Fashion,1,0,0.05,49,TRUE,40,39,39,Low-Engagement Reseller
203,10/25/2024,Tier4+,30798,1,574,Beauty,123,40,0.12,10,FALSE,37,70,30,Niche Specialist
204,12/24/2024,Tier2,1154,2,762,Fashion,29,4,0.14,24,TRUE,49,47,32,Low-Engagement Reseller
205,5/28/2024,Tier4+,2016,0,449,Mixed,2,1,0.12,79,TRUE,41,36,45,Low-Engagement Reseller
206,12/19/2023,Tier4+,1207,5,756,Fashion,78,25,0.11,14,TRUE,63,47,25,Social Catalyst
207,3/10/2023,Tier3,4945,0,423,Home,5,7,0.07,314,TRUE,42,39,90,Niche Specialist
208,2/13/2024,Tier2,9435,0,771,Beauty,0,4,0.12,224,FALSE,0,56,73,Ghost Reseller
209,6/4/2023,Tier4+,4751,0,410,Fashion,4,0,0.07,197,TRUE,41,39,68,Low-Engagement Reseller
210,3/31/2023,Tier3,4047,4,622,Home,149,48,0.13,17,FALSE,45,45,27,Niche Specialist
211,11/2/2023,Tier2,1123,0,479,Home,5,1,0.09,217,FALSE,2,37,72,Low-Engagement Reseller
212,2/14/2024,Tier2,245,0,377,Fashion,3,0,0.1,192,TRUE,41,32,67,Low-Engagement Reseller
213,10/24/2023,Tier4+,7146,2,543,Fashion,166,45,0.06,6,TRUE,90,46,28,Social Catalyst
214,10/2/2024,Tier3,9009,17,412,Fashion,68,16,0.14,28,FALSE,20,42,10,Social Catalyst
215,11/12/2023,Tier2,1242,1,627,Home,16,3,0.15,30,FALSE,5,42,34,Low-Engagement Reseller
216,11/8/2023,Tier3,2804,0,420,Beauty,3,6,0.13,302,TRUE,41,36,88,Niche Specialist
217,5/29/2024,Tier2,21369,0,572,Fashion,2,3,0.12,254,TRUE,41,60,79,Ghost Reseller
218,12/15/2024,Tier2,5674,5,358,Fashion,123,39,0.09,19,TRUE,77,37,26,Social Catalyst
219,5/12/2024,Tier2,2262,0,657,Mixed,0,4,0.12,241,TRUE,40,44,76,Low-Engagement Reseller
220,10/23/2023,Tier4+,1386,0,321,Fashion,5,3,0.12,98,FALSE,2,31,49,Low-Engagement Reseller
221,3/6/2023,Tier4+,5269,3,691,Fashion,169,51,0.14,7,TRUE,91,48,27,Social Catalyst
222,11/5/2023,Tier4+,6022,0,356,Home,4,1,0.12,32,FALSE,1,37,36,Ghost Reseller
223,8/13/2024,Tier2,115,0,514,Home,2,2,0.09,310,TRUE,41,38,89,Low-Engagement Reseller
224,7/16/2023,Tier3,2252,0,561,Mixed,3,0,0.05,129,FALSE,1,42,55,Low-Engagement Reseller
225,4/14/2024,Tier4+,6858,0,699,Beauty,5,5,0.05,138,TRUE,42,52,56,Ghost Reseller
226,3/20/2023,Tier3,3494,0,508,Home,3,4,0.09,39,FALSE,1,41,37,Niche Specialist
227,2/27/2023,Tier3,4296,2,531,Home,49,17,0.15,26,FALSE,15,41,32,Niche Specialist
228,10/26/2024,Tier2,2910,0,382,Fashion,4,0,0.08,259,FALSE,1,36,80,Low-Engagement Reseller
229,7/17/2024,Tier2,932,0,708,Fashion,0,0,0.07,128,FALSE,0,46,55,Low-Engagement Reseller
230,7/11/2024,Tier3,11664,0,694,Fashion,1,2,0.07,201,FALSE,0,56,69,Ghost Reseller
231,10/23/2024,Tier3,3941,1,381,Home,87,23,0.09,5,FALSE,26,36,29,Niche Specialist
232,11/30/2024,Tier4+,4494,0,393,Fashion,0,0,0.13,96,TRUE,40,37,48,Low-Engagement Reseller
233,5/26/2024,Tier3,2715,0,717,Fashion,0,4,0.09,310,FALSE,0,48,89,Low-Engagement Reseller
234,11/19/2024,Tier4+,12039,0,323,Home,0,3,0.14,66,TRUE,40,41,43,Ghost Reseller
235,12/3/2023,Tier3,1983,0,303,Fashion,3,0,0.07,314,TRUE,41,32,90,Low-Engagement Reseller
236,5/17/2024,Tier3,1780,1,616,Home,150,47,0.11,2,TRUE,85,43,29,Low-Engagement Reseller
237,4/20/2024,Tier3,11330,0,576,Fashion,2,2,0.1,179,FALSE,1,51,64,Ghost Reseller
238,3/5/2024,Tier2,3581,0,569,Beauty,5,2,0.07,338,TRUE,42,44,95,Niche Specialist
239,10/24/2023,Tier3,2402,0,706,Beauty,3,6,0.13,127,FALSE,1,46,54,Niche Specialist
240,6/26/2023,Tier3,7837,0,612,Fashion,0,5,0.11,95,TRUE,40,49,48,Ghost Reseller
241,11/28/2024,Tier2,8605,0,343,Home,1,0,0.07,314,FALSE,0,40,90,Ghost Reseller
242,12/9/2023,Tier4+,2587,0,465,Fashion,3,0,0.11,148,FALSE,1,38,58,Low-Engagement Reseller
243,12/22/2024,Tier4+,14534,0,679,Mixed,1,0,0.14,63,TRUE,40,57,42,Ghost Reseller
244,10/31/2024,Tier2,6580,5,346,Home,72,20,0.07,23,TRUE,62,38,27,Niche Specialist
245,10/3/2023,Tier4+,1746,0,518,Fashion,0,1,0.07,246,TRUE,40,40,77,Low-Engagement Reseller
246,8/5/2024,Tier4+,1161,2,660,Mixed,69,16,0.08,16,TRUE,61,44,30,Low-Engagement Reseller
247,10/19/2024,Tier4+,6138,0,436,Home,4,0,0.1,288,FALSE,1,40,85,Ghost Reseller
248,3/11/2023,Tier3,18355,0,643,Mixed,3,0,0.13,254,TRUE,41,60,79,Ghost Reseller
249,4/20/2023,Tier3,2045,0,569,Fashion,2,1,0.06,365,FALSE,1,42,100,Low-Engagement Reseller
250,7/8/2024,Tier3,2067,0,675,Home,3,0,0.14,123,FALSE,1,45,54,Niche Specialist
251,5/20/2024,Tier3,593,0,563,Mixed,1,0,0.12,273,FALSE,0,39,82,Low-Engagement Reseller
252,3/2/2023,Tier4+,3286,0,533,Beauty,2,2,0.12,92,TRUE,41,41,48,Niche Specialist
253,8/15/2024,Tier4+,2351,0,354,Beauty,5,5,0.14,322,TRUE,42,33,92,Niche Specialist
254,1/29/2024,Tier3,40113,0,741,Mixed,1,4,0.09,142,FALSE,0,86,57,Ghost Reseller
255,3/23/2023,Tier4+,1874,0,467,Fashion,4,1,0.08,363,FALSE,1,38,100,Low-Engagement Reseller
256,9/11/2023,Tier4+,4623,0,400,Home,3,1,0.06,330,TRUE,41,38,93,Niche Specialist
257,11/13/2023,Tier3,3413,0,740,Beauty,1,0,0.1,121,FALSE,0,49,53,Niche Specialist
258,7/18/2024,Tier2,2101,0,370,Fashion,4,0,0.12,39,FALSE,1,34,37,Low-Engagement Reseller
259,12/22/2024,Tier4+,1705,0,472,Beauty,1,1,0.11,241,FALSE,0,37,76,Low-Engagement Reseller
260,2/7/2023,Tier4+,2593,1,515,Fashion,185,61,0.06,3,FALSE,56,41,29,Social Catalyst
261,9/11/2023,Tier4+,11865,0,738,Beauty,2,0,0.14,92,FALSE,1,57,48,Ghost Reseller
262,5/13/2023,Tier4+,4710,1,463,Fashion,23,2,0.08,30,TRUE,47,40,34,Low-Engagement Reseller
263,11/23/2024,Tier4+,28903,0,674,Fashion,1,4,0.13,310,TRUE,40,72,89,Ghost Reseller
264,12/23/2024,Tier2,7237,0,539,Home,1,0,0.14,157,TRUE,40,45,60,Ghost Reseller
265,5/7/2023,Tier3,901,0,555,Beauty,2,1,0.1,245,FALSE,1,40,77,Low-Engagement Reseller
266,7/31/2023,Tier4+,702,0,769,Fashion,5,0,0.1,130,FALSE,2,48,55,Low-Engagement Reseller
267,4/24/2023,Tier4+,1263,1,338,Fashion,116,36,0.08,5,FALSE,35,32,29,Social Catalyst
268,3/22/2023,Tier3,4024,0,706,Fashion,2,5,0.09,99,TRUE,41,49,49,Low-Engagement Reseller
269,5/5/2024,Tier4+,15511,2,345,Home,136,36,0.06,23,FALSE,41,47,31,Niche Specialist
270,12/14/2024,Tier2,1552,5,661,Beauty,122,36,0.08,25,FALSE,37,45,27,Low-Engagement Reseller
271,11/9/2023,Tier3,5429,0,701,Home,2,1,0.13,85,FALSE,1,49,46,Ghost Reseller
272,11/17/2024,Tier4+,3316,0,635,Fashion,2,0,0.05,309,FALSE,1,46,89,Low-Engagement Reseller
273,7/29/2023,Tier2,3766,0,620,Home,4,0,0.1,293,FALSE,1,45,86,Niche Specialist
274,10/18/2024,Tier2,12156,0,390,Fashion,2,5,0.06,152,TRUE,41,46,59,Ghost Reseller
275,11/21/2024,Tier3,3258,0,512,Fashion,4,6,0.07,112,FALSE,1,41,51,Low-Engagement Reseller
276,9/1/2023,Tier3,5986,0,786,Fashion,0,2,0.1,300,TRUE,40,53,88,Ghost Reseller
277,3/19/2023,Tier3,1650,5,332,Home,172,49,0.15,27,FALSE,52,31,28,Low-Engagement Reseller
278,2/28/2023,Tier2,8352,0,452,Fashion,5,4,0.06,166,TRUE,42,44,62,Ghost Reseller
279,5/6/2024,Tier4+,6290,2,430,Fashion,198,63,0.12,19,FALSE,59,40,31,Social Catalyst
280,11/21/2023,Tier4+,6460,1,766,Home,190,56,0.05,20,FALSE,57,54,32,Niche Specialist
281,5/3/2024,Tier2,3158,0,496,Fashion,3,6,0.07,314,FALSE,1,40,90,Low-Engagement Reseller
282,6/5/2023,Tier2,5356,1,419,Home,163,52,0.1,15,FALSE,49,39,31,Niche Specialist
283,4/9/2024,Tier2,1502,0,310,Fashion,1,0,0.06,296,FALSE,0,32,87,Low-Engagement Reseller
284,1/5/2024,Tier4+,1991,0,337,Home,4,0,0.15,116,TRUE,41,32,52,Low-Engagement Reseller
285,7/27/2024,Tier2,1491,0,549,Fashion,3,6,0.05,36,TRUE,41,41,37,Low-Engagement Reseller
286,4/19/2024,Tier3,2901,0,769,Home,1,0,0.06,68,FALSE,0,51,43,Niche Specialist
287,11/16/2023,Tier4+,3034,0,709,Fashion,0,4,0.14,195,FALSE,0,47,67,Low-Engagement Reseller
288,2/10/2023,Tier2,3478,5,741,Fashion,42,15,0.06,2,FALSE,13,50,23,Low-Engagement Reseller
289,10/4/2023,Tier3,3117,0,620,Beauty,1,0,0.07,225,FALSE,0,45,73,Niche Specialist
290,11/30/2023,Tier2,2840,0,338,Beauty,5,1,0.11,293,FALSE,2,33,86,Niche Specialist
291,2/22/2023,Tier4+,645,0,729,Fashion,5,0,0.14,340,TRUE,42,45,95,Low-Engagement Reseller
292,9/24/2024,Tier4+,5312,0,790,Fashion,4,0,0.14,219,FALSE,1,52,72,Ghost Reseller
293,6/28/2023,Tier3,2539,0,396,Fashion,0,0,0.12,157,TRUE,40,35,60,Low-Engagement Reseller
294,12/3/2023,Tier3,6946,0,741,Home,3,2,0.15,196,TRUE,41,52,68,Ghost Reseller
295,2/17/2023,Tier3,5604,4,520,Beauty,141,45,0.14,27,FALSE,42,42,29,Niche Specialist
296,10/31/2023,Tier4+,6869,2,399,Fashion,38,6,0.07,15,TRUE,51,40,30,Low-Engagement Reseller
297,9/15/2023,Tier2,3354,0,561,Fashion,0,4,0.14,61,FALSE,0,42,42,Low-Engagement Reseller
298,2/2/2024,Tier3,5164,1,394,Beauty,54,11,0.15,22,FALSE,16,37,33,Niche Specialist
299,8/9/2024,Tier3,1433,0,791,Mixed,0,5,0.07,255,FALSE,0,50,79,Low-Engagement Reseller
300,8/14/2024,Tier3,9375,0,425,Home,3,0,0.14,280,TRUE,41,43,84,Ghost Reseller
301,7/8/2023,Tier2,2405,0,363,Fashion,3,0,0.15,241,FALSE,1,33,76,Low-Engagement Reseller
302,11/5/2024,Tier3,6149,0,524,Fashion,3,1,0.12,125,TRUE,41,43,54,Ghost Reseller
303,10/2/2024,Tier4+,4315,2,720,Home,41,11,0.06,1,FALSE,12,50,27,Niche Specialist
304,5/31/2024,Tier3,5117,0,534,Fashion,1,3,0.08,346,FALSE,0,44,96,Ghost Reseller
305,3/23/2023,Tier4+,21691,0,779,Fashion,5,0,0.1,124,FALSE,2,69,54,Ghost Reseller
306,2/6/2023,Tier2,11675,0,772,Home,2,0,0.11,127,TRUE,41,58,54,Ghost Reseller
307,2/12/2024,Tier4+,9263,2,460,Beauty,69,22,0.15,16,FALSE,21,44,30,Niche Specialist
308,12/14/2023,Tier3,4698,1,769,Fashion,11,0,0.1,16,FALSE,3,52,32,Low-Engagement Reseller
309,12/10/2023,Tier3,1548,0,740,Beauty,0,3,0.09,218,FALSE,0,47,72,Low-Engagement Reseller
310,11/6/2024,Tier3,5927,0,624,Beauty,5,0,0.11,151,FALSE,2,47,59,Ghost Reseller
311,3/1/2023,Tier4+,16707,1,704,Fashion,94,31,0.15,19,TRUE,68,60,32,Social Catalyst
312,8/30/2024,Tier4+,7158,1,331,Home,77,26,0.08,15,TRUE,63,38,31,Niche Specialist
313,6/23/2023,Tier2,4128,1,771,Home,158,48,0.06,11,FALSE,47,52,31,Niche Specialist
314,3/27/2023,Tier2,1688,0,534,Fashion,4,1,0.07,159,FALSE,1,40,60,Low-Engagement Reseller
315,3/13/2024,Tier2,6090,5,476,Fashion,101,30,0.05,14,FALSE,30,43,25,Social Catalyst
316,3/20/2024,Tier4+,12199,0,635,Home,2,2,0.14,352,TRUE,41,53,98,Ghost Reseller
317,10/24/2023,Tier4+,2624,0,624,Beauty,1,0,0.05,250,FALSE,0,45,78,Niche Specialist
318,6/11/2023,Tier4+,3571,0,656,Fashion,3,4,0.12,98,TRUE,41,46,49,Low-Engagement Reseller
319,3/13/2024,Tier2,12203,1,723,Mixed,126,38,0.15,0,FALSE,38,56,29,Low-Engagement Reseller
320,7/14/2023,Tier2,4977,1,561,Beauty,186,53,0.06,30,FALSE,56,45,34,Niche Specialist
321,10/30/2024,Tier3,7866,0,383,Home,3,3,0.13,118,FALSE,1,40,53,Ghost Reseller
322,3/24/2024,Tier4+,7339,1,597,Fashion,66,25,0.07,6,FALSE,20,48,30,Social Catalyst
323,8/9/2023,Tier3,2101,2,440,Fashion,105,33,0.14,4,TRUE,72,36,28,Social Catalyst
324,8/2/2024,Tier3,25972,2,558,Beauty,30,11,0.12,8,TRUE,49,64,29,Niche Specialist
325,5/4/2024,Tier3,5247,0,721,Home,0,5,0.06,204,FALSE,0,51,69,Ghost Reseller
326,9/14/2024,Tier4+,3545,0,339,Fashion,0,5,0.06,322,TRUE,40,35,92,Low-Engagement Reseller
327,9/9/2023,Tier2,17063,5,626,Beauty,91,30,0.07,28,TRUE,67,59,28,Super-Spreader
328,2/8/2024,Tier4+,5460,0,452,Home,3,1,0.06,209,FALSE,1,41,70,Ghost Reseller
329,3/17/2023,Tier4+,1552,1,453,Home,27,3,0.14,2,FALSE,8,36,29,Low-Engagement Reseller
330,8/5/2024,Tier3,1590,1,312,Mixed,103,28,0.1,4,FALSE,31,31,29,Low-Engagement Reseller
331,5/2/2023,Tier3,3096,0,382,Beauty,0,0,0.08,63,FALSE,0,36,42,Niche Specialist
332,11/10/2024,Tier4+,2484,1,332,Beauty,51,11,0.13,1,FALSE,15,32,29,Niche Specialist
333,2/21/2023,Tier2,5848,1,465,Mixed,78,21,0.07,30,FALSE,23,42,34,Low-Engagement Reseller
334,12/13/2024,Tier2,5186,4,405,Mixed,173,56,0.07,3,FALSE,52,39,25,Low-Engagement Reseller
335,5/8/2023,Tier2,4450,0,694,Beauty,4,5,0.09,298,FALSE,1,49,87,Niche Specialist
336,9/26/2023,Tier3,2783,0,408,Mixed,2,0,0.1,41,FALSE,1,36,38,Low-Engagement Reseller
337,3/31/2024,Tier4+,10863,1,774,Home,151,49,0.06,24,TRUE,85,59,33,Niche Specialist
338,3/1/2023,Tier3,3823,0,688,Fashion,3,2,0.13,113,FALSE,1,47,52,Low-Engagement Reseller
339,2/10/2024,Tier3,5082,0,609,Fashion,5,0,0.14,281,TRUE,42,45,84,Ghost Reseller
340,1/10/2023,Tier4+,1215,0,306,Fashion,4,0,0.12,241,TRUE,41,30,76,Low-Engagement Reseller
341,1/23/2024,Tier3,4688,0,795,Home,0,0,0.12,118,FALSE,0,52,53,Niche Specialist
342,1/25/2024,Tier3,1495,2,354,Home,139,37,0.08,8,TRUE,82,33,29,Low-Engagement Reseller
343,7/24/2024,Tier4+,2619,0,400,Fashion,5,1,0.13,223,TRUE,42,35,73,Low-Engagement Reseller
344,3/25/2023,Tier4+,4287,0,320,Fashion,3,0,0.14,141,FALSE,1,33,57,Low-Engagement Reseller
345,10/6/2024,Tier3,7888,0,436,Fashion,0,3,0.15,232,TRUE,40,41,74,Ghost Reseller
346,3/17/2023,Tier3,6938,0,703,Fashion,3,3,0.1,220,FALSE,1,51,72,Ghost Reseller
347,6/2/2023,Tier2,4100,2,619,Home,92,30,0.08,19,FALSE,28,46,31,Niche Specialist
348,9/16/2024,Tier2,3296,4,758,Fashion,117,37,0.07,27,TRUE,75,50,29,Social Catalyst
349,3/20/2024,Tier3,1531,0,457,Fashion,5,2,0.12,189,TRUE,42,36,66,Low-Engagement Reseller
350,2/23/2023,Tier3,1643,1,679,Fashion,53,12,0.12,24,FALSE,16,45,33,Social Catalyst
351,5/28/2024,Tier3,14290,0,637,Fashion,5,6,0.13,298,FALSE,2,56,87,Ghost Reseller
352,7/21/2023,Tier4+,333,0,367,Fashion,1,0,0.1,158,TRUE,40,32,60,Low-Engagement Reseller
353,1/27/2024,Tier3,5849,5,330,Home,38,9,0.13,20,FALSE,11,36,26,Niche Specialist
354,2/6/2023,Tier3,12502,0,414,Fashion,2,4,0.13,220,FALSE,1,45,72,Ghost Reseller
355,10/11/2024,Tier2,2410,5,489,Home,34,8,0.13,2,FALSE,10,38,23,Niche Specialist
356,8/23/2024,Tier3,5821,0,505,Mixed,5,0,0.06,39,FALSE,2,44,37,Ghost Reseller
357,11/6/2023,Tier2,2174,0,779,Home,0,1,0.08,73,FALSE,0,50,44,Niche Specialist
358,5/9/2023,Tier4+,2136,1,432,Fashion,190,61,0.1,11,FALSE,57,36,31,Social Catalyst
359,4/13/2024,Tier3,11192,0,530,Fashion,1,0,0.11,59,FALSE,0,49,41,Ghost Reseller
360,1/2/2023,Tier2,26748,2,487,Home,44,12,0.1,2,TRUE,53,63,27,Niche Specialist
361,11/2/2024,Tier3,3515,0,693,Fashion,5,5,0.11,181,TRUE,42,47,65,Low-Engagement Reseller
362,4/10/2024,Tier4+,9952,0,561,Mixed,0,4,0.12,174,FALSE,0,49,63,Ghost Reseller
363,12/10/2024,Tier3,5720,0,495,Home,4,3,0.1,123,FALSE,1,42,54,Ghost Reseller
364,10/16/2024,Tier3,5537,0,317,Home,4,0,0.11,72,FALSE,1,35,44,Ghost Reseller
365,3/26/2024,Tier4+,5578,0,373,Home,4,0,0.1,105,TRUE,41,38,50,Ghost Reseller
366,1/11/2023,Tier4+,13724,2,731,Beauty,124,41,0.05,29,FALSE,37,60,33,Niche Specialist
367,6/1/2024,Tier4+,4375,0,428,Home,3,4,0.09,170,FALSE,1,39,63,Niche Specialist
368,2/6/2024,Tier3,7047,1,624,Mixed,19,3,0.12,29,TRUE,46,48,34,Low-Engagement Reseller
369,10/14/2024,Tier2,821,0,650,Fashion,2,0,0.08,279,TRUE,41,44,84,Low-Engagement Reseller
370,8/1/2024,Tier2,1042,0,321,Fashion,2,2,0.15,330,FALSE,1,30,93,Low-Engagement Reseller
371,12/9/2024,Tier4+,1993,4,325,Fashion,186,52,0.09,23,FALSE,56,32,28,Social Catalyst
372,6/27/2024,Tier3,12803,0,381,Fashion,5,4,0.14,154,TRUE,42,44,60,Ghost Reseller
373,8/17/2024,Tier3,12797,2,473,Home,134,42,0.06,27,FALSE,40,49,32,Niche Specialist
374,11/15/2023,Tier3,12255,0,689,Fashion,2,5,0.09,331,FALSE,1,56,93,Ghost Reseller
375,4/11/2024,Tier3,491,0,695,Home,4,5,0.13,278,TRUE,41,44,83,Low-Engagement Reseller
376,6/10/2023,Tier4+,4133,0,539,Mixed,4,0,0.05,150,TRUE,41,43,59,Low-Engagement Reseller
377,6/17/2024,Tier2,934,0,619,Fashion,5,0,0.05,49,FALSE,2,43,39,Low-Engagement Reseller
378,2/16/2023,Tier4+,4882,15,725,Fashion,61,20,0.05,28,TRUE,58,51,13,Social Catalyst
379,10/10/2023,Tier2,8513,0,628,Fashion,3,0,0.06,164,FALSE,1,51,61,Ghost Reseller
380,3/29/2023,Tier3,10706,2,323,Fashion,53,11,0.1,14,TRUE,56,41,30,Social Catalyst
381,3/2/2024,Tier4+,2666,0,532,Fashion,2,5,0.11,317,TRUE,41,40,91,Low-Engagement Reseller
382,10/13/2024,Tier3,19478,2,513,Fashion,38,14,0.06,10,FALSE,11,58,29,Low-Engagement Reseller
383,5/9/2023,Tier3,3178,0,746,Mixed,0,5,0.05,357,FALSE,0,50,98,Low-Engagement Reseller
384,3/5/2023,Tier2,7164,0,759,Fashion,0,0,0.12,224,FALSE,0,53,73,Ghost Reseller
385,8/9/2023,Tier2,18164,3,515,Fashion,100,26,0.1,0,FALSE,30,55,26,Social Catalyst
386,10/7/2023,Tier3,3699,0,743,Beauty,5,6,0.1,308,FALSE,2,50,89,Niche Specialist
387,11/1/2024,Tier4+,2390,3,343,Home,117,40,0.08,20,FALSE,35,34,29,Niche Specialist
388,5/2/2024,Tier4+,1128,0,501,Beauty,5,7,0.07,160,FALSE,2,39,61,Low-Engagement Reseller
389,6/22/2023,Tier2,6249,0,451,Home,1,0,0.11,136,TRUE,40,41,56,Ghost Reseller
390,2/6/2023,Tier4+,4884,1,392,Mixed,88,25,0.09,24,FALSE,26,38,33,Low-Engagement Reseller
391,10/8/2023,Tier3,958,0,583,Fashion,5,0,0.13,109,TRUE,42,40,51,Low-Engagement Reseller
392,2/15/2023,Tier2,6800,1,451,Home,139,38,0.15,9,FALSE,42,41,30,Niche Specialist
393,1/26/2023,Tier2,4527,4,324,Home,194,59,0.1,20,TRUE,98,35,28,Niche Specialist
394,3/22/2023,Tier2,3577,5,777,Home,89,31,0.15,29,FALSE,27,50,28,Niche Specialist
395,7/9/2024,Tier2,1578,0,494,Home,5,5,0.11,271,TRUE,42,38,82,Low-Engagement Reseller
396,9/26/2024,Tier3,636,2,548,Fashion,154,47,0.15,10,TRUE,86,38,29,Social Catalyst
397,10/20/2023,Tier3,2901,0,460,Fashion,2,0,0.13,88,FALSE,1,38,47,Low-Engagement Reseller
398,11/10/2024,Tier4+,3633,2,531,Fashion,118,40,0.11,27,FALSE,35,41,32,Social Catalyst
399,4/17/2024,Tier3,8881,0,540,Beauty,4,5,0.06,98,FALSE,1,48,49,Ghost Reseller
400,3/5/2024,Tier2,14733,2,656,Fashion,150,46,0.1,17,TRUE,85,57,30,Social Catalyst
401,2/2/2024,Tier2,5004,0,499,Fashion,2,0,0.14,346,TRUE,41,41,96,Ghost Reseller
402,6/14/2024,Tier4+,3227,0,488,Mixed,0,0,0.07,306,TRUE,40,40,89,Low-Engagement Reseller
403,2/12/2024,Tier2,11765,2,545,Fashion,26,7,0.08,30,FALSE,8,51,33,Low-Engagement Reseller
404,6/3/2024,Tier2,1500,1,471,Home,114,33,0.06,18,FALSE,34,38,32,Low-Engagement Reseller
405,3/19/2023,Tier4+,5611,1,792,Home,14,4,0.06,23,FALSE,4,54,33,Niche Specialist
406,3/4/2023,Tier2,18595,1,412,Fashion,119,33,0.14,29,FALSE,36,51,34,Social Catalyst
407,10/13/2024,Tier4+,12842,0,329,Fashion,1,2,0.14,76,FALSE,0,42,45,Ghost Reseller
408,8/13/2024,Tier3,691,0,384,Mixed,1,0,0.1,317,FALSE,0,33,91,Low-Engagement Reseller
409,8/20/2024,Tier3,3299,2,714,Home,106,35,0.08,2,FALSE,32,48,27,Niche Specialist
410,5/13/2024,Tier4+,10399,0,657,Fashion,4,0,0.14,179,FALSE,1,52,64,Ghost Reseller
411,5/13/2023,Tier3,5884,1,306,Home,51,14,0.09,11,FALSE,15,36,31,Niche Specialist
412,9/19/2023,Tier3,7541,0,545,Fashion,5,0,0.06,170,FALSE,2,47,63,Ghost Reseller
413,4/6/2024,Tier2,3088,0,311,Mixed,2,0,0.15,250,TRUE,41,32,78,Low-Engagement Reseller
414,12/14/2023,Tier3,11118,1,588,Home,197,60,0.09,29,FALSE,59,51,34,Niche Specialist
415,2/26/2023,Tier2,2112,0,526,Beauty,2,6,0.1,346,TRUE,41,40,96,Niche Specialist
416,3/30/2023,Tier3,3449,0,654,Mixed,0,0,0.12,260,FALSE,0,46,80,Low-Engagement Reseller
417,8/28/2023,Tier4+,4892,0,780,Home,0,5,0.09,348,FALSE,0,52,97,Niche Specialist
418,3/24/2024,Tier2,423,0,368,Home,2,0,0.05,270,FALSE,1,33,82,Low-Engagement Reseller
419,2/7/2024,Tier3,1947,0,471,Home,2,2,0.11,252,FALSE,1,37,78,Low-Engagement Reseller
420,3/30/2023,Tier3,1092,0,402,Fashion,2,0,0.05,81,FALSE,1,35,46,Low-Engagement Reseller
421,12/21/2024,Tier2,1178,0,545,Home,1,5,0.15,102,TRUE,40,39,50,Low-Engagement Reseller
422,7/4/2024,Tier3,18941,0,657,Home,3,0,0.11,118,TRUE,41,61,53,Ghost Reseller
423,1/15/2024,Tier4+,1478,0,383,Mixed,0,0,0.07,102,FALSE,0,34,50,Low-Engagement Reseller
424,11/21/2024,Tier3,3626,2,759,Fashion,26,10,0.08,21,FALSE,8,50,31,Low-Engagement Reseller
425,11/17/2024,Tier3,3359,2,531,Fashion,149,44,0.05,1,FALSE,45,42,27,Social Catalyst
426,5/1/2023,Tier3,3164,1,598,Beauty,120,33,0.08,8,TRUE,76,44,30,Niche Specialist
427,6/14/2024,Tier4+,255,1,617,Fashion,124,36,0.06,5,FALSE,37,42,29,Social Catalyst
428,2/26/2024,Tier4+,5250,0,434,Fashion,1,0,0.15,345,FALSE,0,39,96,Ghost Reseller
429,9/29/2023,Tier4+,3081,0,570,Beauty,1,0,0.12,283,FALSE,0,42,84,Niche Specialist
430,2/1/2023,Tier3,5040,1,425,Mixed,163,52,0.14,14,FALSE,49,38,31,Low-Engagement Reseller
431,8/28/2023,Tier2,2043,0,475,Home,5,0,0.15,89,FALSE,2,37,47,Niche Specialist
432,7/20/2024,Tier4+,4258,0,347,Fashion,0,0,0.08,249,FALSE,0,36,78,Low-Engagement Reseller
433,12/15/2024,Tier4+,9071,0,545,Home,5,4,0.13,220,FALSE,2,47,72,Ghost Reseller
434,4/21/2023,Tier2,19738,1,340,Home,14,6,0.12,18,FALSE,4,50,32,Niche Specialist
435,6/28/2023,Tier2,1731,3,395,Fashion,114,36,0.1,8,FALSE,34,35,27,Social Catalyst
436,7/7/2024,Tier3,2703,0,621,Beauty,5,2,0.07,235,FALSE,2,45,75,Niche Specialist
437,11/29/2024,Tier3,10299,2,760,Fashion,51,12,0.06,30,TRUE,55,58,33,Social Catalyst
438,10/7/2023,Tier2,4336,0,688,Beauty,4,6,0.1,116,TRUE,41,48,52,Niche Specialist
439,8/1/2023,Tier4+,25509,0,530,Beauty,3,1,0.07,108,FALSE,1,64,51,Ghost Reseller
440,12/21/2023,Tier2,3674,0,475,Home,0,4,0.14,277,FALSE,0,39,83,Niche Specialist
441,12/26/2023,Tier2,3306,0,740,Fashion,3,1,0.09,94,TRUE,41,49,48,Low-Engagement Reseller
442,7/9/2023,Tier4+,4552,1,747,Fashion,43,14,0.09,19,FALSE,13,51,32,Low-Engagement Reseller
443,1/2/2023,Tier3,22166,0,683,Mixed,4,2,0.12,173,FALSE,1,65,63,Ghost Reseller
444,6/11/2024,Tier3,2647,0,691,Mixed,0,3,0.1,152,FALSE,0,47,59,Low-Engagement Reseller
445,7/23/2023,Tier4+,5363,1,757,Home,178,51,0.12,30,FALSE,53,51,34,Niche Specialist
446,8/1/2024,Tier4+,4026,1,680,Beauty,84,24,0.15,12,FALSE,25,47,31,Niche Specialist
447,11/20/2023,Tier3,102852,2,618,Home,166,54,0.15,25,FALSE,50,143,32,Niche Specialist
448,9/18/2024,Tier3,5989,0,640,Beauty,5,1,0.1,87,TRUE,42,48,47,Ghost Reseller
449,6/27/2024,Tier3,1445,3,794,Mixed,110,32,0.05,21,FALSE,33,50,30,Low-Engagement Reseller
450,5/8/2023,Tier2,14350,0,418,Fashion,3,0,0.14,34,TRUE,41,47,37,Ghost Reseller
451,8/25/2023,Tier2,4380,0,775,Home,5,7,0.14,190,FALSE,2,51,66,Niche Specialist
452,10/15/2023,Tier4+,886,1,627,Beauty,121,34,0.08,12,TRUE,76,43,31,Low-Engagement Reseller
453,10/23/2023,Tier2,2971,5,525,Fashion,143,42,0.11,8,FALSE,43,40,24,Social Catalyst
454,11/10/2024,Tier2,5989,2,638,Beauty,185,55,0.08,24,FALSE,56,48,32,Niche Specialist
455,4/22/2023,Tier3,3394,2,759,Home,136,38,0.08,18,FALSE,41,50,30,Niche Specialist
456,12/28/2023,Tier3,952,1,539,Fashion,195,54,0.08,26,TRUE,99,40,33,Social Catalyst
457,6/21/2024,Tier3,9670,0,554,Home,5,7,0.05,151,FALSE,2,49,59,Ghost Reseller
458,11/25/2024,Tier3,7220,0,779,Home,0,0,0.06,261,FALSE,0,55,80,Ghost Reseller
459,2/14/2023,Tier3,8253,1,461,Beauty,21,3,0.11,14,FALSE,6,43,31,Niche Specialist
460,2/16/2024,Tier2,906,0,737,Home,4,0,0.1,249,TRUE,41,47,78,Low-Engagement Reseller
461,4/19/2024,Tier3,4913,0,798,Beauty,5,0,0.15,187,TRUE,42,52,66,Niche Specialist
462,4/4/2023,Tier3,4128,1,705,Fashion,11,4,0.15,15,FALSE,3,48,31,Low-Engagement Reseller
463,10/14/2024,Tier4+,37282,0,733,Home,1,2,0.05,117,FALSE,0,84,52,Ghost Reseller
464,5/24/2023,Tier2,15751,1,574,Fashion,13,7,0.08,25,FALSE,4,56,33,Low-Engagement Reseller
465,10/19/2023,Tier4+,997,2,791,Home,162,54,0.12,6,FALSE,49,48,28,Low-Engagement Reseller
466,10/4/2023,Tier3,1841,0,379,Mixed,5,2,0.08,51,FALSE,2,34,40,Low-Engagement Reseller
467,7/24/2024,Tier3,28548,0,590,Fashion,0,1,0.06,244,FALSE,0,69,77,Ghost Reseller
468,9/13/2023,Tier3,6003,0,313,Mixed,0,0,0.09,66,FALSE,0,36,43,Ghost Reseller
469,11/21/2024,Tier3,4400,5,462,Fashion,146,40,0.05,24,TRUE,84,41,27,Social Catalyst
470,6/20/2023,Tier2,4557,0,302,Home,3,0,0.11,331,FALSE,1,34,93,Niche Specialist
471,1/3/2023,Tier3,11109,0,741,Fashion,1,0,0.15,221,FALSE,0,56,72,Ghost Reseller
472,6/23/2024,Tier2,1310,0,304,Beauty,2,0,0.1,276,FALSE,1,31,83,Low-Engagement Reseller
473,4/30/2023,Tier4+,6818,0,729,Home,2,0,0.05,361,FALSE,1,53,99,Ghost Reseller
474,8/8/2024,Tier4+,4494,0,490,Fashion,0,0,0.13,236,FALSE,0,40,75,Low-Engagement Reseller
475,2/6/2024,Tier2,44819,2,472,Fashion,39,9,0.1,4,FALSE,12,81,28,Low-Engagement Reseller
476,8/10/2023,Tier4+,1059,3,784,Fashion,124,38,0.08,6,FALSE,37,49,27,Social Catalyst
477,2/11/2024,Tier4+,4764,1,364,Beauty,192,58,0.09,16,FALSE,58,37,32,Niche Specialist
478,6/15/2023,Tier2,2980,0,694,Home,0,2,0.11,354,FALSE,0,47,98,Niche Specialist
479,12/19/2023,Tier4+,13511,0,711,Fashion,3,2,0.11,83,TRUE,41,58,46,Ghost Reseller
480,5/5/2023,Tier2,2377,0,413,Mixed,4,0,0.06,295,TRUE,41,37,87,Low-Engagement Reseller
481,2/24/2023,Tier4+,7603,0,363,Fashion,3,5,0.12,205,TRUE,41,39,69,Ghost Reseller
482,3/30/2023,Tier4+,7260,2,697,Home,149,49,0.14,29,FALSE,45,51,33,Niche Specialist
483,10/31/2024,Tier4+,90414,2,549,Home,93,29,0.07,26,TRUE,68,130,32,Niche Specialist
484,12/19/2023,Tier4+,59957,0,552,Fashion,3,3,0.08,152,TRUE,41,99,59,Ghost Reseller
485,2/17/2023,Tier4+,1857,0,384,Home,4,2,0.11,334,FALSE,1,34,94,Low-Engagement Reseller
486,10/24/2023,Tier3,2181,1,387,Home,129,34,0.12,5,FALSE,39,34,29,Niche Specialist
487,9/24/2023,Tier3,1515,0,544,Fashion,2,5,0.08,170,TRUE,41,40,63,Low-Engagement Reseller
488,9/13/2023,Tier4+,10283,1,508,Fashion,15,9,0.08,16,FALSE,5,48,32,Low-Engagement Reseller
489,11/7/2024,Tier3,3572,3,393,Home,105,29,0.08,2,TRUE,72,37,26,Niche Specialist
490,5/2/2024,Tier4+,4649,1,320,Beauty,173,50,0.11,12,FALSE,52,34,31,Niche Specialist
491,11/3/2024,Tier3,2864,1,638,Beauty,88,26,0.07,12,FALSE,26,45,31,Niche Specialist
492,8/31/2024,Tier3,5260,0,498,Fashion,1,2,0.14,212,TRUE,40,41,71,Ghost Reseller
493,8/4/2023,Tier4+,11709,0,566,Home,5,4,0.06,188,FALSE,2,52,66,Ghost Reseller
494,12/19/2024,Tier3,5895,0,384,Beauty,0,5,0.13,244,FALSE,0,38,77,Ghost Reseller
495,6/6/2024,Tier2,1942,0,589,Home,2,0,0.05,77,TRUE,41,43,45,Low-Engagement Reseller
496,4/30/2024,Tier2,8948,0,482,Home,5,0,0.11,353,TRUE,42,45,98,Ghost Reseller
497,6/29/2023,Tier4+,9864,1,483,Home,141,42,0.15,4,FALSE,42,45,29,Niche Specialist
498,7/1/2024,Tier3,2197,0,338,Mixed,0,0,0.14,200,TRUE,40,32,68,Low-Engagement Reseller
499,1/26/2023,Tier3,4129,0,727,Home,2,2,0.07,239,FALSE,1,50,76,Niche Specialist
500,5/14/2023,Tier3,4650,0,509,Home,4,0,0.09,158,FALSE,1,42,60,Niche Specialist
501,3/1/2024,Tier4+,2086,0,330,Fashion,2,5,0.14,239,TRUE,41,32,76,Low-Engagement Reseller
502,7/28/2024,Tier2,976,0,710,Fashion,5,3,0.12,242,TRUE,42,45,76,Low-Engagement Reseller
503,7/22/2023,Tier3,3400,2,691,Fashion,169,54,0.12,27,FALSE,51,47,32,Social Catalyst
504,2/4/2024,Tier3,1234,0,655,Mixed,4,4,0.13,48,FALSE,1,43,39,Low-Engagement Reseller
505,10/14/2023,Tier2,2077,0,798,Fashion,3,6,0.07,122,FALSE,1,51,53,Low-Engagement Reseller
506,6/5/2024,Tier3,2715,2,682,Mixed,160,53,0.12,16,TRUE,88,46,30,Low-Engagement Reseller
507,6/15/2023,Tier3,1293,0,353,Mixed,2,0,0.05,204,FALSE,1,34,69,Low-Engagement Reseller
508,7/27/2024,Tier3,2293,0,573,Fashion,5,7,0.05,342,FALSE,2,43,96,Low-Engagement Reseller
509,3/1/2024,Tier4+,5247,2,593,Fashion,102,29,0.07,16,FALSE,31,46,30,Social Catalyst
510,12/27/2023,Tier3,3509,0,308,Fashion,0,0,0.12,240,TRUE,40,33,76,Low-Engagement Reseller
511,1/29/2024,Tier3,3259,0,519,Fashion,2,1,0.06,155,TRUE,41,42,60,Low-Engagement Reseller
512,2/24/2024,Tier4+,3073,2,564,Fashion,137,39,0.08,18,FALSE,41,43,30,Social Catalyst
513,10/18/2023,Tier4+,4067,0,668,Home,0,3,0.07,216,TRUE,40,48,71,Niche Specialist
514,6/17/2024,Tier3,1832,0,510,Beauty,3,1,0.1,279,TRUE,41,39,84,Low-Engagement Reseller
515,3/29/2023,Tier3,817,0,682,Home,5,4,0.1,170,FALSE,2,44,63,Low-Engagement Reseller
516,3/10/2023,Tier3,10405,0,778,Fashion,0,0,0.06,256,TRUE,40,58,79,Ghost Reseller
517,12/16/2023,Tier4+,961,0,700,Fashion,3,0,0.08,250,FALSE,1,46,78,Low-Engagement Reseller
518,5/13/2023,Tier2,679,0,758,Fashion,2,4,0.09,346,FALSE,1,47,96,Low-Engagement Reseller
519,11/18/2024,Tier3,8445,2,775,Home,71,17,0.09,2,TRUE,61,56,27,Niche Specialist
520,9/27/2023,Tier4+,8633,0,796,Fashion,5,0,0.11,211,TRUE,42,56,70,Ghost Reseller
521,6/20/2023,Tier3,6441,3,458,Home,182,58,0.08,29,FALSE,55,42,31,Niche Specialist
522,6/4/2024,Tier2,3693,0,611,Home,1,4,0.14,296,FALSE,0,44,87,Niche Specialist
523,8/24/2023,Tier4+,5464,4,403,Home,136,46,0.11,8,TRUE,81,38,26,Niche Specialist
524,8/9/2023,Tier4+,2312,0,705,Fashion,5,0,0.14,277,FALSE,2,46,83,Low-Engagement Reseller
525,3/17/2023,Tier4+,12592,2,596,Beauty,10,6,0.13,6,TRUE,43,52,28,Niche Specialist
526,2/22/2023,Tier3,25544,1,786,Home,183,52,0.08,23,FALSE,55,73,33,Niche Specialist
527,1/6/2024,Tier3,1940,0,393,Fashion,2,4,0.15,254,FALSE,1,34,79,Low-Engagement Reseller
528,12/6/2023,Tier3,2715,8,693,Fashion,17,5,0.13,29,FALSE,5,46,24,Low-Engagement Reseller
529,6/13/2024,Tier3,1531,5,546,Home,175,54,0.05,26,TRUE,93,41,27,Low-Engagement Reseller
530,4/1/2024,Tier2,16452,4,339,Home,70,25,0.08,0,TRUE,61,48,24,Niche Specialist
531,3/5/2023,Tier3,2123,1,628,Fashion,143,42,0.08,5,FALSE,43,44,29,Social Catalyst
532,6/22/2023,Tier4+,22217,0,419,Mixed,5,0,0.05,329,FALSE,2,57,93,Ghost Reseller
533,7/13/2024,Tier4+,704,0,686,Fashion,2,0,0.09,204,TRUE,41,45,69,Low-Engagement Reseller
534,4/17/2024,Tier4+,646,0,524,Fashion,0,0,0.13,244,FALSE,0,38,77,Low-Engagement Reseller
535,4/25/2024,Tier2,4708,0,305,Fashion,1,3,0.06,245,TRUE,40,35,77,Low-Engagement Reseller
536,8/1/2024,Tier4+,9612,0,532,Fashion,5,2,0.05,254,FALSE,2,49,79,Ghost Reseller
537,12/30/2023,Tier4+,37356,1,401,Beauty,71,26,0.14,29,TRUE,61,70,34,Niche Specialist
538,12/21/2023,Tier3,2714,0,664,Mixed,3,2,0.07,361,FALSE,1,46,99,Low-Engagement Reseller
539,12/14/2023,Tier2,14188,1,768,Fashion,31,7,0.09,27,TRUE,49,61,34,Low-Engagement Reseller
540,5/31/2023,Tier3,2833,0,331,Fashion,0,0,0.14,64,FALSE,0,32,42,Low-Engagement Reseller
541,8/13/2023,Tier3,1806,1,447,Fashion,105,32,0.13,26,TRUE,72,36,33,Social Catalyst
542,3/30/2024,Tier3,5144,2,400,Mixed,110,34,0.12,11,FALSE,33,38,29,Low-Engagement Reseller
543,3/12/2024,Tier4+,513,4,483,Fashion,154,45,0.05,0,FALSE,46,38,24,Social Catalyst
544,10/21/2023,Tier4+,4883,0,764,Beauty,1,5,0.08,353,TRUE,40,52,98,Niche Specialist
545,4/14/2023,Tier3,11222,0,527,Fashion,4,0,0.05,300,FALSE,1,50,88,Ghost Reseller
546,8/23/2024,Tier3,11748,0,638,Home,4,3,0.14,349,FALSE,1,53,97,Ghost Reseller
547,4/28/2024,Tier3,8769,1,678,Fashion,88,28,0.1,30,TRUE,66,52,34,Social Catalyst
548,7/12/2023,Tier4+,5446,0,696,Mixed,4,0,0.05,126,FALSE,1,51,54,Ghost Reseller
549,7/6/2023,Tier3,3771,0,313,Home,5,6,0.13,187,TRUE,42,33,66,Niche Specialist
550,12/21/2023,Tier4+,1210,0,497,Mixed,0,3,0.15,82,FALSE,0,37,46,Low-Engagement Reseller
551,10/26/2023,Tier4+,16745,0,505,Fashion,5,5,0.11,89,TRUE,42,53,47,Ghost Reseller
552,12/22/2023,Tier4+,8255,0,545,Home,3,5,0.08,94,FALSE,1,47,48,Ghost Reseller
553,11/3/2023,Tier2,3815,0,587,Home,4,2,0.14,249,FALSE,1,43,78,Niche Specialist
554,8/28/2024,Tier3,9451,0,323,Home,0,1,0.14,89,FALSE,0,39,47,Ghost Reseller
555,10/16/2023,Tier2,13109,1,328,Home,56,13,0.14,28,FALSE,17,43,34,Niche Specialist
556,12/17/2023,Tier2,22736,1,553,Fashion,66,24,0.06,12,FALSE,20,62,31,Social Catalyst
557,10/25/2023,Tier2,492,2,511,Home,102,33,0.14,18,FALSE,31,37,30,Low-Engagement Reseller
558,3/20/2023,Tier2,4776,1,726,Fashion,71,18,0.06,22,TRUE,61,51,33,Social Catalyst
559,3/2/2024,Tier4+,977,0,667,Fashion,3,0,0.15,73,TRUE,41,43,44,Low-Engagement Reseller
560,12/29/2024,Tier3,2630,2,641,Mixed,133,40,0.12,13,TRUE,80,44,29,Low-Engagement Reseller
561,11/22/2024,Tier3,5674,0,516,Beauty,2,6,0.12,94,FALSE,1,43,48,Ghost Reseller
562,5/9/2024,Tier3,2124,0,512,Fashion,3,2,0.12,294,FALSE,1,39,86,Low-Engagement Reseller
563,4/6/2024,Tier4+,1336,0,474,Home,2,0,0.1,162,TRUE,41,37,61,Low-Engagement Reseller
564,12/14/2024,Tier4+,2301,4,523,Fashion,192,57,0.13,20,FALSE,58,39,28,Social Catalyst
565,2/25/2024,Tier3,4985,2,378,Mixed,143,47,0.15,10,FALSE,43,36,29,Low-Engagement Reseller
566,10/20/2023,Tier3,758,0,726,Home,3,0,0.07,137,FALSE,1,47,56,Low-Engagement Reseller
567,9/27/2024,Tier4+,3651,0,589,Home,5,5,0.1,325,TRUE,42,44,92,Niche Specialist
568,5/23/2024,Tier3,7541,2,576,Fashion,128,33,0.12,5,FALSE,38,47,28,Social Catalyst
569,4/11/2024,Tier2,25939,0,497,Fashion,2,2,0.15,188,FALSE,1,62,66,Ghost Reseller
570,12/19/2024,Tier4+,3480,2,640,Fashion,193,55,0.1,23,FALSE,58,45,31,Social Catalyst
571,2/1/2023,Tier3,6641,4,618,Fashion,77,28,0.12,2,FALSE,23,47,24,Social Catalyst
572,1/16/2023,Tier3,4744,2,462,Beauty,185,58,0.05,22,TRUE,96,41,31,Niche Specialist
573,5/23/2023,Tier2,925,0,339,Mixed,5,0,0.15,153,FALSE,2,31,59,Low-Engagement Reseller
574,6/13/2023,Tier3,854,1,642,Fashion,193,54,0.07,11,TRUE,98,44,31,Social Catalyst
575,3/24/2024,Tier3,867,0,472,Fashion,5,2,0.13,228,FALSE,2,36,74,Low-Engagement Reseller
576,6/18/2023,Tier4+,980,0,686,Home,3,4,0.13,195,FALSE,1,44,67,Low-Engagement Reseller
577,10/9/2024,Tier3,26078,1,308,Beauty,171,46,0.07,4,FALSE,51,56,29,Niche Specialist
578,6/17/2024,Tier2,3840,0,414,Fashion,3,1,0.06,121,FALSE,1,38,53,Low-Engagement Reseller
579,9/10/2024,Tier4+,18703,4,411,Mixed,48,15,0.15,12,TRUE,54,51,26,Low-Engagement Reseller
580,2/5/2023,Tier2,4302,2,487,Fashion,34,8,0.12,4,FALSE,10,40,28,Low-Engagement Reseller
581,1/29/2024,Tier4+,2373,1,471,Home,62,20,0.15,18,FALSE,19,37,32,Niche Specialist
582,11/24/2024,Tier3,1580,0,732,Fashion,1,3,0.09,80,FALSE,0,47,45,Low-Engagement Reseller
583,9/5/2023,Tier4+,4396,0,450,Home,0,0,0.06,79,FALSE,0,40,45,Niche Specialist
584,2/6/2024,Tier2,15453,0,609,Fashion,0,1,0.05,126,TRUE,40,57,54,Ghost Reseller
585,3/24/2023,Tier4+,36633,0,375,Fashion,4,0,0.05,100,TRUE,41,70,49,Ghost Reseller
586,6/18/2023,Tier3,1860,1,686,Fashion,96,29,0.11,19,FALSE,29,45,32,Social Catalyst
587,10/3/2023,Tier4+,1946,2,604,Fashion,16,4,0.12,23,FALSE,5,42,31,Low-Engagement Reseller
588,3/10/2024,Tier4+,796,0,361,Fashion,5,4,0.11,38,TRUE,42,32,37,Low-Engagement Reseller
589,7/23/2024,Tier3,5514,0,482,Beauty,2,0,0.13,297,FALSE,1,41,87,Ghost Reseller
590,11/2/2024,Tier2,6611,0,393,Fashion,4,2,0.08,104,TRUE,41,40,50,Ghost Reseller
591,2/8/2024,Tier3,26086,0,666,Fashion,4,1,0.09,292,FALSE,1,69,86,Ghost Reseller
592,1/15/2024,Tier4+,3232,1,335,Fashion,134,36,0.15,21,FALSE,40,33,33,Social Catalyst
593,1/17/2024,Tier2,5773,0,760,Fashion,0,0,0.05,184,TRUE,40,53,65,Ghost Reseller
594,6/19/2024,Tier4+,8466,0,452,Fashion,3,3,0.07,209,FALSE,1,44,70,Ghost Reseller
595,6/27/2024,Tier2,2650,2,641,Home,118,40,0.12,1,TRUE,75,44,27,Niche Specialist
596,9/22/2024,Tier2,2363,0,548,Beauty,0,5,0.12,280,FALSE,0,41,84,Niche Specialist
597,1/24/2024,Tier2,21868,2,533,Fashion,88,30,0.11,2,FALSE,26,60,27,Social Catalyst
598,10/23/2024,Tier4+,5522,2,414,Fashion,194,62,0.09,13,TRUE,98,39,29,Social Catalyst
599,1/11/2023,Tier4+,2122,0,595,Mixed,3,6,0.13,275,TRUE,41,42,83,Low-Engagement Reseller
600,4/2/2023,Tier2,4328,0,303,Mixed,4,0,0.14,56,FALSE,1,33,41,Low-Engagement Reseller
601,11/10/2024,Tier4+,4999,1,607,Fashion,180,51,0.15,2,FALSE,54,45,29,Social Catalyst
602,3/30/2023,Tier4+,765,0,456,Fashion,3,0,0.11,84,FALSE,1,36,46,Low-Engagement Reseller
603,6/8/2024,Tier2,8228,0,623,Fashion,4,0,0.15,317,FALSE,1,49,91,Ghost Reseller
604,7/18/2023,Tier4+,389,0,439,Fashion,0,0,0.05,335,FALSE,0,36,94,Low-Engagement Reseller
605,4/9/2024,Tier4+,3579,0,699,Home,5,0,0.11,148,TRUE,42,48,58,Niche Specialist
606,8/24/2024,Tier3,5441,5,757,Mixed,18,2,0.08,30,TRUE,45,52,28,Low-Engagement Reseller
607,12/5/2024,Tier2,1245,0,324,Fashion,2,3,0.14,40,FALSE,1,31,38,Low-Engagement Reseller
608,12/11/2023,Tier3,20019,1,651,Home,141,40,0.08,24,TRUE,82,63,33,Niche Specialist
609,1/1/2023,Tier4+,3229,0,707,Home,1,0,0.05,53,FALSE,0,49,40,Niche Specialist
610,1/24/2024,Tier2,3073,3,693,Fashion,111,37,0.05,9,TRUE,73,48,27,Social Catalyst
611,10/20/2024,Tier3,983,0,301,Fashion,5,2,0.15,70,FALSE,2,29,43,Low-Engagement Reseller
612,3/27/2024,Tier2,6827,0,346,Home,1,2,0.11,91,FALSE,0,38,47,Ghost Reseller
613,1/10/2023,Tier4+,3582,1,481,Fashion,198,64,0.13,1,FALSE,59,39,29,Social Catalyst
614,5/6/2024,Tier4+,3778,0,527,Home,2,3,0.07,167,FALSE,1,42,62,Niche Specialist
615,11/28/2023,Tier4+,1966,0,377,Fashion,1,2,0.14,226,TRUE,40,33,73,Low-Engagement Reseller
616,10/4/2023,Tier4+,3221,1,547,Home,88,27,0.06,9,FALSE,26,43,30,Niche Specialist
617,9/7/2023,Tier3,5029,4,526,Fashion,76,26,0.09,5,FALSE,23,43,25,Social Catalyst
618,5/21/2024,Tier3,32419,0,498,Home,3,1,0.11,74,FALSE,1,69,44,Ghost Reseller
619,1/20/2024,Tier4+,1599,1,470,Home,130,37,0.07,7,TRUE,79,38,30,Low-Engagement Reseller
620,9/19/2023,Tier2,2389,1,650,Fashion,183,51,0.09,11,FALSE,55,45,31,Social Catalyst
621,11/2/2023,Tier3,6214,0,790,Home,5,0,0.12,188,FALSE,2,53,66,Ghost Reseller
622,9/30/2023,Tier2,22049,9,464,Home,108,35,0.11,3,FALSE,32,57,17,Super-Spreader
623,11/30/2023,Tier3,26505,0,797,Home,2,0,0.1,76,FALSE,1,74,45,Ghost Reseller
624,12/10/2024,Tier4+,4164,0,375,Fashion,5,3,0.08,141,FALSE,2,37,57,Low-Engagement Reseller
625,9/2/2023,Tier3,3381,2,610,Fashion,32,11,0.09,28,FALSE,10,44,32,Low-Engagement Reseller
626,2/15/2024,Tier3,2040,0,306,Home,5,6,0.12,62,FALSE,2,31,42,Niche Specialist
627,8/1/2023,Tier4+,28795,0,684,Fashion,2,0,0.07,226,TRUE,41,73,73,Ghost Reseller
628,5/20/2023,Tier2,12770,0,739,Fashion,5,6,0.07,356,FALSE,2,59,98,Ghost Reseller
629,8/31/2023,Tier2,4562,1,346,Home,73,18,0.13,17,FALSE,22,35,32,Niche Specialist
630,3/6/2024,Tier4+,56798,2,747,Home,132,39,0.11,23,FALSE,40,103,31,Niche Specialist
631,3/23/2024,Tier4+,7676,0,683,Beauty,1,0,0.14,113,TRUE,40,50,52,Ghost Reseller
632,6/25/2023,Tier3,3925,0,495,Home,5,4,0.1,295,FALSE,2,40,87,Niche Specialist
633,10/3/2023,Tier4+,4051,0,391,Mixed,0,0,0.1,46,TRUE,40,37,39,Low-Engagement Reseller
634,3/16/2024,Tier3,3794,0,776,Home,1,2,0.11,223,TRUE,40,51,73,Niche Specialist
635,3/23/2023,Tier3,7287,0,555,Fashion,1,0,0.14,131,TRUE,40,45,55,Ghost Reseller
636,4/25/2024,Tier4+,1840,2,741,Home,153,43,0.07,23,FALSE,46,48,31,Low-Engagement Reseller
637,3/29/2024,Tier4+,2747,0,348,Home,0,2,0.12,318,FALSE,0,33,91,Niche Specialist
638,11/11/2024,Tier3,4096,0,449,Mixed,3,0,0.1,124,FALSE,1,39,54,Low-Engagement Reseller
639,2/28/2023,Tier4+,764,2,630,Fashion,61,20,0.07,11,TRUE,58,43,29,Social Catalyst
640,4/13/2024,Tier2,4919,1,466,Fashion,79,23,0.08,2,TRUE,64,41,29,Social Catalyst
641,12/12/2023,Tier3,907,2,628,Home,113,36,0.07,1,FALSE,34,43,27,Low-Engagement Reseller
642,4/27/2024,Tier4+,2800,0,540,Fashion,2,1,0.07,320,FALSE,1,42,91,Low-Engagement Reseller
643,12/9/2023,Tier4+,826,0,339,Fashion,4,0,0.15,95,TRUE,41,31,48,Low-Engagement Reseller
644,8/1/2024,Tier3,36446,3,466,Home,68,21,0.12,5,TRUE,60,72,26,Niche Specialist
645,4/9/2023,Tier3,10181,1,670,Fashion,15,4,0.07,1,TRUE,45,54,29,Low-Engagement Reseller
646,7/28/2024,Tier3,646,0,683,Fashion,1,0,0.1,329,FALSE,0,44,93,Low-Engagement Reseller
647,4/13/2024,Tier4+,961,0,722,Home,4,1,0.1,296,FALSE,1,46,87,Low-Engagement Reseller
648,12/14/2023,Tier2,1642,0,499,Mixed,5,6,0.12,31,FALSE,2,38,36,Low-Engagement Reseller
649,9/6/2023,Tier3,691,0,786,Fashion,4,6,0.07,208,TRUE,41,49,70,Low-Engagement Reseller
650,8/6/2024,Tier4+,3524,0,605,Fashion,2,0,0.12,53,TRUE,41,44,40,Low-Engagement Reseller
651,8/9/2023,Tier4+,2287,5,681,Home,110,30,0.14,7,FALSE,33,45,24,Niche Specialist
652,7/21/2024,Tier3,5663,0,619,Fashion,3,0,0.1,66,FALSE,1,47,43,Ghost Reseller
653,10/14/2023,Tier4+,11666,4,340,Beauty,172,47,0.1,25,TRUE,92,42,29,Niche Specialist
654,7/9/2024,Tier3,2287,0,759,Beauty,0,0,0.08,102,FALSE,0,49,50,Niche Specialist
655,9/1/2024,Tier3,729,0,688,Fashion,4,0,0.1,36,FALSE,1,45,37,Low-Engagement Reseller
656,10/21/2023,Tier3,1744,3,630,Beauty,120,41,0.09,22,FALSE,36,44,30,Low-Engagement Reseller
657,9/20/2024,Tier4+,2874,0,689,Fashion,3,5,0.05,37,TRUE,41,48,37,Low-Engagement Reseller
658,1/11/2024,Tier3,2258,1,535,Beauty,11,2,0.05,1,FALSE,3,41,29,Niche Specialist
659,5/24/2024,Tier2,12130,2,647,Fashion,160,47,0.05,8,TRUE,88,55,29,Social Catalyst
660,1/27/2024,Tier4+,5322,1,310,Fashion,80,22,0.05,14,FALSE,24,36,31,Social Catalyst
661,3/31/2024,Tier4+,8570,0,619,Fashion,2,4,0.1,33,TRUE,41,50,36,Ghost Reseller
662,2/3/2024,Tier2,8491,0,722,Beauty,5,6,0.08,296,FALSE,2,54,87,Ghost Reseller
663,6/16/2024,Tier4+,8825,1,740,Fashion,166,47,0.14,16,FALSE,50,54,32,Social Catalyst
664,1/3/2024,Tier2,2205,3,510,Fashion,198,57,0.07,22,FALSE,59,40,30,Social Catalyst
665,5/2/2023,Tier3,9193,0,676,Beauty,4,0,0.09,282,TRUE,41,53,84,Ghost Reseller
666,4/19/2023,Tier4+,8445,1,629,Home,26,11,0.12,13,FALSE,8,50,31,Niche Specialist
667,5/23/2024,Tier3,708,0,657,Home,4,4,0.08,317,TRUE,41,44,91,Low-Engagement Reseller
668,11/10/2023,Tier2,3041,0,673,Mixed,0,0,0.06,286,FALSE,0,47,85,Low-Engagement Reseller
669,10/12/2024,Tier4+,2708,0,648,Fashion,3,0,0.15,364,FALSE,1,44,100,Low-Engagement Reseller
670,11/8/2024,Tier4+,9386,0,543,Mixed,5,1,0.15,97,TRUE,42,47,49,Ghost Reseller
671,12/28/2023,Tier4+,9736,0,539,Beauty,3,4,0.15,262,FALSE,1,47,80,Ghost Reseller
672,6/11/2024,Tier4+,9353,0,679,Beauty,4,5,0.05,196,FALSE,1,54,68,Ghost Reseller
673,3/19/2023,Tier4+,1871,0,433,Fashion,4,0,0.09,209,TRUE,41,36,70,Low-Engagement Reseller
674,8/2/2024,Tier2,7536,1,619,Fashion,92,24,0.15,3,TRUE,68,48,29,Social Catalyst
675,1/2/2024,Tier3,3864,0,568,Mixed,2,1,0.14,307,FALSE,1,42,89,Low-Engagement Reseller
676,9/26/2023,Tier4+,5933,0,791,Fashion,0,2,0.07,275,TRUE,40,54,83,Ghost Reseller
677,6/3/2024,Tier4+,1054,1,454,Home,86,25,0.09,6,FALSE,26,36,30,Low-Engagement Reseller
678,6/26/2024,Tier4+,3618,0,486,Beauty,4,5,0.05,299,FALSE,1,41,87,Niche Specialist
679,1/6/2023,Tier2,5110,0,706,Fashion,1,0,0.09,157,FALSE,0,50,60,Ghost Reseller
680,2/19/2024,Tier2,8631,4,446,Mixed,13,4,0.06,23,TRUE,44,44,28,Low-Engagement Reseller
681,9/21/2024,Tier2,6611,0,663,Fashion,0,0,0.12,228,FALSE,0,49,74,Ghost Reseller
682,6/30/2024,Tier2,8235,0,616,Mixed,2,0,0.13,41,TRUE,41,49,38,Ghost Reseller
683,9/9/2024,Tier2,1835,0,766,Beauty,3,5,0.09,47,FALSE,1,49,39,Low-Engagement Reseller
684,3/27/2023,Tier4+,448,0,463,Fashion,4,0,0.06,177,FALSE,1,37,64,Low-Engagement Reseller
685,4/6/2024,Tier3,5280,0,418,Beauty,5,4,0.14,338,FALSE,2,38,95,Ghost Reseller
686,11/26/2023,Tier4+,2567,0,756,Fashion,1,0,0.06,68,TRUE,40,50,43,Low-Engagement Reseller
687,12/16/2023,Tier3,957,1,332,Home,178,55,0.1,18,FALSE,53,31,32,Low-Engagement Reseller
688,7/9/2024,Tier3,2090,2,377,Fashion,46,13,0.13,22,FALSE,14,34,31,Low-Engagement Reseller
689,1/7/2023,Tier3,8355,2,318,Mixed,30,11,0.07,8,TRUE,49,39,29,Low-Engagement Reseller
690,2/11/2023,Tier4+,12936,0,302,Fashion,2,0,0.06,40,FALSE,1,43,38,Ghost Reseller
691,3/1/2024,Tier2,2115,2,544,Fashion,91,24,0.1,26,FALSE,27,41,32,Social Catalyst
692,6/28/2024,Tier3,3143,0,520,Mixed,0,0,0.09,305,TRUE,40,41,88,Low-Engagement Reseller
693,5/12/2023,Tier2,3074,3,352,Fashion,173,48,0.09,27,FALSE,52,34,31,Social Catalyst
694,12/4/2023,Tier2,2803,0,520,Fashion,0,0,0.15,181,FALSE,0,39,65,Low-Engagement Reseller
695,6/21/2023,Tier3,7427,0,675,Mixed,0,2,0.15,125,FALSE,0,50,54,Ghost Reseller
696,4/9/2024,Tier3,1175,0,636,Home,2,0,0.05,269,TRUE,41,44,82,Low-Engagement Reseller
697,1/2/2023,Tier4+,1495,4,772,Fashion,162,45,0.05,22,FALSE,49,49,28,Social Catalyst
698,12/18/2024,Tier4+,1315,1,542,Home,132,45,0.08,10,TRUE,80,40,30,Low-Engagement Reseller
699,4/30/2024,Tier4+,1672,0,355,Beauty,3,1,0.07,363,FALSE,1,34,100,Low-Engagement Reseller
700,4/2/2023,Tier3,17525,0,588,Mixed,1,0,0.06,138,FALSE,0,58,56,Ghost Reseller
701,10/27/2024,Tier3,1744,4,708,Fashion,166,54,0.12,23,TRUE,90,46,28,Social Catalyst
702,6/26/2024,Tier4+,1310,0,681,Fashion,2,0,0.13,142,TRUE,41,44,57,Low-Engagement Reseller
703,10/11/2024,Tier3,6160,0,529,Home,0,0,0.06,190,FALSE,0,45,66,Ghost Reseller
704,11/11/2024,Tier2,6833,0,576,Home,1,0,0.09,191,FALSE,0,47,67,Ghost Reseller
705,2/21/2024,Tier4+,6471,0,406,Fashion,2,0,0.12,125,FALSE,1,39,54,Ghost Reseller
706,7/29/2023,Tier4+,1205,0,411,Home,0,0,0.15,120,FALSE,0,34,53,Low-Engagement Reseller
707,7/2/2024,Tier3,5548,0,380,Fashion,3,0,0.13,138,FALSE,1,37,56,Ghost Reseller
708,9/19/2023,Tier2,1542,2,484,Fashion,47,15,0.05,3,TRUE,54,39,28,Low-Engagement Reseller
709,11/27/2024,Tier3,6545,1,499,Fashion,171,46,0.07,1,TRUE,91,44,29,Social Catalyst
710,9/28/2024,Tier3,2660,0,757,Mixed,4,3,0.06,180,FALSE,1,50,65,Low-Engagement Reseller
711,6/7/2024,Tier3,2232,1,372,Fashion,22,12,0.09,16,FALSE,7,34,32,Low-Engagement Reseller
712,1/4/2024,Tier4+,1692,18,491,Mixed,113,30,0.11,12,FALSE,34,38,5,Low-Engagement Reseller
713,12/24/2023,Tier2,1894,5,511,Beauty,49,19,0.09,9,TRUE,55,39,24,Low-Engagement Reseller
714,4/12/2023,Tier4+,22162,0,530,Home,4,2,0.13,182,FALSE,1,59,65,Ghost Reseller
715,3/12/2024,Tier2,3043,2,742,Fashion,66,19,0.12,0,FALSE,20,48,27,Social Catalyst
716,5/27/2023,Tier3,4549,0,461,Beauty,2,0,0.13,191,FALSE,1,39,67,Niche Specialist
717,12/29/2024,Tier4+,42128,1,512,Home,132,44,0.12,1,TRUE,80,79,29,Niche Specialist
718,10/6/2024,Tier3,3718,1,354,Fashion,75,23,0.05,11,FALSE,23,36,31,Social Catalyst
719,9/8/2024,Tier4+,39707,0,787,Beauty,2,2,0.13,241,FALSE,1,87,76,Ghost Reseller
720,7/26/2024,Tier3,905,1,379,Home,88,26,0.15,7,FALSE,26,32,30,Low-Engagement Reseller
721,2/1/2024,Tier3,2324,0,391,Fashion,5,5,0.14,114,FALSE,2,34,52,Low-Engagement Reseller
722,4/16/2023,Tier4+,1195,0,758,Home,3,0,0.14,162,FALSE,1,47,61,Low-Engagement Reseller
723,10/9/2024,Tier2,3701,1,340,Beauty,149,45,0.08,20,TRUE,85,35,32,Niche Specialist
724,10/18/2024,Tier2,9628,0,707,Fashion,3,1,0.05,69,TRUE,41,55,43,Ghost Reseller
725,10/20/2023,Tier2,1482,0,662,Beauty,1,1,0.07,67,TRUE,40,45,43,Low-Engagement Reseller
726,8/19/2023,Tier4+,5963,0,348,Fashion,3,0,0.06,32,FALSE,1,38,36,Ghost Reseller
727,3/11/2023,Tier3,4173,4,313,Mixed,132,35,0.07,12,FALSE,40,35,26,Low-Engagement Reseller
728,10/5/2024,Tier3,1987,0,640,Home,5,1,0.07,199,FALSE,2,45,68,Low-Engagement Reseller
729,8/5/2023,Tier4+,14214,2,587,Fashion,112,32,0.06,10,FALSE,34,55,29,Social Catalyst
730,6/21/2023,Tier3,1231,1,696,Mixed,83,25,0.1,3,TRUE,65,45,29,Low-Engagement Reseller
731,9/24/2023,Tier4+,2790,0,768,Fashion,4,5,0.14,364,TRUE,41,49,100,Low-Engagement Reseller
732,11/7/2024,Tier2,3373,3,482,Fashion,34,8,0.13,26,TRUE,50,39,30,Low-Engagement Reseller
733,3/8/2024,Tier4+,1427,0,397,Fashion,4,0,0.15,128,TRUE,41,33,55,Low-Engagement Reseller
734,4/29/2023,Tier4+,7139,2,476,Fashion,52,18,0.05,6,TRUE,56,44,28,Social Catalyst
735,4/30/2024,Tier4+,13292,0,308,Fashion,4,0,0.15,293,FALSE,1,42,86,Ghost Reseller
736,4/10/2024,Tier4+,4394,0,331,Home,3,1,0.07,130,FALSE,1,35,55,Niche Specialist
737,3/20/2023,Tier3,1948,1,463,Fashion,64,14,0.08,27,TRUE,59,38,34,Social Catalyst
738,5/6/2024,Tier4+,9758,3,555,Mixed,86,26,0.09,14,FALSE,26,49,28,Low-Engagement Reseller
739,5/25/2023,Tier3,3555,2,454,Fashion,36,14,0.13,24,FALSE,11,38,32,Low-Engagement Reseller
740,4/8/2024,Tier3,1245,1,575,Beauty,95,26,0.1,26,TRUE,69,41,33,Low-Engagement Reseller
741,5/15/2024,Tier4+,2098,0,696,Fashion,2,2,0.1,171,FALSE,1,46,63,Low-Engagement Reseller
742,12/18/2024,Tier2,11288,1,305,Home,84,20,0.06,3,FALSE,25,42,29,Niche Specialist
743,7/13/2023,Tier4+,19399,1,389,Home,112,31,0.09,17,TRUE,74,52,32,Niche Specialist
744,6/7/2024,Tier3,2588,0,470,Mixed,4,3,0.08,37,TRUE,41,39,37,Low-Engagement Reseller
745,8/27/2024,Tier3,4474,1,489,Fashion,143,42,0.11,14,TRUE,83,41,31,Social Catalyst
746,3/25/2024,Tier4+,3386,1,795,Fashion,183,55,0.07,11,FALSE,55,52,31,Social Catalyst
747,12/18/2024,Tier3,1865,0,799,Fashion,2,1,0.14,176,FALSE,1,49,64,Low-Engagement Reseller
748,12/4/2023,Tier3,44392,2,309,Home,155,43,0.13,8,FALSE,47,73,29,Niche Specialist
749,8/12/2024,Tier4+,3800,1,583,Mixed,125,37,0.1,4,TRUE,78,44,29,Low-Engagement Reseller
750,6/4/2024,Tier4+,1290,0,450,Mixed,0,0,0.1,266,FALSE,0,36,81,Low-Engagement Reseller
751,9/27/2023,Tier4+,1544,2,652,Home,124,33,0.08,10,TRUE,77,44,29,Low-Engagement Reseller
752,11/28/2023,Tier4+,3794,0,380,Fashion,4,2,0.12,261,FALSE,1,36,80,Low-Engagement Reseller
753,8/20/2023,Tier2,34799,0,708,Home,5,5,0.11,56,FALSE,2,79,41,Ghost Reseller
754,4/30/2024,Tier2,299,0,336,Beauty,0,0,0.15,290,FALSE,0,30,86,Low-Engagement Reseller
755,9/9/2023,Tier3,253,4,349,Fashion,114,38,0.1,15,FALSE,34,31,27,Social Catalyst
756,7/24/2023,Tier4+,1369,0,404,Fashion,1,0,0.15,225,TRUE,40,34,73,Low-Engagement Reseller
757,10/18/2024,Tier3,8184,1,387,Home,192,59,0.14,21,TRUE,98,40,33,Niche Specialist
758,9/26/2024,Tier3,4585,0,521,Fashion,0,0,0.1,119,FALSE,0,42,53,Low-Engagement Reseller
759,8/22/2023,Tier4+,2758,0,718,Fashion,5,6,0.06,342,FALSE,2,48,96,Low-Engagement Reseller
760,10/17/2024,Tier2,3208,0,434,Beauty,3,0,0.06,34,FALSE,1,38,37,Niche Specialist
761,3/17/2023,Tier4+,21648,0,328,Home,4,5,0.12,111,FALSE,1,52,51,Ghost Reseller
762,9/6/2023,Tier3,5565,0,461,Fashion,3,0,0.05,232,FALSE,1,42,74,Ghost Reseller
763,3/11/2023,Tier4+,3611,4,688,Fashion,150,45,0.07,7,FALSE,45,48,25,Social Catalyst
764,5/19/2023,Tier3,8802,0,711,Fashion,0,0,0.15,313,TRUE,40,52,90,Ghost Reseller
765,11/3/2023,Tier3,575,1,608,Home,165,46,0.1,14,FALSE,50,41,31,Low-Engagement Reseller
766,5/10/2023,Tier3,3321,0,545,Mixed,2,0,0.05,324,FALSE,1,43,92,Low-Engagement Reseller
767,7/14/2023,Tier3,4159,0,473,Beauty,0,3,0.05,161,FALSE,0,41,61,Niche Specialist
768,10/22/2023,Tier2,5527,1,466,Home,95,34,0.14,17,FALSE,29,40,32,Niche Specialist
769,9/3/2024,Tier3,2815,2,361,Mixed,94,32,0.13,16,TRUE,68,34,30,Low-Engagement Reseller
770,7/11/2023,Tier3,9217,1,707,Beauty,64,23,0.11,30,FALSE,19,54,34,Niche Specialist
771,11/21/2023,Tier4+,8104,0,481,Beauty,1,2,0.06,302,FALSE,0,45,88,Ghost Reseller
772,1/28/2024,Tier3,3841,0,406,Fashion,1,5,0.08,199,FALSE,0,37,68,Low-Engagement Reseller
773,4/10/2023,Tier2,3096,0,366,Fashion,0,0,0.09,271,TRUE,40,35,82,Low-Engagement Reseller
774,2/4/2023,Tier3,2054,0,367,Home,5,7,0.09,237,TRUE,42,34,75,Niche Specialist
775,11/1/2024,Tier4+,3394,1,424,Fashion,82,30,0.09,7,FALSE,25,37,30,Social Catalyst
776,4/27/2023,Tier2,24009,0,363,Fashion,0,1,0.1,255,TRUE,40,56,79,Ghost Reseller
777,3/20/2024,Tier2,37196,0,533,Fashion,2,1,0.08,212,FALSE,1,76,71,Ghost Reseller
778,12/9/2023,Tier3,1099,2,547,Fashion,123,42,0.07,9,TRUE,77,40,29,Social Catalyst
779,5/24/2024,Tier4+,5872,1,346,Home,148,39,0.07,20,FALSE,44,37,32,Niche Specialist
780,6/22/2024,Tier3,6693,1,508,Beauty,16,9,0.15,15,FALSE,5,43,31,Niche Specialist
781,7/15/2023,Tier3,15964,2,639,Home,45,9,0.08,5,FALSE,14,58,28,Niche Specialist
782,4/13/2023,Tier2,3602,5,304,Home,18,1,0.13,18,FALSE,5,32,26,Niche Specialist
783,5/25/2023,Tier3,1999,4,385,Mixed,40,16,0.11,8,TRUE,52,34,26,Low-Engagement Reseller
784,4/16/2024,Tier3,3057,0,698,Fashion,5,2,0.13,277,FALSE,2,47,83,Low-Engagement Reseller
785,11/27/2023,Tier4+,3728,0,656,Fashion,4,0,0.06,93,FALSE,1,47,48,Low-Engagement Reseller
786,2/7/2024,Tier4+,3056,0,742,Fashion,2,0,0.15,364,TRUE,41,48,100,Low-Engagement Reseller
787,9/12/2024,Tier3,7439,2,411,Fashion,63,15,0.07,27,FALSE,19,41,32,Social Catalyst
788,3/22/2024,Tier2,1319,0,634,Home,2,3,0.09,112,TRUE,41,43,51,Low-Engagement Reseller
789,12/1/2024,Tier4+,3475,0,555,Fashion,4,0,0.08,147,FALSE,1,43,58,Low-Engagement Reseller
790,11/15/2023,Tier2,4449,5,381,Fashion,23,11,0.06,21,TRUE,47,38,27,Low-Engagement Reseller
791,2/10/2024,Tier3,16873,0,530,Home,1,2,0.07,96,FALSE,0,55,48,Ghost Reseller
792,11/27/2024,Tier4+,5224,0,736,Beauty,2,0,0.08,350,TRUE,41,51,97,Ghost Reseller
793,6/2/2024,Tier3,5863,1,415,Fashion,88,31,0.13,6,FALSE,26,39,30,Social Catalyst
794,6/13/2023,Tier2,1513,0,572,Fashion,5,7,0.12,271,TRUE,42,41,82,Low-Engagement Reseller
795,2/27/2024,Tier4+,5849,1,597,Fashion,115,35,0.06,26,FALSE,35,47,33,Social Catalyst
796,12/8/2024,Tier4+,4193,0,693,Beauty,2,0,0.13,258,FALSE,1,48,79,Niche Specialist
797,7/5/2024,Tier3,2057,0,713,Fashion,4,0,0.1,319,FALSE,1,47,91,Low-Engagement Reseller
798,10/25/2024,Tier4+,6575,0,491,Fashion,2,5,0.05,44,FALSE,1,44,38,Ghost Reseller
799,3/28/2024,Tier3,6666,0,384,Beauty,3,0,0.11,211,TRUE,41,39,70,Ghost Reseller
800,9/24/2024,Tier3,3187,1,386,Mixed,53,14,0.13,9,FALSE,16,35,30,Low-Engagement Reseller
801,1/27/2024,Tier3,2551,1,543,Fashion,23,8,0.14,4,FALSE,7,40,29,Low-Engagement Reseller
802,12/23/2023,Tier3,311,0,433,Home,5,4,0.06,167,FALSE,2,35,62,Low-Engagement Reseller
803,11/23/2024,Tier4+,3362,2,300,Fashion,116,37,0.15,2,FALSE,35,32,27,Social Catalyst
804,4/23/2023,Tier2,8653,0,752,Fashion,0,0,0.1,241,FALSE,0,55,76,Ghost Reseller
805,3/25/2024,Tier3,1334,0,666,Home,3,0,0.05,169,FALSE,1,45,62,Low-Engagement Reseller
806,11/20/2023,Tier3,2365,0,639,Home,1,0,0.15,283,FALSE,0,43,84,Niche Specialist
807,9/9/2023,Tier4+,669,2,598,Home,100,26,0.1,17,FALSE,30,41,30,Low-Engagement Reseller
808,2/11/2024,Tier2,5204,0,319,Fashion,2,5,0.11,282,TRUE,41,35,84,Ghost Reseller
809,9/1/2023,Tier2,542,0,679,Home,3,4,0.06,229,FALSE,1,45,74,Low-Engagement Reseller
810,4/8/2023,Tier4+,836,0,618,Fashion,5,0,0.11,191,FALSE,2,42,67,Low-Engagement Reseller
811,7/13/2024,Tier4+,2123,0,581,Fashion,1,2,0.11,334,FALSE,0,42,94,Low-Engagement Reseller
812,8/14/2023,Tier4+,4619,0,493,Fashion,0,0,0.13,82,FALSE,0,41,46,Low-Engagement Reseller
813,1/22/2023,Tier3,12294,1,595,Fashion,126,35,0.09,18,FALSE,38,53,32,Social Catalyst
814,5/27/2023,Tier2,8715,0,756,Home,4,0,0.05,245,TRUE,41,56,77,Ghost Reseller
815,12/22/2024,Tier2,3735,0,307,Mixed,3,5,0.07,47,FALSE,1,34,39,Low-Engagement Reseller
816,8/21/2024,Tier2,9882,0,699,Fashion,0,0,0.07,307,FALSE,0,55,89,Ghost Reseller
817,10/19/2024,Tier2,2434,1,634,Fashion,124,39,0.07,14,TRUE,77,45,31,Social Catalyst
818,4/28/2023,Tier3,17262,2,466,Home,58,15,0.05,9,FALSE,17,54,29,Niche Specialist
819,11/23/2023,Tier3,1689,0,683,Beauty,5,2,0.1,116,FALSE,2,45,52,Low-Engagement Reseller
820,5/21/2023,Tier4+,10329,2,637,Beauty,150,40,0.06,16,TRUE,85,53,30,Niche Specialist
821,6/8/2023,Tier4+,8835,1,751,Home,51,20,0.06,10,FALSE,15,56,30,Niche Specialist
822,3/4/2024,Tier2,2890,0,469,Beauty,4,0,0.07,172,FALSE,1,39,63,Niche Specialist
823,1/29/2023,Tier3,9049,0,494,Fashion,3,3,0.06,81,FALSE,1,46,46,Ghost Reseller
824,9/13/2024,Tier2,11712,2,718,Fashion,75,23,0.06,30,FALSE,23,57,33,Social Catalyst
825,9/16/2023,Tier3,2247,0,411,Home,0,4,0.08,301,TRUE,40,36,88,Niche Specialist
826,8/25/2023,Tier3,16631,0,540,Home,3,1,0.07,72,TRUE,41,55,44,Ghost Reseller
827,4/16/2023,Tier3,4975,0,778,Beauty,1,4,0.06,77,TRUE,40,53,45,Niche Specialist
828,9/26/2023,Tier2,10270,0,463,Fashion,3,5,0.05,349,FALSE,1,47,97,Ghost Reseller
829,3/29/2023,Tier2,13927,0,531,Fashion,1,3,0.09,83,TRUE,40,52,46,Ghost Reseller
830,12/17/2024,Tier4+,858,0,796,Home,5,1,0.06,360,FALSE,2,50,99,Low-Engagement Reseller
831,3/24/2023,Tier3,6447,0,562,Fashion,5,0,0.07,356,TRUE,42,46,98,Ghost Reseller
832,9/16/2024,Tier3,16188,2,516,Fashion,10,0,0.1,11,FALSE,3,54,29,Low-Engagement Reseller
833,12/11/2023,Tier3,19140,2,321,Beauty,27,3,0.1,28,FALSE,8,49,32,Niche Specialist
834,2/6/2024,Tier2,19232,0,379,Home,5,0,0.1,104,TRUE,42,51,50,Ghost Reseller
835,12/28/2023,Tier3,3334,0,538,Home,0,0,0.05,46,FALSE,0,43,39,Niche Specialist
836,8/1/2023,Tier4+,557,1,459,Fashion,42,10,0.12,18,FALSE,13,35,32,Low-Engagement Reseller
837,10/22/2023,Tier4+,5979,0,301,Home,5,0,0.14,92,FALSE,2,34,48,Ghost Reseller
838,5/30/2023,Tier3,4492,0,458,Fashion,0,3,0.15,231,FALSE,0,39,74,Low-Engagement Reseller
839,1/24/2024,Tier2,1262,0,676,Home,2,0,0.07,288,FALSE,1,45,85,Low-Engagement Reseller
840,10/25/2024,Tier3,2845,0,739,Fashion,4,0,0.1,66,FALSE,1,49,43,Low-Engagement Reseller
841,12/15/2023,Tier3,13554,0,321,Beauty,1,0,0.06,133,FALSE,0,44,56,Ghost Reseller
842,1/1/2023,Tier3,3985,1,485,Home,176,49,0.13,8,FALSE,53,40,30,Niche Specialist
843,10/19/2023,Tier2,254,1,688,Fashion,105,29,0.12,9,FALSE,32,44,30,Social Catalyst
844,8/23/2023,Tier4+,7436,2,486,Mixed,17,10,0.13,6,FALSE,5,43,28,Low-Engagement Reseller
845,10/6/2023,Tier2,10715,0,594,Home,4,6,0.08,229,TRUE,41,51,74,Ghost Reseller
846,9/28/2024,Tier2,1475,3,571,Beauty,106,28,0.05,13,FALSE,32,42,28,Low-Engagement Reseller
847,3/27/2024,Tier2,1893,1,332,Mixed,71,18,0.06,8,FALSE,21,33,30,Low-Engagement Reseller
848,10/14/2024,Tier4+,16267,0,400,Mixed,0,0,0.15,274,FALSE,0,48,83,Ghost Reseller
849,2/27/2024,Tier3,558,1,695,Beauty,123,42,0.05,19,TRUE,77,46,32,Low-Engagement Reseller
850,7/12/2024,Tier2,3012,0,652,Mixed,2,0,0.15,275,TRUE,41,44,83,Low-Engagement Reseller
851,5/4/2024,Tier2,772,0,714,Home,1,0,0.14,279,TRUE,40,45,84,Low-Engagement Reseller
852,7/10/2023,Tier4+,7905,0,733,Fashion,5,4,0.09,99,FALSE,2,54,49,Ghost Reseller
853,6/6/2023,Tier4+,810,1,492,Fashion,14,8,0.09,15,FALSE,4,37,31,Low-Engagement Reseller
854,9/11/2024,Tier2,2072,2,362,Home,80,22,0.13,18,FALSE,24,33,30,Niche Specialist
855,7/30/2024,Tier3,12198,0,637,Home,3,2,0.05,221,TRUE,41,55,72,Ghost Reseller
856,9/15/2024,Tier3,1511,4,753,Fashion,196,54,0.1,9,TRUE,99,48,26,Social Catalyst
857,4/30/2024,Tier4+,9791,0,405,Home,2,0,0.12,116,TRUE,41,43,52,Ghost Reseller
858,2/6/2023,Tier4+,10047,4,595,Beauty,16,4,0.15,5,TRUE,45,49,25,Niche Specialist
859,1/23/2023,Tier3,10465,1,729,Fashion,139,39,0.09,2,FALSE,42,56,29,Social Catalyst
860,2/24/2024,Tier4+,2895,1,686,Fashion,23,12,0.14,8,FALSE,7,46,30,Low-Engagement Reseller
861,6/14/2024,Tier3,2156,0,537,Fashion,0,3,0.13,233,FALSE,0,40,75,Low-Engagement Reseller
862,2/18/2023,Tier2,8608,0,301,Home,3,0,0.05,259,FALSE,1,39,80,Ghost Reseller
863,10/8/2023,Tier4+,3783,0,441,Fashion,5,4,0.11,129,FALSE,2,38,55,Low-Engagement Reseller
864,1/8/2023,Tier3,3759,0,443,Home,3,0,0.07,200,FALSE,1,39,68,Niche Specialist
865,12/1/2023,Tier3,1408,1,498,Fashion,195,57,0.14,8,FALSE,59,37,30,Social Catalyst
866,7/6/2023,Tier4+,6773,0,589,Mixed,4,6,0.09,275,TRUE,41,47,83,Ghost Reseller
867,5/13/2023,Tier3,200,2,350,Fashion,15,1,0.13,13,FALSE,5,31,29,Low-Engagement Reseller
868,6/5/2024,Tier3,1032,0,449,Fashion,4,4,0.08,359,FALSE,1,36,99,Low-Engagement Reseller
869,6/12/2023,Tier2,3679,0,394,Fashion,5,0,0.07,127,FALSE,2,37,54,Low-Engagement Reseller
870,6/19/2023,Tier4+,4991,1,705,Fashion,72,23,0.1,28,FALSE,22,49,34,Social Catalyst
871,7/7/2023,Tier2,620,2,467,Home,125,37,0.15,28,FALSE,38,35,32,Low-Engagement Reseller
872,2/16/2024,Tier4+,5565,0,715,Fashion,5,0,0.09,334,FALSE,2,51,94,Ghost Reseller
873,4/17/2023,Tier3,9252,0,342,Home,3,0,0.14,68,FALSE,1,39,43,Ghost Reseller
874,2/19/2023,Tier4+,2575,0,368,Beauty,5,4,0.1,57,FALSE,2,34,41,Niche Specialist
875,3/14/2024,Tier3,2507,0,443,Home,5,5,0.07,38,TRUE,42,38,37,Niche Specialist
876,7/4/2023,Tier3,662,0,468,Beauty,1,0,0.06,53,FALSE,0,37,40,Low-Engagement Reseller
877,10/22/2024,Tier2,6103,0,325,Mixed,1,0,0.12,215,TRUE,40,36,71,Ghost Reseller
878,6/8/2023,Tier3,8482,1,707,Home,48,11,0.09,18,FALSE,14,53,32,Niche Specialist
879,2/1/2024,Tier3,1233,5,795,Fashion,147,39,0.05,0,FALSE,44,50,23,Social Catalyst
880,11/14/2023,Tier4+,1082,0,574,Beauty,3,0,0.1,66,TRUE,41,41,43,Low-Engagement Reseller
881,8/12/2024,Tier2,4201,1,770,Fashion,143,40,0.15,24,FALSE,43,50,33,Social Catalyst
882,10/2/2024,Tier4+,1682,3,623,Mixed,41,17,0.13,13,FALSE,12,42,28,Low-Engagement Reseller
883,3/9/2023,Tier3,8614,2,459,Home,63,18,0.12,26,FALSE,19,43,32,Niche Specialist
884,7/10/2023,Tier4+,12489,1,425,Fashion,125,38,0.09,14,TRUE,78,47,31,Social Catalyst
885,11/12/2024,Tier4+,4637,5,557,Fashion,102,29,0.06,1,FALSE,31,44,23,Social Catalyst
886,3/28/2024,Tier4+,2927,0,639,Fashion,3,5,0.12,310,FALSE,1,44,89,Low-Engagement Reseller
887,4/21/2024,Tier3,416,0,713,Home,1,3,0.07,274,FALSE,0,46,83,Low-Engagement Reseller
888,4/25/2023,Tier3,16752,2,539,Fashion,83,27,0.14,14,FALSE,25,54,30,Social Catalyst
889,2/2/2023,Tier2,13408,0,332,Fashion,3,2,0.09,186,FALSE,1,44,66,Ghost Reseller
890,4/6/2023,Tier3,3330,0,524,Fashion,4,6,0.14,314,TRUE,41,40,90,Low-Engagement Reseller
891,5/12/2023,Tier3,4574,0,371,Fashion,0,0,0.14,135,FALSE,0,36,56,Low-Engagement Reseller
892,8/5/2023,Tier4+,2798,1,608,Home,84,21,0.15,13,TRUE,65,43,31,Niche Specialist
893,8/20/2023,Tier2,5168,2,547,Fashion,144,39,0.07,12,FALSE,43,44,29,Social Catalyst
894,4/29/2023,Tier4+,5592,0,313,Fashion,0,0,0.13,148,FALSE,0,35,58,Ghost Reseller
895,8/5/2024,Tier4+,2720,0,418,Fashion,5,5,0.07,167,TRUE,42,37,62,Low-Engagement Reseller
896,8/11/2023,Tier3,1792,0,715,Home,3,5,0.11,304,FALSE,1,46,88,Low-Engagement Reseller
897,4/2/2024,Tier2,4756,0,502,Fashion,4,6,0.14,168,FALSE,1,41,62,Low-Engagement Reseller
898,8/30/2024,Tier4+,2773,3,430,Home,123,35,0.08,26,TRUE,77,37,30,Niche Specialist
899,12/28/2024,Tier4+,4658,1,773,Mixed,92,29,0.12,17,TRUE,68,51,32,Low-Engagement Reseller
900,11/3/2024,Tier3,41067,5,598,Beauty,75,23,0.13,12,TRUE,63,81,25,Super-Spreader
901,5/27/2023,Tier3,13330,0,721,Beauty,4,2,0.1,230,FALSE,1,58,74,Ghost Reseller
902,1/19/2024,Tier4+,4017,0,718,Home,3,5,0.07,333,FALSE,1,50,94,Niche Specialist
903,8/7/2024,Tier4+,3437,0,567,Fashion,1,0,0.08,35,TRUE,40,43,37,Low-Engagement Reseller
904,9/22/2024,Tier4+,23938,0,657,Fashion,2,2,0.06,298,FALSE,1,67,87,Ghost Reseller
905,12/13/2024,Tier3,7935,1,562,Home,172,53,0.14,27,FALSE,52,46,34,Niche Specialist
906,7/27/2023,Tier4+,51185,0,561,Mixed,2,0,0.05,277,FALSE,1,91,83,Ghost Reseller
907,2/10/2023,Tier3,2992,1,579,Fashion,57,21,0.05,5,TRUE,57,44,29,Social Catalyst
908,12/6/2023,Tier3,7439,2,733,Fashion,113,34,0.08,22,TRUE,74,53,31,Social Catalyst
909,5/9/2024,Tier3,7219,0,313,Fashion,0,0,0.05,234,TRUE,40,38,75,Ghost Reseller
910,2/28/2023,Tier4+,3387,0,466,Fashion,2,0,0.13,349,FALSE,1,38,97,Low-Engagement Reseller
911,4/21/2023,Tier3,7443,0,733,Home,2,0,0.09,342,TRUE,41,53,96,Ghost Reseller
912,12/20/2024,Tier3,2959,3,473,Home,190,58,0.12,1,FALSE,57,38,26,Niche Specialist
913,5/31/2024,Tier3,17070,0,670,Fashion,5,5,0.05,119,TRUE,42,61,53,Ghost Reseller
914,9/19/2024,Tier3,17228,0,506,Mixed,5,5,0.07,68,FALSE,2,55,43,Ghost Reseller
915,12/28/2023,Tier4+,20257,2,662,Mixed,120,32,0.12,22,FALSE,36,63,31,Low-Engagement Reseller
916,11/26/2023,Tier4+,7635,2,719,Fashion,82,28,0.14,20,TRUE,65,52,31,Social Catalyst
917,12/21/2024,Tier4+,8726,0,726,Home,1,0,0.13,79,FALSE,0,53,45,Ghost Reseller
918,11/2/2023,Tier2,1139,2,750,Home,155,48,0.07,9,TRUE,87,48,29,Low-Engagement Reseller
919,2/14/2023,Tier3,2581,0,405,Beauty,5,0,0.15,208,TRUE,42,35,70,Niche Specialist
920,4/4/2023,Tier3,1775,2,315,Beauty,150,48,0.11,12,FALSE,45,31,29,Low-Engagement Reseller
921,9/30/2023,Tier3,2733,2,758,Beauty,93,29,0.07,12,FALSE,28,50,29,Niche Specialist
922,12/26/2023,Tier4+,928,0,416,Home,3,0,0.14,182,TRUE,41,34,65,Low-Engagement Reseller
923,9/22/2024,Tier2,4505,1,687,Fashion,20,3,0.05,7,TRUE,46,49,30,Low-Engagement Reseller
924,11/21/2023,Tier2,2807,0,611,Fashion,5,0,0.05,230,TRUE,42,45,74,Low-Engagement Reseller
925,6/9/2024,Tier3,1745,0,353,Fashion,1,0,0.12,59,TRUE,40,33,41,Low-Engagement Reseller
926,4/30/2024,Tier4+,2078,0,680,Mixed,5,0,0.08,202,FALSE,2,46,69,Low-Engagement Reseller
927,5/20/2024,Tier2,1233,0,657,Home,0,3,0.14,225,FALSE,0,43,73,Low-Engagement Reseller
928,6/26/2024,Tier2,5156,0,659,Mixed,4,3,0.15,44,TRUE,41,47,38,Ghost Reseller
929,8/21/2023,Tier2,5396,2,611,Home,125,42,0.13,9,FALSE,38,46,29,Niche Specialist
930,6/14/2023,Tier2,22449,1,603,Fashion,46,9,0.07,18,TRUE,54,64,32,Low-Engagement Reseller
931,7/23/2024,Tier4+,827,0,612,Fashion,2,2,0.15,343,TRUE,41,41,96,Low-Engagement Reseller
932,1/23/2024,Tier3,1466,0,340,Fashion,2,0,0.05,90,TRUE,41,33,47,Low-Engagement Reseller
933,10/17/2024,Tier4+,15212,0,528,Home,1,0,0.13,185,FALSE,0,52,65,Ghost Reseller
934,4/20/2024,Tier4+,1059,0,714,Mixed,0,0,0.12,157,FALSE,0,45,60,Low-Engagement Reseller
935,7/23/2023,Tier3,1882,0,626,Fashion,4,6,0.06,180,TRUE,41,44,65,Low-Engagement Reseller
936,11/7/2024,Tier3,9220,2,381,Fashion,133,36,0.13,3,FALSE,40,41,28,Social Catalyst
937,4/14/2023,Tier3,5437,4,751,Fashion,138,40,0.15,13,TRUE,81,51,26,Social Catalyst
938,8/6/2024,Tier2,13676,0,740,Home,2,5,0.14,51,FALSE,1,59,40,Ghost Reseller
939,8/31/2023,Tier2,2880,2,431,Fashion,177,49,0.15,21,FALSE,53,36,31,Social Catalyst
940,10/13/2024,Tier2,2805,2,572,Fashion,181,50,0.14,13,TRUE,94,41,29,Social Catalyst
941,8/12/2024,Tier3,474,0,373,Home,2,2,0.12,190,FALSE,1,32,66,Low-Engagement Reseller
942,6/26/2024,Tier4+,2613,1,453,Fashion,130,40,0.06,9,TRUE,79,38,30,Social Catalyst
943,12/31/2023,Tier3,7803,0,704,Mixed,1,0,0.1,36,FALSE,0,52,37,Ghost Reseller
944,6/28/2023,Tier4+,30010,0,767,Home,2,6,0.13,332,FALSE,1,76,94,Ghost Reseller
945,9/26/2023,Tier3,2635,5,480,Fashion,192,62,0.11,28,TRUE,98,38,28,Social Catalyst
946,9/18/2024,Tier2,1609,3,325,Home,198,55,0.11,24,FALSE,59,32,30,Low-Engagement Reseller
947,6/2/2023,Tier3,2117,0,777,Fashion,3,0,0.15,239,FALSE,1,48,76,Low-Engagement Reseller
948,5/21/2023,Tier3,2158,2,706,Beauty,24,9,0.11,19,FALSE,7,46,31,Niche Specialist
949,5/15/2024,Tier3,3379,0,506,Fashion,1,5,0.09,257,FALSE,0,41,79,Low-Engagement Reseller
950,9/24/2023,Tier3,5166,2,784,Fashion,53,13,0.11,6,TRUE,56,52,28,Social Catalyst
951,4/1/2023,Tier4+,1392,0,480,Fashion,4,4,0.09,315,FALSE,1,38,90,Low-Engagement Reseller
952,9/5/2024,Tier3,5674,0,338,Fashion,0,5,0.14,338,TRUE,40,36,95,Ghost Reseller
953,2/5/2023,Tier4+,1692,2,485,Beauty,50,15,0.15,8,TRUE,55,37,29,Low-Engagement Reseller
954,6/26/2024,Tier3,2253,0,313,Fashion,2,0,0.13,151,FALSE,1,31,59,Low-Engagement Reseller
955,1/20/2024,Tier2,14724,0,556,Fashion,1,0,0.12,332,TRUE,40,53,94,Ghost Reseller
956,7/30/2023,Tier3,337,0,760,Home,2,6,0.11,95,FALSE,1,47,48,Low-Engagement Reseller
957,7/24/2023,Tier3,1228,0,699,Beauty,1,2,0.12,116,FALSE,0,45,52,Low-Engagement Reseller
958,4/17/2023,Tier4+,5832,0,533,Beauty,4,6,0.12,91,FALSE,1,43,47,Ghost Reseller
959,3/19/2023,Tier3,2878,0,554,Fashion,2,3,0.13,220,FALSE,1,41,72,Low-Engagement Reseller
960,4/25/2024,Tier4+,1227,0,480,Beauty,2,1,0.09,186,FALSE,1,37,66,Low-Engagement Reseller
961,11/9/2024,Tier3,7288,0,419,Fashion,5,7,0.09,215,FALSE,2,41,71,Ghost Reseller
962,10/3/2024,Tier2,8061,0,589,Home,0,0,0.1,261,FALSE,0,48,80,Ghost Reseller
963,5/26/2023,Tier4+,8113,0,603,Home,1,0,0.08,46,TRUE,40,49,39,Ghost Reseller
964,3/16/2023,Tier3,3451,0,569,Mixed,3,5,0.11,95,TRUE,41,43,48,Low-Engagement Reseller
965,6/28/2023,Tier3,5147,2,448,Fashion,82,21,0.08,16,FALSE,25,40,30,Social Catalyst
966,10/17/2023,Tier3,937,0,326,Fashion,4,1,0.05,239,FALSE,1,32,76,Low-Engagement Reseller
967,12/3/2024,Tier4+,1845,0,758,Fashion,1,4,0.13,273,TRUE,40,48,82,Low-Engagement Reseller
968,11/8/2024,Tier4+,1099,0,595,Home,2,0,0.13,116,FALSE,1,41,52,Low-Engagement Reseller
969,1/4/2023,Tier3,2475,0,368,Beauty,2,0,0.05,288,FALSE,1,35,85,Niche Specialist
970,8/23/2023,Tier3,21488,1,315,Fashion,51,18,0.06,2,FALSE,15,52,29,Social Catalyst
971,10/22/2023,Tier3,4785,1,582,Fashion,43,13,0.1,22,FALSE,13,45,33,Low-Engagement Reseller
972,8/18/2024,Tier4+,2975,0,347,Home,0,0,0.06,323,FALSE,0,35,92,Niche Specialist
973,6/1/2024,Tier4+,5334,0,581,Fashion,2,0,0.12,341,TRUE,41,45,95,Ghost Reseller
974,11/25/2024,Tier3,4181,0,589,Mixed,2,0,0.12,185,TRUE,41,44,65,Low-Engagement Reseller
975,7/22/2023,Tier2,2857,2,656,Fashion,176,49,0.08,5,FALSE,53,46,28,Social Catalyst
976,4/26/2024,Tier4+,6407,0,481,Mixed,1,0,0.11,54,FALSE,0,42,40,Ghost Reseller
977,1/8/2023,Tier4+,2887,2,326,Beauty,129,43,0.11,13,FALSE,39,33,29,Niche Specialist
978,4/3/2024,Tier4+,604,0,380,Home,2,5,0.15,90,FALSE,1,32,47,Low-Engagement Reseller
979,9/25/2023,Tier4+,510,0,407,Mixed,0,0,0.08,257,TRUE,40,34,79,Low-Engagement Reseller
980,4/3/2023,Tier4+,2445,1,470,Home,131,34,0.06,0,FALSE,39,39,29,Niche Specialist
981,11/1/2024,Tier2,1047,0,705,Fashion,5,4,0.06,167,FALSE,2,46,62,Low-Engagement Reseller
982,1/14/2023,Tier2,4056,0,571,Fashion,2,5,0.07,342,FALSE,1,44,96,Low-Engagement Reseller
983,3/21/2024,Tier3,4720,0,618,Fashion,0,5,0.11,164,FALSE,0,46,61,Low-Engagement Reseller
984,7/16/2024,Tier3,3381,0,408,Home,4,3,0.13,150,FALSE,1,36,59,Niche Specialist
985,3/17/2023,Tier2,25016,0,541,Home,1,0,0.09,209,FALSE,0,64,70,Ghost Reseller
986,1/17/2024,Tier3,2839,3,636,Home,24,10,0.05,15,FALSE,7,46,28,Niche Specialist
987,10/29/2023,Tier3,553,0,730,Home,2,3,0.1,345,FALSE,1,46,96,Low-Engagement Reseller
988,10/19/2024,Tier2,3386,0,523,Beauty,2,0,0.11,227,FALSE,1,41,74,Niche Specialist
989,8/14/2023,Tier4+,6816,0,795,Beauty,3,0,0.15,151,FALSE,1,54,59,Ghost Reseller
990,2/10/2023,Tier4+,1993,0,584,Fashion,1,3,0.06,50,FALSE,0,43,40,Low-Engagement Reseller
991,1/29/2023,Tier3,2393,1,446,Fashion,112,39,0.13,3,TRUE,74,37,29,Social Catalyst
992,11/2/2023,Tier2,7528,0,379,Fashion,4,2,0.05,261,TRUE,41,41,80,Ghost Reseller
993,8/17/2024,Tier2,765,1,703,Fashion,88,25,0.15,8,FALSE,26,44,30,Social Catalyst
994,12/12/2023,Tier4+,4727,1,529,Fashion,52,19,0.09,12,TRUE,56,43,31,Social Catalyst
995,8/7/2023,Tier4+,2002,4,560,Fashion,198,63,0.05,21,FALSE,59,42,28,Social Catalyst
996,7/26/2024,Tier4+,1042,0,578,Mixed,1,0,0.11,184,FALSE,0,41,65,Low-Engagement Reseller
997,3/4/2023,Tier4+,15040,0,694,Fashion,2,0,0.15,249,FALSE,1,58,78,Ghost Reseller
998,7/29/2024,Tier4+,53405,0,456,Fashion,2,0,0.08,80,TRUE,41,89,45,Ghost Reseller
999,5/26/2023,Tier2,2561,2,686,Home,76,27,0.13,12,TRUE,63,46,29,Niche Specialist
1000,9/10/2023,Tier3,4759,1,350,Fashion,78,27,0.11,10,TRUE,63,36,30,Social Catalyst
1001,5/4/2023,Tier2,9876,0,614,Home,0,3,0.07,231,FALSE,0,52,74,Ghost Reseller
1002,6/7/2023,Tier2,10001,0,415,Home,0,5,0.15,185,FALSE,0,43,65,Ghost Reseller
1003,2/27/2023,Tier3,1677,5,512,Mixed,155,49,0.09,27,FALSE,47,39,28,Low-Engagement Reseller
1004,7/14/2023,Tier2,6219,1,569,Fashion,79,20,0.07,25,FALSE,24,46,33,Social Catalyst
1005,2/19/2024,Tier3,2533,0,373,Fashion,2,0,0.11,100,FALSE,1,34,49,Low-Engagement Reseller
1006,7/5/2023,Tier4+,2303,1,428,Fashion,160,45,0.05,18,TRUE,88,37,32,Social Catalyst
1007,4/1/2024,Tier4+,2426,0,740,Mixed,2,1,0.13,243,TRUE,41,48,77,Low-Engagement Reseller
1008,4/5/2023,Tier2,2997,0,426,Home,2,6,0.11,87,FALSE,1,37,47,Niche Specialist
1009,5/8/2023,Tier3,4797,0,373,Fashion,1,2,0.12,191,TRUE,40,36,67,Low-Engagement Reseller
1010,5/7/2023,Tier3,2623,0,359,Fashion,2,3,0.06,47,FALSE,1,35,39,Low-Engagement Reseller
1011,11/22/2023,Tier3,3048,2,317,Fashion,181,49,0.15,14,TRUE,94,32,30,Social Catalyst
1012,10/17/2023,Tier2,4688,1,683,Beauty,70,19,0.09,15,FALSE,21,49,31,Niche Specialist
1013,9/7/2023,Tier3,24874,0,752,Beauty,4,5,0.12,352,FALSE,1,71,98,Ghost Reseller
1014,4/6/2024,Tier4+,13492,0,420,Fashion,1,0,0.09,61,TRUE,40,47,42,Ghost Reseller
1015,12/18/2024,Tier4+,1695,2,615,Beauty,37,12,0.1,30,FALSE,11,43,33,Low-Engagement Reseller
1016,10/14/2024,Tier2,1705,3,600,Home,83,20,0.05,16,TRUE,65,43,29,Low-Engagement Reseller
1017,1/19/2024,Tier3,3516,0,781,Home,3,5,0.15,43,TRUE,41,50,38,Niche Specialist
1018,9/10/2024,Tier2,2338,1,786,Fashion,159,51,0.11,24,FALSE,48,50,33,Social Catalyst
1019,6/12/2024,Tier3,1609,0,534,Home,0,4,0.13,321,FALSE,0,39,92,Low-Engagement Reseller
1020,2/17/2024,Tier4+,2869,0,774,Fashion,4,0,0.12,316,FALSE,1,49,91,Low-Engagement Reseller
1021,2/4/2024,Tier3,1017,1,496,Home,89,22,0.11,14,FALSE,27,37,31,Low-Engagement Reseller
1022,11/26/2024,Tier3,8858,5,740,Fashion,89,25,0.08,6,TRUE,67,55,24,Social Catalyst
1023,12/1/2024,Tier4+,2516,0,456,Beauty,3,3,0.15,197,FALSE,1,37,68,Niche Specialist
1024,5/15/2023,Tier3,4161,2,766,Fashion,98,33,0.12,18,FALSE,29,50,30,Social Catalyst
1025,9/17/2023,Tier3,16264,0,436,Beauty,5,7,0.12,266,FALSE,2,50,81,Ghost Reseller
1026,9/26/2024,Tier2,5785,5,461,Fashion,16,5,0.15,18,TRUE,45,40,26,Low-Engagement Reseller
1027,7/14/2023,Tier3,2049,1,756,Fashion,87,27,0.15,25,FALSE,26,47,33,Social Catalyst
1028,5/1/2023,Tier4+,1958,3,413,Fashion,138,41,0.06,12,TRUE,81,36,28,Social Catalyst
1029,6/7/2023,Tier2,1669,0,650,Home,1,0,0.12,356,FALSE,0,44,98,Low-Engagement Reseller
1030,4/22/2024,Tier2,2237,0,783,Fashion,5,3,0.13,80,FALSE,2,49,45,Low-Engagement Reseller
1031,4/21/2023,Tier3,679,0,366,Fashion,4,2,0.08,131,FALSE,1,33,55,Low-Engagement Reseller
1032,9/2/2024,Tier3,37576,0,638,Fashion,0,3,0.07,60,FALSE,0,80,42,Ghost Reseller
1033,4/10/2024,Tier2,2806,1,726,Fashion,160,52,0.08,28,FALSE,48,48,34,Social Catalyst
1034,7/11/2024,Tier3,7352,0,310,Beauty,2,1,0.08,251,FALSE,1,37,78,Ghost Reseller
1035,4/15/2023,Tier3,2322,0,752,Fashion,0,0,0.11,84,FALSE,0,48,46,Low-Engagement Reseller
1036,4/20/2024,Tier2,24034,3,610,Fashion,142,39,0.07,14,FALSE,43,66,28,Social Catalyst
1037,9/12/2024,Tier4+,2719,0,627,Fashion,1,0,0.1,115,FALSE,0,44,52,Low-Engagement Reseller
1038,7/15/2024,Tier3,7501,2,642,Home,89,24,0.07,27,TRUE,67,50,32,Niche Specialist
1039,6/5/2024,Tier4+,1018,0,318,Home,4,0,0.15,340,FALSE,1,30,95,Low-Engagement Reseller
1040,3/14/2023,Tier2,1352,0,475,Fashion,2,2,0.13,98,FALSE,1,37,49,Low-Engagement Reseller
1041,8/24/2023,Tier3,1856,0,442,Fashion,3,5,0.14,339,FALSE,1,36,95,Low-Engagement Reseller
1042,7/3/2024,Tier4+,1551,0,342,Beauty,2,0,0.14,146,TRUE,41,32,58,Low-Engagement Reseller
1043,6/28/2023,Tier4+,5210,1,529,Home,89,32,0.07,2,FALSE,27,44,29,Niche Specialist
1044,10/15/2024,Tier4+,2311,2,447,Fashion,92,25,0.05,30,TRUE,68,38,33,Social Catalyst
1045,9/22/2024,Tier2,1974,0,672,Mixed,2,0,0.05,115,FALSE,1,46,52,Low-Engagement Reseller
1046,9/3/2024,Tier3,2105,2,686,Fashion,176,56,0.12,26,FALSE,53,45,32,Social Catalyst
1047,12/12/2023,Tier2,4572,0,539,Home,3,2,0.05,77,FALSE,1,44,45,Niche Specialist
1048,7/22/2024,Tier2,1820,0,513,Beauty,3,0,0.08,162,TRUE,41,39,61,Low-Engagement Reseller
1049,11/14/2024,Tier2,6519,0,560,Beauty,0,0,0.14,334,FALSE,0,45,94,Ghost Reseller
1050,8/14/2023,Tier3,4299,0,539,Home,3,0,0.1,342,FALSE,1,43,96,Niche Specialist
1051,8/30/2023,Tier4+,2807,5,587,Home,183,53,0.08,7,TRUE,95,43,24,Niche Specialist
1052,5/27/2024,Tier3,2825,5,490,Fashion,66,17,0.08,26,TRUE,60,40,27,Social Catalyst
1053,3/16/2023,Tier4+,6822,0,722,Fashion,0,4,0.11,325,TRUE,40,52,92,Ghost Reseller
1054,2/18/2024,Tier2,1197,15,792,Home,144,43,0.07,20,TRUE,83,49,11,Low-Engagement Reseller
1055,5/8/2024,Tier4+,4351,0,656,Fashion,2,0,0.13,92,FALSE,1,46,48,Low-Engagement Reseller
1056,5/18/2024,Tier3,807,7,571,Home,62,19,0.08,11,FALSE,19,41,22,Low-Engagement Reseller
1057,12/8/2023,Tier3,1052,0,775,Fashion,2,0,0.15,47,TRUE,41,47,39,Low-Engagement Reseller
1058,6/15/2023,Tier3,808,0,524,Beauty,5,4,0.12,35,TRUE,42,38,37,Low-Engagement Reseller
1059,6/27/2023,Tier2,5849,5,518,Fashion,155,46,0.13,7,FALSE,47,43,24,Social Catalyst
1060,11/10/2024,Tier2,1097,2,735,Beauty,154,45,0.05,21,FALSE,46,48,31,Low-Engagement Reseller
1061,11/3/2024,Tier3,13220,5,763,Mixed,160,50,0.08,18,FALSE,48,60,26,Super-Spreader
1062,5/25/2023,Tier2,12634,0,540,Fashion,2,0,0.14,119,TRUE,41,50,53,Ghost Reseller
1063,9/17/2024,Tier4+,574,0,450,Home,4,6,0.1,334,TRUE,41,35,94,Low-Engagement Reseller
1064,7/20/2023,Tier3,1134,0,386,Mixed,5,0,0.08,163,FALSE,2,34,61,Low-Engagement Reseller
1065,4/23/2023,Tier2,2347,2,495,Beauty,21,4,0.11,3,FALSE,6,39,28,Niche Specialist
1066,3/31/2023,Tier3,7167,0,460,Beauty,4,3,0.11,223,FALSE,1,42,73,Ghost Reseller
1067,11/5/2023,Tier3,1274,4,330,Beauty,20,10,0.09,1,TRUE,46,32,24,Low-Engagement Reseller
1068,12/20/2024,Tier2,550,0,361,Mixed,5,1,0.11,94,FALSE,2,32,48,Low-Engagement Reseller
1069,5/10/2023,Tier2,2302,0,491,Fashion,1,5,0.11,184,FALSE,0,39,65,Low-Engagement Reseller
1070,4/2/2024,Tier3,2528,0,349,Fashion,4,0,0.08,169,TRUE,41,34,62,Low-Engagement Reseller
1071,1/19/2023,Tier4+,5062,1,601,Beauty,190,53,0.05,9,FALSE,57,47,30,Niche Specialist
1072,12/22/2023,Tier3,10059,2,507,Fashion,53,16,0.13,16,FALSE,16,46,30,Social Catalyst
1073,10/10/2024,Tier4+,4739,2,694,Fashion,101,34,0.07,17,FALSE,30,49,30,Social Catalyst
1074,5/4/2024,Tier3,3166,0,363,Home,2,3,0.07,323,FALSE,1,35,92,Niche Specialist
1075,4/13/2024,Tier3,1413,1,539,Fashion,65,15,0.06,27,FALSE,20,40,34,Social Catalyst
1076,5/27/2023,Tier3,3506,0,679,Fashion,0,0,0.08,236,FALSE,0,47,75,Low-Engagement Reseller
1077,1/15/2024,Tier3,12320,0,677,Fashion,2,6,0.1,60,FALSE,1,56,42,Ghost Reseller
1078,12/8/2023,Tier2,738,2,455,Home,14,9,0.13,29,TRUE,44,35,33,Low-Engagement Reseller
1079,3/13/2023,Tier3,4950,0,374,Fashion,0,3,0.05,45,TRUE,40,38,39,Low-Engagement Reseller
1080,5/5/2023,Tier2,2626,0,781,Fashion,0,0,0.14,242,TRUE,40,49,76,Low-Engagement Reseller
1081,12/29/2023,Tier3,2205,0,525,Beauty,0,0,0.15,132,TRUE,40,39,55,Niche Specialist
1082,8/5/2024,Tier3,678,0,403,Home,1,5,0.06,180,FALSE,0,35,65,Low-Engagement Reseller
1083,6/24/2023,Tier3,549,2,671,Beauty,98,30,0.14,23,TRUE,69,43,31,Low-Engagement Reseller
1084,1/27/2024,Tier4+,1646,0,354,Home,1,0,0.13,89,FALSE,0,32,47,Low-Engagement Reseller
1085,4/16/2023,Tier3,14235,5,338,Fashion,198,54,0.07,10,FALSE,59,46,24,Super-Spreader
1086,9/8/2023,Tier3,6756,0,540,Fashion,4,0,0.1,334,FALSE,1,45,94,Ghost Reseller
1087,8/25/2024,Tier4+,2179,0,793,Fashion,2,0,0.05,361,FALSE,1,51,99,Low-Engagement Reseller
1088,2/12/2023,Tier3,1649,2,500,Home,54,17,0.05,17,FALSE,16,39,30,Low-Engagement Reseller
1089,5/25/2023,Tier3,1429,1,477,Fashion,157,47,0.1,17,TRUE,87,37,32,Social Catalyst
1090,9/21/2023,Tier2,1164,0,416,Home,4,0,0.15,171,FALSE,1,34,63,Low-Engagement Reseller
1091,10/21/2023,Tier3,4351,0,403,Fashion,0,0,0.09,77,FALSE,0,38,45,Low-Engagement Reseller
1092,12/29/2023,Tier3,11266,0,622,Fashion,2,0,0.14,58,TRUE,41,52,41,Ghost Reseller
1093,7/10/2023,Tier4+,1428,0,795,Fashion,1,1,0.07,132,TRUE,40,50,55,Low-Engagement Reseller
1094,9/15/2023,Tier3,5323,0,723,Mixed,1,2,0.06,189,FALSE,0,51,66,Ghost Reseller
1095,1/19/2023,Tier3,3946,0,314,Home,5,0,0.05,270,FALSE,2,35,82,Niche Specialist
1096,12/22/2023,Tier3,1246,0,338,Fashion,1,0,0.07,144,TRUE,40,33,58,Low-Engagement Reseller
1097,1/29/2024,Tier4+,15339,1,404,Home,182,50,0.12,2,FALSE,55,48,29,Niche Specialist
1098,9/18/2023,Tier4+,3439,1,528,Fashion,120,41,0.05,28,TRUE,76,42,34,Social Catalyst
1099,4/19/2023,Tier4+,5856,0,560,Fashion,0,0,0.08,337,FALSE,0,45,95,Ghost Reseller
1100,5/4/2024,Tier4+,1578,0,445,Home,1,2,0.05,31,TRUE,40,37,36,Low-Engagement Reseller
1101,1/3/2024,Tier2,1891,0,638,Home,3,0,0.07,191,TRUE,41,44,67,Low-Engagement Reseller
1102,11/20/2024,Tier2,997,0,656,Fashion,2,0,0.14,78,TRUE,41,43,45,Low-Engagement Reseller
1103,4/29/2024,Tier4+,15692,0,795,Home,1,2,0.07,142,FALSE,0,64,57,Ghost Reseller
1104,11/16/2024,Tier4+,21263,1,479,Fashion,17,1,0.13,9,TRUE,45,57,30,Low-Engagement Reseller
1105,8/22/2023,Tier4+,3117,2,651,Fashion,138,39,0.06,2,TRUE,81,46,27,Social Catalyst
1106,11/12/2023,Tier4+,2958,0,302,Fashion,2,0,0.08,350,TRUE,41,33,97,Low-Engagement Reseller
1107,7/21/2024,Tier4+,1021,0,468,Home,2,6,0.11,249,TRUE,41,36,78,Low-Engagement Reseller
1108,10/7/2024,Tier4+,11053,0,320,Home,3,0,0.13,174,FALSE,1,40,63,Ghost Reseller
1109,12/5/2023,Tier2,8510,2,384,Home,94,28,0.07,11,FALSE,28,42,29,Niche Specialist
1110,7/25/2024,Tier2,1705,3,482,Mixed,109,28,0.05,1,FALSE,33,39,26,Low-Engagement Reseller
1111,1/5/2023,Tier2,10267,1,419,Fashion,145,46,0.11,23,FALSE,44,44,33,Social Catalyst
1112,8/8/2023,Tier3,1968,0,644,Fashion,3,0,0.15,84,TRUE,41,43,46,Low-Engagement Reseller
1113,9/19/2023,Tier3,2999,0,590,Mixed,1,1,0.11,268,TRUE,40,43,81,Low-Engagement Reseller
1114,11/12/2024,Tier4+,3079,0,794,Fashion,2,5,0.1,36,FALSE,1,51,37,Low-Engagement Reseller
1115,3/28/2023,Tier4+,1932,1,487,Fashion,72,26,0.09,10,FALSE,22,38,30,Social Catalyst
1116,8/12/2023,Tier3,2379,3,608,Home,92,26,0.11,26,FALSE,28,43,30,Niche Specialist
1117,5/2/2024,Tier3,19314,0,480,Fashion,0,0,0.15,256,TRUE,40,54,79,Ghost Reseller
1118,11/13/2023,Tier3,18866,4,470,Home,167,47,0.09,5,TRUE,90,55,25,Niche Specialist
1119,6/10/2023,Tier2,28920,0,529,Fashion,0,0,0.07,53,FALSE,0,67,40,Ghost Reseller
1120,8/18/2023,Tier2,9735,0,339,Home,3,5,0.13,311,TRUE,41,40,90,Ghost Reseller
1121,4/6/2024,Tier2,10879,1,463,Home,190,57,0.07,18,TRUE,97,47,32,Niche Specialist
1122,6/28/2023,Tier3,251,0,560,Fashion,5,0,0.09,174,TRUE,42,39,63,Low-Engagement Reseller
1123,9/13/2024,Tier2,4021,0,661,Fashion,5,0,0.13,59,FALSE,2,46,41,Low-Engagement Reseller
1124,12/2/2024,Tier4+,24497,1,601,Home,148,40,0.12,17,FALSE,44,65,32,Niche Specialist
1125,12/25/2024,Tier4+,9204,1,515,Beauty,195,64,0.08,22,FALSE,59,47,33,Niche Specialist
1126,3/15/2023,Tier3,380,0,648,Fashion,4,2,0.11,349,FALSE,1,42,97,Low-Engagement Reseller
1127,2/7/2023,Tier4+,8843,0,401,Fashion,5,0,0.12,109,TRUE,42,41,51,Ghost Reseller
1128,12/26/2024,Tier3,2144,0,642,Fashion,3,0,0.11,281,FALSE,1,44,84,Low-Engagement Reseller
1129,12/20/2023,Tier2,7138,0,454,Fashion,2,5,0.15,302,FALSE,1,41,88,Ghost Reseller
1130,5/3/2024,Tier3,6021,1,768,Beauty,41,12,0.1,0,TRUE,52,53,29,Niche Specialist
1131,10/26/2023,Tier3,5401,0,750,Fashion,0,5,0.15,197,TRUE,40,51,68,Ghost Reseller
1132,12/5/2024,Tier4+,9355,1,706,Fashion,130,38,0.06,15,FALSE,39,55,31,Social Catalyst
1133,10/27/2023,Tier3,15082,0,693,Fashion,5,0,0.1,342,TRUE,42,59,96,Ghost Reseller
1134,7/17/2023,Tier3,4196,0,435,Beauty,1,1,0.1,166,TRUE,40,39,62,Niche Specialist
1135,2/2/2023,Tier4+,4099,1,347,Fashion,42,10,0.1,8,FALSE,13,35,30,Low-Engagement Reseller
1136,9/3/2024,Tier2,2504,0,455,Home,4,1,0.12,196,TRUE,41,37,68,Niche Specialist
1137,9/3/2023,Tier4+,1075,5,491,Fashion,11,0,0.06,5,FALSE,3,38,23,Low-Engagement Reseller
1138,12/6/2024,Tier3,4481,0,327,Beauty,0,0,0.11,40,TRUE,40,35,38,Niche Specialist
1139,11/2/2023,Tier3,8636,0,799,Fashion,1,3,0.13,297,FALSE,0,56,87,Ghost Reseller
1140,6/6/2023,Tier2,185,1,538,Mixed,39,9,0.09,16,TRUE,52,39,32,Low-Engagement Reseller
1141,5/25/2024,Tier4+,2796,1,614,Home,101,27,0.1,2,FALSE,30,44,29,Niche Specialist
1142,7/23/2024,Tier3,1314,1,319,Home,156,51,0.14,21,TRUE,87,30,33,Low-Engagement Reseller
1143,6/7/2023,Tier4+,14493,4,513,Mixed,125,40,0.14,21,FALSE,38,51,28,Low-Engagement Reseller
1144,11/30/2023,Tier3,702,0,637,Beauty,1,0,0.12,226,TRUE,40,42,73,Low-Engagement Reseller
1145,7/22/2023,Tier3,1023,2,797,Beauty,191,62,0.11,12,FALSE,57,49,29,Low-Engagement Reseller
1146,8/31/2023,Tier3,2070,0,425,Home,0,1,0.08,85,FALSE,0,36,46,Niche Specialist
1147,7/14/2024,Tier3,1924,0,723,Home,1,3,0.13,203,FALSE,0,46,69,Low-Engagement Reseller
1148,1/24/2024,Tier3,6821,0,789,Beauty,4,1,0.1,66,FALSE,1,54,43,Ghost Reseller
1149,12/16/2024,Tier3,1899,1,730,Home,180,59,0.14,18,TRUE,94,46,32,Low-Engagement Reseller
1150,6/13/2024,Tier3,6030,2,611,Mixed,88,24,0.1,11,FALSE,26,47,29,Low-Engagement Reseller
1151,1/7/2024,Tier3,18865,0,743,Home,2,1,0.08,72,TRUE,41,65,44,Ghost Reseller
1152,5/20/2023,Tier4+,13882,2,495,Fashion,163,46,0.12,19,FALSE,49,50,31,Social Catalyst
1153,12/1/2023,Tier4+,2908,0,346,Fashion,4,0,0.06,46,FALSE,1,35,39,Low-Engagement Reseller
1154,9/28/2023,Tier3,8987,0,504,Home,5,7,0.07,234,FALSE,2,46,75,Ghost Reseller
1155,7/11/2024,Tier3,4428,4,523,Fashion,186,59,0.13,0,FALSE,56,41,24,Social Catalyst
1156,6/16/2023,Tier2,5258,2,513,Fashion,96,27,0.09,0,FALSE,29,43,27,Social Catalyst
1157,9/9/2023,Tier3,7720,0,554,Fashion,4,6,0.09,51,TRUE,41,47,40,Ghost Reseller
1158,3/26/2023,Tier3,936,0,575,Home,5,0,0.05,276,TRUE,42,41,83,Low-Engagement Reseller
1159,12/23/2024,Tier4+,29806,0,625,Fashion,1,1,0.12,131,FALSE,0,71,55,Ghost Reseller
1160,5/9/2024,Tier4+,2521,1,423,Beauty,10,6,0.06,5,FALSE,3,37,29,Niche Specialist
1161,11/3/2023,Tier2,1187,0,509,Beauty,1,0,0.1,236,FALSE,0,38,75,Low-Engagement Reseller
1162,6/8/2024,Tier2,1706,1,763,Beauty,173,48,0.13,29,FALSE,52,48,34,Low-Engagement Reseller
1163,3/24/2023,Tier3,1991,0,719,Fashion,4,0,0.13,124,FALSE,1,46,54,Low-Engagement Reseller
1164,10/4/2024,Tier3,925,0,706,Beauty,3,0,0.08,207,FALSE,1,46,70,Low-Engagement Reseller
1165,10/18/2023,Tier4+,6684,2,688,Fashion,147,42,0.15,4,TRUE,84,49,28,Social Catalyst
1166,9/18/2024,Tier3,987,4,537,Fashion,10,0,0.06,5,TRUE,43,40,25,Low-Engagement Reseller
1167,12/3/2023,Tier2,2766,2,569,Fashion,184,59,0.11,3,TRUE,95,42,28,Social Catalyst
1168,6/1/2023,Tier4+,5119,0,302,Beauty,3,0,0.12,63,FALSE,1,34,42,Ghost Reseller
1169,1/2/2023,Tier3,15942,0,762,Fashion,4,0,0.15,231,TRUE,41,62,74,Ghost Reseller
1170,8/10/2023,Tier4+,2835,0,302,Fashion,1,4,0.15,257,FALSE,0,31,79,Low-Engagement Reseller
1171,3/22/2024,Tier4+,16729,0,626,Fashion,5,0,0.1,117,TRUE,42,58,52,Ghost Reseller
1172,5/3/2024,Tier3,3117,0,414,Fashion,5,1,0.09,274,FALSE,2,37,83,Low-Engagement Reseller
1173,6/17/2024,Tier2,3627,5,787,Home,61,18,0.12,19,FALSE,18,51,26,Niche Specialist
1174,2/12/2023,Tier4+,3428,0,574,Fashion,4,3,0.08,58,TRUE,41,43,41,Low-Engagement Reseller
1175,8/1/2024,Tier2,1002,2,524,Fashion,145,43,0.07,2,TRUE,84,39,27,Social Catalyst
1176,3/3/2023,Tier3,3524,2,382,Fashion,74,22,0.05,28,FALSE,22,37,32,Social Catalyst
1177,2/21/2024,Tier4+,930,4,582,Home,184,56,0.12,22,FALSE,55,40,28,Low-Engagement Reseller
1178,5/27/2024,Tier2,1805,2,557,Fashion,126,41,0.09,22,FALSE,38,41,31,Social Catalyst
1179,10/25/2024,Tier3,3564,0,427,Fashion,5,0,0.14,293,FALSE,2,37,86,Low-Engagement Reseller
1180,1/25/2024,Tier3,693,0,684,Fashion,4,4,0.13,142,TRUE,41,44,57,Low-Engagement Reseller
1181,8/4/2024,Tier2,10890,0,597,Fashion,1,1,0.14,285,TRUE,40,50,85,Ghost Reseller
1182,4/17/2023,Tier3,1586,2,419,Home,24,4,0.14,7,TRUE,47,34,28,Low-Engagement Reseller
1183,7/6/2024,Tier3,2583,2,553,Fashion,173,50,0.11,17,FALSE,52,41,30,Social Catalyst
1184,8/28/2023,Tier3,15240,0,348,Fashion,3,5,0.06,80,TRUE,41,47,45,Ghost Reseller
1185,6/1/2024,Tier3,13902,0,375,Fashion,4,4,0.05,103,TRUE,41,47,50,Ghost Reseller
1186,3/12/2023,Tier3,1452,0,477,Fashion,2,0,0.09,301,FALSE,1,38,88,Low-Engagement Reseller
1187,12/8/2023,Tier4+,9605,0,690,Fashion,5,0,0.08,32,FALSE,2,54,36,Ghost Reseller
1188,2/26/2024,Tier3,7313,0,687,Home,5,2,0.08,87,FALSE,2,51,47,Ghost Reseller
1189,9/22/2024,Tier2,2180,0,441,Fashion,1,3,0.12,91,TRUE,40,36,47,Low-Engagement Reseller
1190,11/9/2024,Tier4+,8203,2,631,Fashion,180,49,0.13,21,FALSE,54,49,31,Social Catalyst
1191,11/27/2024,Tier3,2622,1,478,Fashion,17,7,0.1,23,FALSE,5,39,33,Low-Engagement Reseller
1192,3/10/2023,Tier2,2777,0,751,Fashion,4,3,0.15,44,TRUE,41,48,38,Low-Engagement Reseller
1193,6/24/2023,Tier3,2369,2,550,Beauty,162,51,0.08,17,TRUE,89,41,30,Niche Specialist
1194,1/20/2023,Tier4+,13597,0,409,Fashion,4,0,0.15,259,TRUE,41,46,80,Ghost Reseller
1195,2/1/2024,Tier2,31745,0,685,Fashion,2,0,0.13,354,TRUE,41,75,98,Ghost Reseller
1196,8/27/2023,Tier4+,709,3,606,Fashion,161,47,0.11,28,TRUE,88,41,31,Social Catalyst
1197,11/15/2024,Tier3,8426,1,641,Fashion,120,39,0.06,13,FALSE,36,51,31,Social Catalyst
1198,8/22/2024,Tier3,2252,0,440,Fashion,2,6,0.08,151,FALSE,1,37,59,Low-Engagement Reseller
1199,12/3/2023,Tier3,17768,0,563,Fashion,2,0,0.07,187,FALSE,1,57,66,Ghost Reseller
1200,10/31/2024,Tier2,2091,0,705,Fashion,5,0,0.15,353,FALSE,2,46,98,Low-Engagement Reseller
1201,4/25/2023,Tier2,3919,2,646,Fashion,66,20,0.11,0,TRUE,60,46,27,Social Catalyst
1202,8/12/2023,Tier3,3379,0,643,Fashion,2,5,0.05,109,TRUE,41,46,51,Low-Engagement Reseller
1203,10/16/2023,Tier2,819,2,720,Beauty,60,21,0.1,20,TRUE,58,46,31,Low-Engagement Reseller
1204,8/21/2023,Tier3,3349,0,538,Beauty,1,0,0.07,171,FALSE,0,42,63,Niche Specialist
1205,5/17/2024,Tier4+,1215,3,566,Home,98,27,0.11,29,TRUE,69,40,31,Low-Engagement Reseller
1206,2/1/2024,Tier4+,7915,0,323,Home,5,6,0.06,158,FALSE,2,39,60,Ghost Reseller
1207,10/29/2023,Tier3,755,0,337,Fashion,0,3,0.11,344,FALSE,0,31,96,Low-Engagement Reseller
1208,9/13/2023,Tier2,1939,1,500,Fashion,143,41,0.14,22,FALSE,43,38,33,Social Catalyst
1209,9/20/2023,Tier4+,2244,1,315,Beauty,33,14,0.08,8,FALSE,10,32,30,Niche Specialist
1210,6/5/2023,Tier4+,6641,0,373,Beauty,2,4,0.1,208,FALSE,1,39,70,Ghost Reseller
1211,6/28/2024,Tier3,2664,0,563,Mixed,4,3,0.12,298,TRUE,41,41,87,Low-Engagement Reseller
1212,11/1/2024,Tier2,11659,0,578,Fashion,3,0,0.12,317,FALSE,1,51,91,Ghost Reseller
1213,11/17/2024,Tier4+,21511,0,504,Beauty,3,0,0.15,255,FALSE,1,57,79,Ghost Reseller
1214,1/2/2024,Tier3,1788,0,740,Fashion,4,0,0.11,58,FALSE,1,47,41,Low-Engagement Reseller
1215,2/26/2024,Tier4+,938,0,555,Home,5,0,0.05,76,FALSE,2,41,45,Low-Engagement Reseller
1216,6/20/2023,Tier3,82044,0,482,Home,0,0,0.07,108,FALSE,0,119,51,Ghost Reseller
1217,2/9/2024,Tier4+,5997,1,440,Home,38,14,0.08,25,TRUE,51,41,33,Niche Specialist
1218,10/12/2024,Tier3,2558,0,587,Mixed,5,4,0.15,290,FALSE,2,42,86,Low-Engagement Reseller
1219,5/29/2023,Tier3,4977,0,777,Fashion,1,0,0.07,127,FALSE,0,53,54,Low-Engagement Reseller
1220,4/5/2023,Tier2,1968,0,598,Beauty,5,5,0.14,195,FALSE,2,42,67,Low-Engagement Reseller
1221,5/31/2024,Tier3,11345,0,425,Home,4,0,0.12,195,FALSE,1,45,67,Ghost Reseller
1222,3/20/2023,Tier2,5225,0,357,Fashion,1,5,0.13,222,TRUE,40,36,73,Ghost Reseller
1223,3/12/2023,Tier3,4100,0,765,Fashion,1,0,0.07,186,FALSE,0,51,66,Low-Engagement Reseller
1224,11/25/2024,Tier3,7832,5,671,Mixed,16,2,0.14,23,FALSE,5,50,27,Low-Engagement Reseller
1225,1/14/2024,Tier3,903,0,484,Fashion,4,2,0.07,287,TRUE,41,38,85,Low-Engagement Reseller
1226,12/15/2023,Tier2,2319,0,332,Home,4,0,0.13,304,TRUE,41,32,88,Niche Specialist
1227,8/10/2024,Tier3,6259,0,524,Fashion,4,0,0.06,72,TRUE,41,45,44,Ghost Reseller
1228,8/25/2024,Tier3,2065,2,458,Fashion,102,29,0.08,20,FALSE,31,38,31,Social Catalyst
1229,12/1/2023,Tier3,792,2,415,Fashion,116,30,0.07,0,FALSE,35,35,27,Social Catalyst
1230,4/13/2023,Tier4+,9818,0,730,Fashion,3,2,0.09,244,FALSE,1,55,77,Ghost Reseller
1231,3/22/2024,Tier3,1252,5,469,Beauty,66,23,0.09,6,FALSE,20,37,24,Low-Engagement Reseller
1232,1/4/2023,Tier4+,2798,2,407,Beauty,178,57,0.09,30,FALSE,53,36,33,Niche Specialist
1233,6/26/2023,Tier3,1174,0,418,Beauty,4,0,0.11,308,FALSE,1,35,89,Low-Engagement Reseller
1234,8/24/2023,Tier2,5229,0,428,Fashion,1,0,0.08,112,TRUE,40,40,51,Ghost Reseller
1235,8/22/2023,Tier3,1636,0,336,Home,5,0,0.12,304,FALSE,2,32,88,Low-Engagement Reseller
1236,6/7/2023,Tier3,1820,0,588,Home,5,7,0.09,192,FALSE,2,42,67,Low-Engagement Reseller
1237,3/3/2024,Tier2,11462,0,335,Home,4,0,0.15,176,FALSE,1,41,64,Ghost Reseller
1238,1/26/2024,Tier3,5227,2,504,Home,157,49,0.15,20,FALSE,47,41,31,Niche Specialist
1239,10/15/2024,Tier4+,22311,4,672,Fashion,197,61,0.11,14,FALSE,59,65,27,Social Catalyst
1240,12/25/2024,Tier3,7319,0,365,Fashion,0,1,0.12,73,TRUE,40,39,44,Ghost Reseller
1241,8/23/2023,Tier3,19998,2,497,Beauty,140,42,0.14,10,FALSE,42,56,29,Niche Specialist
1242,7/19/2024,Tier4+,14239,2,611,Home,104,31,0.07,24,TRUE,71,56,32,Niche Specialist
1243,9/30/2024,Tier4+,15339,0,746,Mixed,3,0,0.07,121,FALSE,1,62,53,Ghost Reseller
1244,1/6/2023,Tier4+,5504,0,381,Mixed,0,2,0.11,315,FALSE,0,38,90,Ghost Reseller
1245,1/17/2023,Tier3,13102,0,697,Fashion,1,2,0.09,189,FALSE,0,57,66,Ghost Reseller
1246,2/10/2023,Tier3,15357,0,352,Fashion,4,5,0.13,231,FALSE,1,46,74,Ghost Reseller
1247,11/5/2023,Tier3,5167,0,313,Mixed,5,2,0.14,237,TRUE,42,34,75,Ghost Reseller
1248,12/21/2023,Tier4+,2581,0,429,Fashion,3,5,0.13,255,FALSE,1,36,79,Low-Engagement Reseller
1249,9/20/2023,Tier3,3389,0,557,Home,0,0,0.11,241,TRUE,40,42,76,Niche Specialist
1250,1/14/2024,Tier3,3535,0,309,Fashion,0,0,0.09,336,TRUE,40,33,94,Low-Engagement Reseller
1251,12/26/2024,Tier3,650,4,666,Fashion,25,8,0.14,23,TRUE,48,43,28,Low-Engagement Reseller
1252,1/27/2023,Tier4+,6172,3,543,Mixed,141,40,0.07,10,FALSE,42,45,27,Low-Engagement Reseller
1253,8/27/2024,Tier3,355,0,446,Fashion,0,2,0.07,268,TRUE,40,36,81,Low-Engagement Reseller
1254,5/31/2023,Tier4+,1451,0,679,Fashion,1,4,0.05,184,TRUE,40,46,65,Low-Engagement Reseller
1255,1/22/2024,Tier4+,2643,0,635,Fashion,5,0,0.07,208,FALSE,2,45,70,Low-Engagement Reseller
1256,12/11/2023,Tier2,2834,0,464,Beauty,1,4,0.13,250,TRUE,40,38,78,Niche Specialist
1257,11/22/2023,Tier4+,8972,0,705,Mixed,5,3,0.11,256,FALSE,2,53,79,Ghost Reseller
1258,10/6/2023,Tier4+,1997,0,537,Fashion,0,1,0.08,40,TRUE,40,41,38,Low-Engagement Reseller
1259,3/21/2024,Tier4+,10973,1,662,Home,102,29,0.07,5,FALSE,31,54,29,Niche Specialist
1260,6/26/2024,Tier3,6189,13,778,Fashion,131,41,0.06,23,FALSE,39,54,15,Social Catalyst
1261,5/1/2023,Tier3,4463,3,401,Mixed,114,39,0.07,23,TRUE,74,38,30,Low-Engagement Reseller
1262,4/26/2024,Tier2,2195,0,565,Fashion,0,0,0.06,207,FALSE,0,42,70,Low-Engagement Reseller
1263,5/19/2023,Tier3,5598,0,789,Fashion,1,0,0.15,106,TRUE,40,52,50,Ghost Reseller
1264,11/13/2023,Tier2,3531,0,382,Fashion,0,2,0.08,317,FALSE,0,36,91,Low-Engagement Reseller
1265,8/3/2023,Tier3,13076,5,400,Fashion,143,41,0.09,9,FALSE,43,46,24,Super-Spreader
1266,7/23/2023,Tier3,9793,0,313,Fashion,1,3,0.15,296,FALSE,0,39,87,Ghost Reseller
1267,4/20/2024,Tier3,4755,2,358,Fashion,136,43,0.05,21,TRUE,81,37,31,Social Catalyst
1268,1/8/2023,Tier4+,2354,1,355,Fashion,163,45,0.08,18,FALSE,49,34,32,Social Catalyst
1269,8/30/2024,Tier2,12823,1,542,Fashion,142,41,0.11,9,TRUE,83,51,30,Social Catalyst
1270,3/22/2023,Tier4+,2780,16,770,Fashion,143,40,0.11,15,TRUE,83,49,9,Social Catalyst
1271,2/25/2023,Tier3,5718,0,569,Home,4,5,0.08,187,FALSE,1,45,66,Ghost Reseller
1272,8/26/2024,Tier4+,22124,1,768,Home,165,49,0.13,22,TRUE,90,68,33,Niche Specialist
1273,7/27/2023,Tier4+,8128,1,413,Fashion,37,8,0.14,5,TRUE,51,41,29,Low-Engagement Reseller
1274,10/19/2023,Tier3,3997,0,530,Fashion,2,0,0.05,341,FALSE,1,43,95,Low-Engagement Reseller
1275,10/30/2023,Tier4+,4431,0,439,Fashion,3,0,0.13,206,FALSE,1,38,70,Low-Engagement Reseller
1276,3/26/2024,Tier3,8863,2,369,Fashion,159,50,0.07,0,FALSE,48,41,27,Social Catalyst
1277,1/19/2024,Tier4+,3565,0,552,Home,2,4,0.07,122,TRUE,41,43,53,Niche Specialist
1278,8/3/2023,Tier4+,2180,0,548,Fashion,0,0,0.07,133,TRUE,40,41,56,Low-Engagement Reseller
1279,2/25/2023,Tier4+,14210,0,643,Mixed,4,0,0.13,272,FALSE,1,56,82,Ghost Reseller
1280,4/6/2024,Tier4+,2785,2,750,Beauty,13,9,0.09,7,TRUE,44,49,28,Niche Specialist
1281,4/27/2024,Tier2,15302,0,380,Home,0,0,0.07,140,TRUE,40,48,57,Ghost Reseller
1282,9/18/2023,Tier4+,1957,1,517,Fashion,143,44,0.1,18,TRUE,83,39,32,Social Catalyst
1283,3/1/2024,Tier3,3634,0,340,Beauty,0,0,0.09,91,FALSE,0,35,47,Niche Specialist
1284,6/3/2023,Tier3,27100,0,490,Home,2,6,0.12,342,FALSE,1,63,96,Ghost Reseller
1285,1/1/2023,Tier2,11149,2,794,Fashion,113,38,0.1,21,FALSE,34,59,31,Social Catalyst
1286,4/21/2023,Tier4+,911,0,763,Home,1,0,0.11,35,TRUE,40,47,37,Low-Engagement Reseller
1287,11/24/2023,Tier3,16550,0,674,Mixed,1,0,0.06,236,FALSE,0,61,75,Ghost Reseller
1288,7/27/2023,Tier2,2284,2,418,Beauty,176,53,0.14,21,TRUE,93,35,31,Niche Specialist
1289,6/19/2024,Tier3,3319,2,709,Fashion,139,40,0.09,28,FALSE,42,48,32,Social Catalyst
1290,4/17/2023,Tier3,3848,0,329,Beauty,3,2,0.15,125,FALSE,1,33,54,Niche Specialist
1291,2/7/2024,Tier4+,15402,0,650,Home,3,1,0.15,106,FALSE,1,57,50,Ghost Reseller
1292,9/30/2024,Tier3,1144,0,768,Fashion,3,6,0.06,284,TRUE,41,49,84,Low-Engagement Reseller
1293,9/22/2024,Tier3,1169,1,505,Home,74,21,0.06,14,TRUE,62,39,31,Low-Engagement Reseller
1294,2/1/2023,Tier4+,1403,0,435,Fashion,1,0,0.13,252,FALSE,0,35,78,Low-Engagement Reseller
1295,10/3/2024,Tier3,5154,0,625,Fashion,1,1,0.08,266,FALSE,0,47,81,Ghost Reseller
1296,6/7/2023,Tier4+,3098,0,380,Fashion,5,3,0.07,139,FALSE,2,36,57,Low-Engagement Reseller
1297,8/6/2024,Tier4+,6654,0,361,Fashion,2,5,0.11,347,TRUE,41,38,97,Ghost Reseller
1298,1/27/2024,Tier4+,1602,1,386,Fashion,111,29,0.14,7,FALSE,33,33,30,Social Catalyst
1299,3/26/2024,Tier3,10613,0,600,Home,0,0,0.07,77,TRUE,40,52,45,Ghost Reseller
1300,3/9/2024,Tier3,2108,0,361,Fashion,0,0,0.15,166,TRUE,40,33,62,Low-Engagement Reseller
1301,5/10/2024,Tier3,5300,0,319,Home,5,7,0.09,191,TRUE,42,35,67,Ghost Reseller
1302,12/13/2023,Tier3,12576,3,740,Beauty,138,45,0.15,25,FALSE,41,57,30,Niche Specialist
1303,3/5/2023,Tier2,3632,0,344,Beauty,1,2,0.05,184,TRUE,40,36,65,Niche Specialist
1304,1/28/2023,Tier4+,9315,0,468,Beauty,4,1,0.06,226,FALSE,1,46,73,Ghost Reseller
1305,7/1/2024,Tier2,13504,2,301,Fashion,36,12,0.07,2,FALSE,11,43,27,Low-Engagement Reseller
1306,11/12/2024,Tier2,7911,0,782,Fashion,4,2,0.05,154,FALSE,1,56,60,Ghost Reseller
1307,6/5/2024,Tier2,1622,2,395,Fashion,74,18,0.14,29,TRUE,62,34,33,Social Catalyst
1308,5/15/2023,Tier2,424,0,796,Fashion,2,3,0.06,115,FALSE,1,49,52,Low-Engagement Reseller
1309,12/9/2023,Tier2,4959,1,398,Fashion,174,56,0.14,23,TRUE,92,37,33,Social Catalyst
1310,3/27/2024,Tier4+,739,0,324,Fashion,4,0,0.12,108,TRUE,41,30,51,Low-Engagement Reseller
1311,2/3/2024,Tier2,7828,3,528,Home,189,54,0.14,28,FALSE,57,45,31,Niche Specialist
1312,8/7/2023,Tier4+,1605,0,777,Fashion,3,4,0.1,60,FALSE,1,49,42,Low-Engagement Reseller
1313,7/15/2024,Tier3,23904,0,407,Fashion,5,1,0.07,73,TRUE,42,58,44,Ghost Reseller
1314,2/25/2023,Tier3,2195,3,614,Fashion,93,25,0.14,6,TRUE,68,42,27,Social Catalyst
1315,10/20/2023,Tier2,850,1,493,Home,28,5,0.13,22,TRUE,48,37,33,Low-Engagement Reseller
1316,3/29/2023,Tier2,14412,1,376,Mixed,81,20,0.08,27,FALSE,24,47,34,Low-Engagement Reseller
1317,4/3/2023,Tier3,893,5,387,Home,47,10,0.14,11,FALSE,14,33,25,Low-Engagement Reseller
1318,10/21/2023,Tier2,2316,2,796,Fashion,159,45,0.14,13,FALSE,48,49,29,Social Catalyst
1319,8/8/2024,Tier2,1840,0,562,Home,0,3,0.14,87,TRUE,40,40,47,Low-Engagement Reseller
1320,3/21/2023,Tier4+,1516,0,768,Home,3,0,0.05,312,FALSE,1,49,90,Low-Engagement Reseller
1321,5/7/2024,Tier3,7838,0,567,Fashion,1,3,0.05,47,FALSE,0,48,39,Ghost Reseller
1322,4/12/2024,Tier2,440,0,781,Home,3,0,0.08,221,FALSE,1,48,72,Low-Engagement Reseller
1323,10/2/2023,Tier3,23954,2,369,Fashion,76,26,0.14,0,FALSE,23,55,27,Social Catalyst
1324,7/28/2024,Tier2,6542,2,396,Home,35,15,0.14,26,FALSE,11,39,32,Niche Specialist
1325,2/23/2023,Tier2,1720,0,388,Fashion,4,0,0.12,264,FALSE,1,34,81,Low-Engagement Reseller
1326,3/22/2023,Tier4+,14684,0,540,Home,5,4,0.07,141,TRUE,42,54,57,Ghost Reseller
1327,4/28/2023,Tier4+,8764,0,316,Beauty,4,0,0.08,338,FALSE,1,39,95,Ghost Reseller
1328,10/28/2023,Tier3,3224,2,359,Beauty,118,37,0.11,15,FALSE,35,34,30,Niche Specialist
1329,1/14/2024,Tier3,1533,0,625,Home,5,3,0.12,76,FALSE,2,43,45,Low-Engagement Reseller
1330,5/13/2024,Tier3,16926,3,394,Fashion,107,28,0.07,22,FALSE,32,50,30,Social Catalyst
1331,9/21/2024,Tier3,60599,2,673,Fashion,84,25,0.12,16,TRUE,65,103,30,Social Catalyst
1332,1/3/2024,Tier2,14354,2,304,Fashion,14,4,0.14,18,FALSE,4,43,30,Low-Engagement Reseller
1333,5/11/2023,Tier4+,4359,0,447,Beauty,5,0,0.13,237,TRUE,42,39,75,Niche Specialist
1334,3/20/2024,Tier4+,1774,1,505,Fashion,135,45,0.09,22,FALSE,41,39,33,Social Catalyst
1335,1/23/2024,Tier4+,2371,1,766,Fashion,92,25,0.08,16,FALSE,28,49,32,Social Catalyst
1336,6/21/2024,Tier4+,2070,0,516,Fashion,5,0,0.06,201,FALSE,2,40,69,Low-Engagement Reseller
1337,4/7/2024,Tier4+,908,0,419,Fashion,4,0,0.15,66,FALSE,1,34,43,Low-Engagement Reseller
1338,8/3/2024,Tier3,2201,0,724,Beauty,3,0,0.12,290,FALSE,1,47,86,Niche Specialist
1339,8/13/2024,Tier4+,9732,0,545,Beauty,0,0,0.15,107,FALSE,0,47,51,Ghost Reseller
1340,11/27/2023,Tier3,8267,0,476,Beauty,1,0,0.07,258,FALSE,0,45,79,Ghost Reseller
1341,8/24/2023,Tier2,3998,0,726,Fashion,5,6,0.13,237,FALSE,2,49,75,Low-Engagement Reseller
1342,1/23/2023,Tier4+,2292,0,774,Fashion,4,1,0.08,231,TRUE,41,50,74,Low-Engagement Reseller
1343,12/17/2024,Tier2,4935,2,654,Home,10,0,0.07,28,TRUE,43,48,32,Niche Specialist
1344,1/6/2024,Tier3,2714,0,318,Fashion,5,0,0.05,339,FALSE,2,34,95,Low-Engagement Reseller
1345,7/23/2023,Tier2,1908,0,692,Fashion,1,0,0.12,336,FALSE,0,45,94,Low-Engagement Reseller
1346,5/15/2023,Tier3,2018,0,637,Beauty,1,1,0.14,151,TRUE,40,43,59,Niche Specialist
1347,7/2/2024,Tier2,3002,0,721,Fashion,0,0,0.06,80,TRUE,40,49,45,Low-Engagement Reseller
1348,3/9/2024,Tier2,1792,0,483,Beauty,0,0,0.06,153,TRUE,40,39,59,Low-Engagement Reseller
1349,6/4/2024,Tier4+,6781,1,676,Beauty,100,26,0.08,30,FALSE,30,51,34,Niche Specialist
1350,6/6/2024,Tier4+,1397,0,795,Home,5,3,0.08,141,FALSE,2,50,57,Low-Engagement Reseller
1351,6/4/2023,Tier3,1401,0,459,Home,1,0,0.09,197,FALSE,0,37,68,Low-Engagement Reseller
1352,5/12/2023,Tier3,14755,0,453,Home,2,1,0.12,177,FALSE,1,49,64,Ghost Reseller
1353,4/11/2024,Tier4+,1074,0,508,Home,1,0,0.05,210,FALSE,0,39,70,Low-Engagement Reseller
1354,2/1/2023,Tier4+,1994,2,364,Fashion,78,21,0.11,22,TRUE,63,33,31,Social Catalyst
1355,11/29/2024,Tier2,2554,0,786,Mixed,0,0,0.07,276,FALSE,0,51,83,Low-Engagement Reseller
1356,10/23/2023,Tier3,2423,0,349,Fashion,2,6,0.05,102,FALSE,1,35,50,Low-Engagement Reseller
1357,1/6/2023,Tier4+,810,3,403,Home,84,21,0.13,4,FALSE,25,33,26,Low-Engagement Reseller
1358,9/8/2023,Tier4+,657,0,458,Home,0,5,0.07,143,FALSE,0,36,57,Low-Engagement Reseller
1359,2/24/2023,Tier3,733,1,440,Home,127,40,0.07,19,FALSE,38,36,32,Low-Engagement Reseller
1360,11/30/2024,Tier3,3975,0,523,Fashion,0,5,0.13,211,FALSE,0,41,70,Low-Engagement Reseller
1361,1/16/2024,Tier3,4880,0,628,Fashion,3,0,0.06,222,FALSE,1,47,73,Low-Engagement Reseller
1362,11/7/2024,Tier4+,3174,0,322,Fashion,3,0,0.08,138,FALSE,1,34,56,Low-Engagement Reseller
1363,7/16/2024,Tier2,10309,1,491,Fashion,194,61,0.11,26,TRUE,98,47,33,Social Catalyst
1364,4/27/2024,Tier3,1573,0,767,Home,2,3,0.12,356,FALSE,1,48,98,Low-Engagement Reseller
1365,9/21/2024,Tier3,14323,1,755,Fashion,165,55,0.1,5,FALSE,50,61,29,Social Catalyst
1366,4/13/2024,Tier3,3273,0,343,Home,1,0,0.08,347,FALSE,0,35,97,Niche Specialist
1367,6/18/2024,Tier4+,5592,3,777,Fashion,137,40,0.12,25,TRUE,81,52,30,Social Catalyst
1368,5/9/2024,Tier2,4808,0,565,Fashion,2,2,0.06,31,FALSE,1,45,36,Low-Engagement Reseller
1369,12/13/2024,Tier4+,26665,1,795,Fashion,125,37,0.12,2,FALSE,38,74,29,Social Catalyst
1370,6/15/2024,Tier3,1900,0,375,Fashion,4,0,0.12,299,FALSE,1,34,87,Low-Engagement Reseller
1371,1/20/2024,Tier3,1299,0,505,Fashion,1,0,0.1,336,FALSE,0,38,94,Low-Engagement Reseller
1372,7/15/2024,Tier3,3524,2,440,Fashion,93,29,0.08,21,FALSE,28,38,31,Social Catalyst
1373,5/28/2023,Tier3,2659,1,483,Fashion,16,9,0.15,20,FALSE,5,38,32,Low-Engagement Reseller
1374,3/2/2024,Tier3,4412,0,738,Fashion,4,0,0.07,121,FALSE,1,51,53,Low-Engagement Reseller
1375,5/1/2023,Tier4+,10427,0,451,Fashion,1,5,0.12,158,FALSE,0,45,60,Ghost Reseller
1376,1/3/2024,Tier4+,1188,2,528,Fashion,27,8,0.06,11,FALSE,8,40,29,Low-Engagement Reseller
1377,1/7/2024,Tier4+,3602,1,359,Fashion,189,52,0.06,30,TRUE,97,36,34,Social Catalyst
1378,3/16/2024,Tier2,3950,3,780,Fashion,102,32,0.12,12,FALSE,31,51,28,Social Catalyst
1379,10/14/2024,Tier3,2258,2,663,Fashion,54,13,0.13,18,FALSE,16,45,30,Social Catalyst
1380,6/10/2024,Tier3,21569,2,745,Fashion,73,24,0.07,3,TRUE,62,68,28,Social Catalyst
1381,5/7/2023,Tier4+,2251,0,613,Fashion,3,0,0.05,288,FALSE,1,44,85,Low-Engagement Reseller
1382,12/3/2023,Tier3,12307,1,694,Fashion,124,38,0.07,30,TRUE,77,57,34,Social Catalyst
1383,1/18/2024,Tier2,6207,2,303,Fashion,34,13,0.08,14,TRUE,50,36,30,Low-Engagement Reseller
1384,6/18/2024,Tier3,1612,5,487,Beauty,96,30,0.14,16,FALSE,29,37,26,Low-Engagement Reseller
1385,9/18/2023,Tier3,4392,0,531,Beauty,3,0,0.06,126,FALSE,1,43,54,Niche Specialist
1386,2/9/2024,Tier4+,9577,0,389,Home,2,3,0.14,35,TRUE,41,41,37,Ghost Reseller
1387,5/26/2024,Tier4+,2008,0,309,Home,1,0,0.12,154,FALSE,0,31,60,Niche Specialist
1388,6/9/2024,Tier3,7859,4,590,Mixed,139,41,0.12,7,FALSE,42,48,25,Low-Engagement Reseller
1389,12/7/2023,Tier4+,17125,1,516,Beauty,37,6,0.14,25,FALSE,11,54,33,Niche Specialist
1390,3/24/2024,Tier2,6034,0,609,Fashion,4,5,0.11,162,TRUE,41,47,61,Ghost Reseller
1391,5/26/2024,Tier3,6622,0,594,Home,3,5,0.09,302,FALSE,1,47,88,Ghost Reseller
1392,5/14/2023,Tier3,4235,0,618,Fashion,1,2,0.1,154,TRUE,40,45,60,Low-Engagement Reseller
1393,12/14/2024,Tier3,895,2,443,Beauty,103,30,0.07,1,TRUE,71,36,27,Low-Engagement Reseller
1394,1/12/2023,Tier4+,5133,0,696,Fashion,4,5,0.12,334,TRUE,41,49,94,Ghost Reseller
1395,12/5/2023,Tier3,1063,2,562,Beauty,154,41,0.13,29,FALSE,46,40,33,Low-Engagement Reseller
1396,2/21/2023,Tier4+,2026,5,773,Fashion,48,14,0.07,6,FALSE,14,50,24,Low-Engagement Reseller
1397,4/11/2024,Tier4+,1579,0,484,Fashion,3,0,0.13,302,FALSE,1,37,88,Low-Engagement Reseller
1398,5/9/2024,Tier2,1626,4,581,Home,118,39,0.14,22,FALSE,35,41,28,Low-Engagement Reseller
1399,5/22/2023,Tier3,9339,1,477,Fashion,191,58,0.05,4,FALSE,57,46,29,Social Catalyst
1400,10/10/2023,Tier4+,19162,0,455,Beauty,0,0,0.11,312,FALSE,0,54,90,Ghost Reseller
1401,5/2/2024,Tier2,1334,0,719,Home,0,3,0.15,235,FALSE,0,45,75,Low-Engagement Reseller
1402,8/18/2024,Tier3,13391,1,469,Fashion,41,15,0.06,0,FALSE,12,50,29,Low-Engagement Reseller
1403,7/24/2024,Tier3,7897,2,708,Fashion,117,35,0.12,14,FALSE,35,52,30,Social Catalyst
1404,4/25/2024,Tier3,1190,2,778,Fashion,121,37,0.09,4,TRUE,76,49,28,Social Catalyst
1405,4/29/2024,Tier2,475,1,374,Fashion,35,16,0.05,27,TRUE,51,34,34,Low-Engagement Reseller
1406,7/10/2024,Tier2,2010,0,555,Home,0,3,0.09,75,FALSE,0,41,44,Niche Specialist
1407,6/22/2024,Tier4+,34061,0,459,Mixed,4,5,0.14,154,TRUE,41,68,60,Ghost Reseller
1408,12/14/2024,Tier3,1652,0,706,Fashion,1,5,0.15,112,TRUE,40,45,51,Low-Engagement Reseller
1409,4/29/2024,Tier4+,6746,0,728,Home,5,1,0.1,32,FALSE,2,52,36,Ghost Reseller
1410,6/15/2024,Tier4+,1479,0,466,Home,5,0,0.11,51,FALSE,2,37,40,Low-Engagement Reseller
1411,11/16/2023,Tier3,4701,0,434,Fashion,5,4,0.09,170,TRUE,42,39,63,Low-Engagement Reseller
1412,8/14/2023,Tier3,1026,0,312,Fashion,1,0,0.13,256,FALSE,0,30,79,Low-Engagement Reseller
1413,9/2/2023,Tier3,2460,0,536,Home,1,1,0.14,32,TRUE,40,40,36,Niche Specialist
1414,6/5/2024,Tier3,4367,1,748,Beauty,64,18,0.05,20,FALSE,19,51,32,Niche Specialist
1415,4/29/2023,Tier3,1704,5,783,Mixed,183,56,0.08,9,FALSE,55,49,24,Low-Engagement Reseller
1416,8/25/2023,Tier4+,67098,0,400,Beauty,3,0,0.05,78,TRUE,41,101,45,Ghost Reseller
1417,12/12/2023,Tier4+,25144,0,770,Fashion,5,1,0.06,319,FALSE,2,73,91,Ghost Reseller
1418,6/15/2023,Tier2,20183,0,307,Fashion,3,4,0.05,256,FALSE,1,51,79,Ghost Reseller
1419,4/29/2023,Tier2,1319,0,554,Mixed,2,6,0.05,336,TRUE,41,41,94,Low-Engagement Reseller
1420,7/9/2023,Tier3,2652,0,797,Mixed,5,1,0.15,86,FALSE,2,50,46,Low-Engagement Reseller
1421,8/15/2023,Tier4+,3851,0,594,Fashion,2,2,0.12,79,FALSE,1,44,45,Low-Engagement Reseller
1422,12/12/2024,Tier2,7316,4,598,Fashion,120,33,0.14,16,TRUE,76,47,27,Social Catalyst
1423,4/29/2024,Tier3,9288,0,414,Beauty,1,0,0.09,88,FALSE,0,43,47,Ghost Reseller
1424,3/8/2023,Tier3,1435,1,735,Home,67,20,0.08,5,TRUE,60,47,29,Low-Engagement Reseller
1425,1/31/2023,Tier3,1865,1,583,Fashion,100,29,0.09,6,TRUE,70,42,30,Social Catalyst
1426,12/25/2024,Tier2,6407,0,469,Fashion,3,0,0.11,212,FALSE,1,42,71,Ghost Reseller
1427,6/28/2023,Tier2,3654,0,522,Fashion,4,0,0.1,132,TRUE,41,41,55,Low-Engagement Reseller
1428,4/23/2024,Tier3,1509,2,458,Beauty,97,31,0.15,14,FALSE,29,36,30,Low-Engagement Reseller
1429,1/14/2023,Tier4+,1456,5,602,Home,68,18,0.06,4,TRUE,60,43,23,Low-Engagement Reseller
1430,9/15/2023,Tier2,9755,0,458,Beauty,0,5,0.05,350,FALSE,0,46,97,Ghost Reseller
1431,9/2/2023,Tier3,2519,0,304,Fashion,5,4,0.06,185,FALSE,2,33,65,Low-Engagement Reseller
1432,11/13/2024,Tier3,8107,0,569,Fashion,0,2,0.13,311,FALSE,0,47,90,Ghost Reseller
1433,3/2/2024,Tier4+,717,0,458,Fashion,2,3,0.08,337,FALSE,1,36,95,Low-Engagement Reseller
1434,3/13/2024,Tier2,3713,0,638,Home,1,4,0.15,70,TRUE,40,45,43,Niche Specialist
1435,6/23/2023,Tier4+,1338,2,332,Home,119,38,0.05,7,TRUE,76,33,28,Low-Engagement Reseller
1436,1/15/2024,Tier3,16065,0,312,Beauty,1,0,0.08,66,FALSE,0,46,43,Ghost Reseller
1437,12/25/2023,Tier4+,2451,0,733,Mixed,0,2,0.06,305,FALSE,0,49,88,Low-Engagement Reseller
1438,4/30/2023,Tier2,2255,0,686,Home,0,0,0.11,267,TRUE,40,46,81,Niche Specialist
1439,1/15/2024,Tier4+,2858,0,321,Fashion,0,0,0.08,124,FALSE,0,33,54,Low-Engagement Reseller
1440,9/26/2024,Tier2,9245,0,386,Beauty,0,0,0.1,345,FALSE,0,42,96,Ghost Reseller
1441,11/29/2023,Tier3,3472,0,741,Fashion,5,1,0.1,162,TRUE,42,49,61,Low-Engagement Reseller
1442,7/11/2023,Tier2,1970,0,774,Home,3,4,0.05,303,FALSE,1,50,88,Low-Engagement Reseller
1443,3/27/2023,Tier4+,3701,0,714,Fashion,2,2,0.11,319,TRUE,41,48,91,Low-Engagement Reseller
1444,5/1/2024,Tier3,5500,1,701,Fashion,171,55,0.06,23,FALSE,51,51,33,Social Catalyst
1445,2/12/2024,Tier4+,928,2,613,Home,47,13,0.13,21,FALSE,14,41,31,Low-Engagement Reseller
1446,10/9/2023,Tier2,12983,0,577,Home,4,6,0.15,296,FALSE,1,52,87,Ghost Reseller
1447,10/22/2024,Tier2,4310,2,585,Fashion,127,36,0.15,0,FALSE,38,43,27,Social Catalyst
1448,10/21/2023,Tier3,27140,2,347,Mixed,61,21,0.12,2,FALSE,18,58,27,Low-Engagement Reseller
1449,12/30/2023,Tier3,1978,0,345,Home,5,0,0.11,80,FALSE,2,33,45,Low-Engagement Reseller
1450,1/23/2024,Tier4+,9804,0,673,Fashion,5,2,0.15,85,FALSE,2,52,46,Ghost Reseller
1451,9/30/2023,Tier3,2036,0,733,Fashion,2,6,0.09,79,FALSE,1,48,45,Low-Engagement Reseller
1452,11/3/2024,Tier2,1599,0,494,Beauty,5,0,0.09,36,FALSE,2,38,37,Low-Engagement Reseller
1453,12/27/2024,Tier2,1937,1,559,Fashion,96,31,0.14,27,FALSE,29,40,34,Social Catalyst
1454,3/14/2024,Tier4+,794,0,706,Fashion,3,0,0.07,34,TRUE,41,46,37,Low-Engagement Reseller
1455,5/31/2023,Tier4+,7000,0,357,Home,2,0,0.12,180,FALSE,1,38,65,Ghost Reseller
1456,2/10/2023,Tier2,1083,3,505,Home,66,22,0.05,14,FALSE,20,39,28,Low-Engagement Reseller
1457,2/17/2024,Tier3,1908,0,731,Mixed,1,0,0.11,133,TRUE,40,47,56,Low-Engagement Reseller
1458,6/21/2023,Tier4+,8590,0,434,Fashion,0,0,0.11,318,FALSE,0,43,91,Ghost Reseller
1459,7/21/2024,Tier4+,10416,1,790,Fashion,197,58,0.15,30,FALSE,59,57,34,Social Catalyst
1460,3/19/2024,Tier2,1947,0,311,Home,2,4,0.15,162,FALSE,1,31,61,Low-Engagement Reseller
1461,8/10/2024,Tier3,3024,5,719,Beauty,79,19,0.14,18,TRUE,64,47,26,Niche Specialist
1462,5/22/2023,Tier3,2067,5,742,Fashion,27,10,0.05,24,FALSE,8,49,27,Low-Engagement Reseller
1463,3/14/2023,Tier3,3069,0,745,Fashion,3,2,0.12,149,TRUE,41,49,59,Low-Engagement Reseller
1464,3/8/2023,Tier2,1341,0,552,Fashion,1,0,0.09,210,FALSE,0,40,70,Low-Engagement Reseller
1465,2/15/2023,Tier2,3526,1,747,Fashion,135,37,0.11,5,FALSE,41,49,29,Social Catalyst
1466,8/17/2024,Tier2,1239,0,782,Fashion,3,5,0.08,333,TRUE,41,49,94,Low-Engagement Reseller
1467,8/21/2023,Tier3,1741,0,783,Fashion,2,0,0.13,279,FALSE,1,49,84,Low-Engagement Reseller
1468,6/10/2024,Tier3,3320,1,468,Beauty,128,35,0.13,20,FALSE,38,38,32,Niche Specialist
1469,10/24/2024,Tier4+,8526,1,793,Home,112,36,0.12,20,TRUE,74,56,32,Niche Specialist
1470,6/17/2023,Tier3,4172,1,483,Fashion,94,30,0.15,27,TRUE,68,39,34,Social Catalyst
1471,10/21/2024,Tier3,5224,1,705,Home,156,44,0.05,30,FALSE,47,51,34,Niche Specialist
1472,1/27/2023,Tier3,1677,0,334,Fashion,2,1,0.15,119,TRUE,41,31,53,Low-Engagement Reseller
1473,9/8/2023,Tier3,1047,5,375,Beauty,143,45,0.11,19,FALSE,43,33,26,Low-Engagement Reseller
1474,8/11/2023,Tier2,13594,2,419,Beauty,71,16,0.05,14,FALSE,21,48,30,Niche Specialist
1475,8/22/2024,Tier3,1045,5,466,Beauty,169,53,0.07,29,TRUE,91,37,28,Low-Engagement Reseller
1476,11/5/2024,Tier4+,1006,1,795,Fashion,165,50,0.05,9,TRUE,90,50,30,Social Catalyst
1477,3/27/2024,Tier3,3218,0,762,Fashion,0,0,0.13,266,FALSE,0,49,81,Low-Engagement Reseller
1478,8/16/2023,Tier2,3510,0,388,Beauty,1,0,0.12,32,FALSE,0,36,36,Niche Specialist
1479,12/27/2024,Tier2,2563,5,546,Fashion,198,62,0.06,7,FALSE,59,42,24,Social Catalyst
1480,7/1/2023,Tier3,4307,0,350,Fashion,2,2,0.15,72,TRUE,41,34,44,Low-Engagement Reseller
1481,7/18/2024,Tier4+,1019,0,755,Beauty,5,0,0.14,165,FALSE,2,47,62,Low-Engagement Reseller
1482,12/4/2024,Tier3,4103,0,713,Mixed,0,0,0.09,341,FALSE,0,49,95,Low-Engagement Reseller
1483,8/18/2024,Tier2,2068,0,408,Fashion,1,3,0.09,180,TRUE,40,36,65,Low-Engagement Reseller
1484,10/29/2024,Tier2,1159,2,472,Fashion,164,46,0.07,15,FALSE,49,37,30,Social Catalyst
1485,3/3/2023,Tier3,1857,0,504,Fashion,3,1,0.12,248,TRUE,41,38,78,Low-Engagement Reseller
1486,10/5/2024,Tier4+,1781,0,517,Fashion,0,0,0.1,340,FALSE,0,39,95,Low-Engagement Reseller
1487,11/12/2023,Tier3,2030,0,774,Mixed,3,6,0.08,42,TRUE,41,49,38,Low-Engagement Reseller
1488,1/9/2024,Tier4+,1690,0,703,Home,1,0,0.06,49,TRUE,40,47,39,Low-Engagement Reseller
1489,10/30/2023,Tier4+,1919,2,432,Fashion,47,11,0.05,14,FALSE,14,37,30,Low-Engagement Reseller
1490,7/27/2024,Tier3,8612,0,507,Beauty,3,2,0.15,338,FALSE,1,45,95,Ghost Reseller
1491,10/30/2023,Tier2,2969,0,348,Fashion,4,6,0.09,355,TRUE,41,34,98,Low-Engagement Reseller
1492,7/4/2024,Tier2,4664,0,796,Beauty,5,0,0.08,150,FALSE,2,53,59,Niche Specialist
1493,4/30/2024,Tier3,2764,0,714,Fashion,2,6,0.14,239,TRUE,41,47,76,Low-Engagement Reseller
1494,10/23/2023,Tier2,10193,1,757,Mixed,87,31,0.07,0,TRUE,66,57,29,Low-Engagement Reseller
1495,1/8/2024,Tier3,3892,2,461,Fashion,45,17,0.09,0,TRUE,54,39,27,Low-Engagement Reseller
1496,5/22/2024,Tier3,4533,0,519,Fashion,4,0,0.07,126,TRUE,41,43,54,Low-Engagement Reseller
1497,3/20/2023,Tier4+,4706,0,512,Mixed,1,0,0.09,327,FALSE,0,42,93,Low-Engagement Reseller
1498,12/9/2024,Tier3,7241,0,794,Home,4,2,0.09,120,FALSE,1,55,53,Ghost Reseller
1499,2/1/2023,Tier2,10230,0,731,Home,5,0,0.14,326,TRUE,42,55,93,Ghost Reseller
1500,8/9/2024,Tier4+,3209,2,741,Fashion,154,46,0.14,9,TRUE,86,48,29,Social Catalyst
1501,11/17/2023,Tier2,2389,2,559,Fashion,116,39,0.1,4,FALSE,35,41,28,Social Catalyst
1502,9/2/2023,Tier3,9924,0,598,Fashion,4,0,0.14,180,FALSE,1,50,65,Ghost Reseller
1503,4/22/2023,Tier2,31718,1,723,Mixed,199,57,0.06,17,FALSE,60,78,32,Low-Engagement Reseller
1504,11/1/2023,Tier4+,3411,2,552,Fashion,186,53,0.13,28,TRUE,96,42,32,Social Catalyst
1505,11/4/2024,Tier2,2863,0,444,Mixed,4,0,0.13,64,TRUE,41,37,42,Low-Engagement Reseller
1506,11/25/2024,Tier4+,4764,2,438,Fashion,150,48,0.07,23,FALSE,45,40,31,Social Catalyst
1507,9/30/2024,Tier4+,5521,1,587,Beauty,139,37,0.11,9,FALSE,42,45,30,Niche Specialist
1508,9/22/2023,Tier4+,8648,0,553,Home,1,5,0.05,170,FALSE,0,48,63,Ghost Reseller
1509,7/7/2024,Tier3,5194,0,322,Mixed,1,0,0.06,138,FALSE,0,36,56,Ghost Reseller
1510,4/2/2024,Tier2,1681,0,569,Fashion,3,6,0.09,338,TRUE,41,41,95,Low-Engagement Reseller
1511,7/30/2024,Tier2,3829,0,401,Home,0,0,0.07,91,FALSE,0,37,47,Niche Specialist
1512,12/3/2023,Tier3,925,0,603,Fashion,0,0,0.1,153,FALSE,0,42,59,Low-Engagement Reseller
1513,7/12/2024,Tier2,6427,2,429,Fashion,84,21,0.13,2,TRUE,65,40,27,Social Catalyst
1514,5/13/2023,Tier2,3034,0,764,Beauty,2,3,0.14,261,FALSE,1,49,80,Niche Specialist
1515,5/13/2023,Tier4+,1832,0,724,Beauty,3,6,0.11,41,FALSE,1,47,38,Low-Engagement Reseller
1516,9/9/2024,Tier4+,3117,0,568,Fashion,5,4,0.15,88,FALSE,2,41,47,Low-Engagement Reseller
1517,5/26/2023,Tier4+,6517,0,427,Beauty,4,0,0.11,102,TRUE,41,40,50,Ghost Reseller
1518,5/30/2023,Tier2,3007,0,557,Mixed,3,0,0.13,238,FALSE,1,41,76,Low-Engagement Reseller
1519,2/3/2024,Tier3,6344,0,429,Fashion,1,3,0.06,153,FALSE,0,41,59,Ghost Reseller
1520,8/31/2023,Tier4+,2806,0,316,Fashion,1,0,0.15,243,TRUE,40,32,77,Low-Engagement Reseller
1521,10/4/2024,Tier2,3116,0,721,Fashion,5,6,0.1,158,FALSE,2,48,60,Low-Engagement Reseller
1522,12/17/2024,Tier3,14686,0,610,Fashion,5,0,0.12,41,TRUE,42,55,38,Ghost Reseller
1523,10/7/2023,Tier3,6666,1,336,Fashion,57,20,0.06,22,TRUE,57,38,33,Social Catalyst
1524,6/16/2023,Tier2,42533,0,524,Beauty,3,0,0.12,196,FALSE,1,80,68,Ghost Reseller
1525,3/15/2023,Tier3,23311,1,669,Fashion,44,10,0.13,25,FALSE,13,66,33,Low-Engagement Reseller
1526,11/9/2023,Tier4+,8877,5,766,Beauty,154,45,0.12,21,TRUE,86,55,27,Niche Specialist
1527,8/19/2024,Tier3,2842,5,574,Home,144,48,0.09,14,FALSE,43,43,25,Niche Specialist
1528,1/24/2024,Tier2,7869,0,511,Fashion,4,2,0.14,130,FALSE,1,44,55,Ghost Reseller
1529,4/3/2024,Tier3,3470,0,337,Fashion,0,5,0.15,105,TRUE,40,33,50,Low-Engagement Reseller
1530,3/19/2023,Tier3,6276,0,407,Beauty,3,0,0.11,354,FALSE,1,39,98,Ghost Reseller
1531,11/12/2023,Tier2,5484,0,721,Beauty,1,0,0.15,332,FALSE,0,50,94,Ghost Reseller
1532,1/19/2023,Tier3,523,0,498,Beauty,0,4,0.05,180,TRUE,40,38,65,Low-Engagement Reseller
1533,11/29/2023,Tier2,1170,2,578,Beauty,188,54,0.13,25,FALSE,56,40,32,Low-Engagement Reseller
1534,3/1/2023,Tier2,2934,0,647,Home,0,3,0.15,168,FALSE,0,44,62,Niche Specialist
1535,1/20/2024,Tier3,17034,2,697,Home,100,26,0.07,7,FALSE,30,62,28,Niche Specialist
1536,4/21/2023,Tier3,17477,0,800,Home,4,3,0.11,201,TRUE,41,65,69,Ghost Reseller
1537,8/26/2024,Tier3,5713,0,558,Home,1,2,0.12,270,FALSE,0,44,82,Ghost Reseller
1538,11/10/2024,Tier4+,1490,0,522,Beauty,4,3,0.09,112,FALSE,1,39,51,Low-Engagement Reseller
1539,11/13/2023,Tier3,4285,0,544,Fashion,4,0,0.05,146,FALSE,1,44,58,Low-Engagement Reseller
1540,12/19/2023,Tier3,1676,0,513,Fashion,2,3,0.05,255,TRUE,41,40,79,Low-Engagement Reseller
1541,4/4/2023,Tier3,3193,2,350,Beauty,29,10,0.15,1,FALSE,9,33,27,Niche Specialist
1542,5/2/2024,Tier3,2733,0,653,Fashion,5,1,0.06,246,FALSE,2,46,77,Low-Engagement Reseller
1543,12/17/2024,Tier2,1717,0,394,Home,3,1,0.15,248,FALSE,1,33,78,Low-Engagement Reseller
1544,5/3/2023,Tier4+,3427,0,366,Fashion,2,1,0.14,195,FALSE,1,34,67,Low-Engagement Reseller
1545,7/25/2023,Tier3,5250,2,551,Beauty,156,52,0.07,30,FALSE,47,45,33,Niche Specialist
1546,5/16/2023,Tier3,6036,0,300,Fashion,5,0,0.13,110,TRUE,42,35,51,Ghost Reseller
1547,4/17/2023,Tier3,1588,0,516,Home,0,0,0.13,241,FALSE,0,38,76,Low-Engagement Reseller
1548,2/15/2024,Tier3,2253,2,395,Fashion,89,22,0.06,3,TRUE,67,36,28,Social Catalyst
1549,4/26/2023,Tier3,5817,0,410,Mixed,1,2,0.1,162,FALSE,0,39,61,Ghost Reseller
1550,8/31/2023,Tier4+,618,0,498,Beauty,5,5,0.09,82,FALSE,2,37,46,Low-Engagement Reseller
1551,12/21/2024,Tier4+,1694,0,608,Mixed,1,4,0.14,327,TRUE,40,42,93,Low-Engagement Reseller
1552,9/7/2024,Tier2,5274,2,739,Home,170,51,0.15,23,TRUE,91,50,31,Niche Specialist
1553,4/10/2023,Tier2,2510,2,336,Mixed,40,10,0.09,8,FALSE,12,33,29,Low-Engagement Reseller
1554,7/31/2023,Tier4+,1480,0,756,Fashion,1,2,0.12,115,FALSE,0,47,52,Low-Engagement Reseller
1555,12/31/2023,Tier4+,5340,1,459,Fashion,169,47,0.14,17,TRUE,91,40,32,Social Catalyst
1556,7/3/2024,Tier3,2461,0,554,Beauty,2,0,0.09,70,FALSE,1,41,43,Niche Specialist
1557,1/20/2023,Tier2,2420,0,681,Fashion,0,0,0.06,231,TRUE,40,47,74,Low-Engagement Reseller
1558,1/23/2023,Tier2,9510,1,438,Home,120,33,0.06,15,TRUE,76,45,31,Niche Specialist
1559,9/16/2024,Tier2,6853,0,478,Fashion,3,1,0.05,204,TRUE,41,44,69,Ghost Reseller
1560,5/22/2023,Tier2,2129,4,332,Fashion,78,27,0.11,28,FALSE,23,32,29,Social Catalyst
1561,12/9/2024,Tier3,2223,13,781,Beauty,114,38,0.15,17,FALSE,34,49,14,Niche Specialist
1562,2/11/2023,Tier3,17861,0,566,Beauty,3,5,0.05,229,FALSE,1,58,74,Ghost Reseller
1563,1/7/2023,Tier4+,8929,1,307,Beauty,136,38,0.14,27,FALSE,41,38,34,Niche Specialist
1564,10/24/2023,Tier3,3921,0,462,Fashion,0,0,0.06,122,FALSE,0,40,53,Low-Engagement Reseller
1565,12/29/2023,Tier3,1919,0,677,Home,3,1,0.06,258,FALSE,1,46,79,Low-Engagement Reseller
1566,3/10/2024,Tier3,628,0,325,Home,1,0,0.14,34,FALSE,0,30,37,Low-Engagement Reseller
1567,7/29/2023,Tier2,2625,1,546,Home,123,33,0.12,1,FALSE,37,41,29,Niche Specialist
1568,8/15/2024,Tier2,5605,0,767,Home,4,0,0.06,68,FALSE,1,53,43,Ghost Reseller
1569,2/28/2023,Tier3,47069,0,479,Beauty,3,4,0.07,78,TRUE,41,84,45,Ghost Reseller
1570,3/6/2023,Tier4+,11904,0,649,Home,1,1,0.06,289,FALSE,0,55,85,Ghost Reseller
1571,1/31/2023,Tier3,10653,2,370,Home,175,55,0.08,2,TRUE,93,43,27,Niche Specialist
1572,11/13/2024,Tier3,15401,0,555,Fashion,3,2,0.06,111,TRUE,41,55,51,Ghost Reseller
1573,4/12/2023,Tier4+,4324,4,596,Fashion,153,47,0.05,27,TRUE,86,46,29,Social Catalyst
1574,8/28/2023,Tier3,3086,1,537,Mixed,181,57,0.11,14,TRUE,94,41,31,Low-Engagement Reseller
1575,4/15/2023,Tier3,5864,2,348,Home,151,40,0.1,6,FALSE,45,37,28,Niche Specialist
1576,7/5/2023,Tier2,2110,0,694,Fashion,1,5,0.11,282,TRUE,40,46,84,Low-Engagement Reseller
1577,3/3/2023,Tier2,699,2,363,Home,124,40,0.15,4,FALSE,37,31,28,Low-Engagement Reseller
1578,1/30/2023,Tier2,1412,0,532,Fashion,3,0,0.14,260,FALSE,1,39,80,Low-Engagement Reseller
1579,12/24/2024,Tier3,2552,3,507,Fashion,116,30,0.09,29,FALSE,35,40,31,Social Catalyst
1580,1/3/2024,Tier4+,3076,1,428,Fashion,127,36,0.12,10,TRUE,78,37,30,Social Catalyst
1581,7/11/2024,Tier2,13752,1,551,Home,158,49,0.09,4,TRUE,87,53,29,Niche Specialist
1582,10/16/2023,Tier3,31456,0,778,Fashion,4,0,0.09,283,TRUE,41,79,84,Ghost Reseller
1583,7/14/2024,Tier3,10711,0,785,Fashion,1,2,0.11,312,FALSE,0,58,90,Ghost Reseller
1584,5/13/2023,Tier3,5491,0,615,Fashion,1,2,0.15,250,FALSE,0,46,78,Ghost Reseller
1585,3/24/2024,Tier2,6656,0,759,Beauty,4,2,0.06,357,TRUE,41,54,98,Ghost Reseller
1586,7/8/2024,Tier3,2451,0,313,Fashion,4,0,0.13,349,FALSE,1,32,97,Low-Engagement Reseller
1587,8/28/2023,Tier2,15016,2,493,Fashion,117,34,0.11,7,FALSE,35,51,28,Social Catalyst
1588,1/6/2023,Tier4+,1500,5,720,Fashion,147,48,0.06,5,FALSE,44,47,23,Social Catalyst
1589,7/19/2023,Tier2,7849,5,575,Fashion,67,22,0.08,9,FALSE,20,48,24,Social Catalyst
1590,6/1/2024,Tier4+,9554,5,684,Fashion,147,43,0.1,30,FALSE,44,53,28,Social Catalyst
1591,9/8/2023,Tier4+,6447,2,457,Beauty,121,41,0.12,27,FALSE,36,41,32,Niche Specialist
1592,11/30/2024,Tier3,5977,0,331,Fashion,3,0,0.11,53,TRUE,41,36,40,Ghost Reseller
1593,10/1/2024,Tier2,1882,0,756,Beauty,4,0,0.1,45,TRUE,41,48,39,Low-Engagement Reseller
1594,7/30/2024,Tier4+,4032,2,376,Fashion,83,22,0.1,12,FALSE,25,36,29,Social Catalyst
1595,1/20/2024,Tier3,1364,3,530,Fashion,122,32,0.05,23,FALSE,37,40,30,Social Catalyst
1596,9/19/2024,Tier3,5418,0,484,Fashion,5,4,0.14,60,FALSE,2,41,42,Ghost Reseller
1597,9/16/2023,Tier4+,13597,0,417,Beauty,1,0,0.11,301,FALSE,0,47,88,Ghost Reseller
1598,11/23/2024,Tier3,1729,0,750,Beauty,4,0,0.15,179,FALSE,1,47,64,Low-Engagement Reseller
1599,8/3/2023,Tier3,3757,1,326,Home,19,2,0.14,20,FALSE,6,33,32,Niche Specialist
1600,9/30/2023,Tier4+,5682,0,550,Beauty,3,4,0.15,351,FALSE,1,43,97,Ghost Reseller
1601,11/1/2024,Tier4+,6125,0,322,Home,1,0,0.06,255,FALSE,0,37,79,Ghost Reseller
1602,12/1/2024,Tier4+,3768,2,399,Home,165,50,0.13,20,FALSE,50,36,31,Niche Specialist
1603,5/19/2023,Tier3,9319,0,606,Home,4,3,0.11,261,FALSE,1,50,80,Ghost Reseller
1604,7/16/2023,Tier2,413,0,762,Fashion,2,0,0.08,235,FALSE,1,47,75,Low-Engagement Reseller
1605,8/18/2023,Tier4+,21624,1,373,Home,28,12,0.08,13,FALSE,8,54,31,Niche Specialist
1606,1/27/2023,Tier3,9615,0,533,Fashion,4,1,0.11,171,FALSE,1,47,63,Ghost Reseller
1607,2/1/2024,Tier2,4935,1,435,Fashion,114,35,0.15,13,FALSE,34,38,31,Social Catalyst
1608,12/18/2024,Tier2,5346,0,305,Fashion,2,3,0.08,223,FALSE,1,35,73,Ghost Reseller
1609,9/22/2024,Tier3,9219,0,309,Fashion,3,0,0.12,211,FALSE,1,38,70,Ghost Reseller
1610,4/30/2024,Tier3,2772,0,764,Beauty,2,0,0.13,239,FALSE,1,49,76,Niche Specialist
1611,10/30/2024,Tier3,4032,1,611,Beauty,156,49,0.07,26,FALSE,47,46,33,Niche Specialist
1612,2/11/2024,Tier2,4138,0,442,Beauty,0,0,0.15,182,FALSE,0,38,65,Niche Specialist
1613,1/21/2024,Tier4+,27172,0,640,Fashion,4,0,0.08,46,FALSE,1,70,39,Ghost Reseller
1614,12/12/2023,Tier2,609,2,634,Beauty,145,48,0.1,30,FALSE,44,42,33,Low-Engagement Reseller
1615,9/20/2023,Tier4+,3041,0,396,Fashion,5,2,0.11,317,FALSE,2,36,91,Low-Engagement Reseller
1616,10/6/2024,Tier2,7323,1,484,Fashion,191,60,0.14,18,FALSE,57,43,32,Social Catalyst
1617,6/1/2024,Tier3,4443,0,538,Mixed,3,0,0.05,60,TRUE,41,44,42,Low-Engagement Reseller
1618,3/5/2024,Tier2,4028,1,739,Mixed,189,59,0.11,17,FALSE,57,50,32,Low-Engagement Reseller
1619,5/3/2024,Tier2,905,2,472,Home,72,24,0.15,2,FALSE,22,36,27,Low-Engagement Reseller
1620,12/28/2024,Tier3,3857,3,466,Fashion,155,43,0.07,10,TRUE,87,40,27,Social Catalyst
1621,5/26/2023,Tier3,10089,2,442,Fashion,37,15,0.07,27,TRUE,51,45,32,Low-Engagement Reseller
1622,4/19/2024,Tier3,3939,0,343,Fashion,3,6,0.11,182,FALSE,1,35,65,Low-Engagement Reseller
1623,7/18/2023,Tier3,8717,1,719,Mixed,25,7,0.15,8,TRUE,48,53,30,Low-Engagement Reseller
1624,3/10/2023,Tier4+,1281,2,303,Fashion,17,7,0.05,30,FALSE,5,32,33,Low-Engagement Reseller
1625,3/14/2023,Tier3,2795,0,506,Beauty,1,4,0.1,108,FALSE,0,40,51,Niche Specialist
1626,1/29/2024,Tier3,2465,0,314,Home,5,0,0.05,350,FALSE,2,33,97,Niche Specialist
1627,7/10/2023,Tier2,8247,0,358,Beauty,3,6,0.08,172,FALSE,1,40,63,Ghost Reseller
1628,12/22/2023,Tier3,3006,0,556,Fashion,2,2,0.13,106,TRUE,41,41,50,Low-Engagement Reseller
1629,9/13/2024,Tier4+,1555,0,529,Fashion,1,0,0.11,295,FALSE,0,39,87,Low-Engagement Reseller
1630,2/6/2023,Tier3,2708,4,435,Fashion,120,38,0.08,23,TRUE,76,37,28,Social Catalyst
1631,12/3/2023,Tier3,3050,0,391,Fashion,4,3,0.13,250,TRUE,41,35,78,Low-Engagement Reseller
1632,10/15/2023,Tier2,4806,0,355,Fashion,0,0,0.11,200,FALSE,0,36,68,Low-Engagement Reseller
1633,1/29/2024,Tier4+,15830,0,658,Home,5,7,0.07,320,FALSE,2,59,91,Ghost Reseller
1634,2/3/2023,Tier4+,4304,0,555,Fashion,1,0,0.05,167,TRUE,40,44,62,Low-Engagement Reseller
1635,2/28/2024,Tier3,30012,1,407,Fashion,58,22,0.1,11,FALSE,17,63,31,Social Catalyst
1636,10/10/2024,Tier4+,3929,0,480,Fashion,1,0,0.12,296,FALSE,0,40,87,Low-Engagement Reseller
1637,11/11/2023,Tier3,10340,0,369,Beauty,0,1,0.09,299,FALSE,0,42,87,Ghost Reseller
1638,4/4/2024,Tier2,1014,4,431,Home,48,12,0.05,16,FALSE,14,36,27,Low-Engagement Reseller
1639,5/29/2023,Tier2,19945,0,381,Mixed,5,6,0.12,353,TRUE,42,52,98,Ghost Reseller
1640,2/13/2023,Tier4+,5896,5,677,Fashion,20,9,0.09,28,FALSE,6,49,28,Low-Engagement Reseller
1641,8/3/2023,Tier4+,6632,5,398,Fashion,191,62,0.15,7,TRUE,97,39,24,Social Catalyst
1642,9/23/2024,Tier4+,3245,0,325,Home,5,2,0.15,195,TRUE,42,32,67,Niche Specialist
1643,3/1/2024,Tier3,6035,4,713,Fashion,61,23,0.06,20,TRUE,58,52,28,Social Catalyst
1644,5/9/2023,Tier4+,948,0,687,Fashion,0,4,0.07,127,FALSE,0,45,54,Low-Engagement Reseller
1645,5/29/2023,Tier3,3214,0,338,Home,1,0,0.05,272,FALSE,0,35,82,Niche Specialist
1646,8/18/2024,Tier3,2844,0,391,Home,4,0,0.05,268,TRUE,41,37,81,Niche Specialist
1647,8/17/2023,Tier4+,17357,0,397,Mixed,5,0,0.06,259,FALSE,2,51,80,Ghost Reseller
1648,11/2/2024,Tier2,1737,1,308,Fashion,66,15,0.14,1,FALSE,20,30,29,Social Catalyst
1649,11/22/2023,Tier2,357,2,763,Fashion,27,9,0.11,21,FALSE,8,47,31,Low-Engagement Reseller
1650,4/15/2023,Tier2,533,2,421,Fashion,100,27,0.1,10,FALSE,30,34,29,Social Catalyst
1651,11/16/2024,Tier3,1129,2,431,Fashion,74,24,0.06,5,FALSE,22,36,28,Social Catalyst
1652,10/6/2023,Tier4+,7576,2,723,Beauty,162,44,0.15,13,FALSE,49,52,29,Niche Specialist
1653,1/29/2023,Tier3,18768,0,734,Fashion,3,0,0.11,269,TRUE,41,64,82,Ghost Reseller
1654,10/26/2023,Tier4+,2267,1,440,Fashion,194,62,0.14,26,FALSE,58,36,33,Social Catalyst
1655,3/27/2024,Tier4+,8601,1,680,Fashion,130,37,0.11,29,FALSE,39,52,34,Social Catalyst
1656,8/22/2023,Tier4+,3601,0,792,Fashion,3,0,0.14,95,TRUE,41,51,48,Low-Engagement Reseller
1657,5/22/2024,Tier3,4263,0,651,Fashion,5,0,0.08,63,TRUE,42,47,42,Low-Engagement Reseller
1658,8/23/2023,Tier4+,1239,0,485,Fashion,3,1,0.13,237,FALSE,1,37,75,Low-Engagement Reseller
1659,11/9/2023,Tier2,781,2,795,Fashion,42,18,0.13,7,FALSE,13,48,28,Low-Engagement Reseller
1660,9/28/2023,Tier2,15851,2,783,Mixed,50,14,0.1,18,TRUE,55,63,30,Low-Engagement Reseller
1661,5/30/2023,Tier4+,4450,4,391,Home,58,19,0.05,14,FALSE,17,38,27,Niche Specialist
1662,8/21/2024,Tier4+,12145,2,549,Fashion,138,38,0.05,16,FALSE,41,52,30,Social Catalyst
1663,1/17/2024,Tier4+,3179,0,799,Fashion,1,0,0.15,279,FALSE,0,50,84,Low-Engagement Reseller
1664,5/3/2023,Tier2,337,0,750,Fashion,3,6,0.07,332,FALSE,1,47,94,Low-Engagement Reseller
1665,2/9/2023,Tier3,1874,1,553,Fashion,191,55,0.14,25,FALSE,57,40,33,Social Catalyst
1666,1/27/2024,Tier2,965,0,715,Mixed,5,6,0.14,55,FALSE,2,45,41,Low-Engagement Reseller
1667,3/29/2023,Tier3,1771,0,755,Beauty,3,1,0.05,109,FALSE,1,49,51,Low-Engagement Reseller
1668,6/11/2023,Tier3,4755,0,345,Home,1,0,0.06,38,FALSE,0,36,37,Niche Specialist
1669,3/6/2023,Tier2,1601,0,691,Fashion,3,2,0.05,148,TRUE,41,47,58,Low-Engagement Reseller
1670,6/7/2024,Tier4+,38773,3,642,Fashion,99,35,0.07,9,FALSE,30,81,27,Social Catalyst
1671,6/30/2024,Tier3,10545,2,630,Home,78,26,0.08,10,FALSE,23,53,29,Niche Specialist
1672,2/18/2024,Tier3,18326,0,322,Home,2,5,0.07,215,TRUE,41,49,71,Ghost Reseller
1673,3/17/2023,Tier2,565,1,513,Home,83,30,0.05,24,FALSE,25,39,33,Low-Engagement Reseller
1674,3/23/2024,Tier3,6238,0,537,Home,4,0,0.15,278,FALSE,1,43,83,Ghost Reseller
1675,7/5/2024,Tier2,3028,2,560,Fashion,122,33,0.05,30,FALSE,37,43,33,Social Catalyst
1676,1/29/2024,Tier4+,39243,2,456,Fashion,41,11,0.05,23,FALSE,12,75,31,Low-Engagement Reseller
1677,6/20/2023,Tier2,477,1,784,Mixed,130,36,0.07,26,FALSE,39,48,33,Low-Engagement Reseller
1678,11/16/2023,Tier4+,24691,3,682,Fashion,151,42,0.12,20,TRUE,85,68,29,Social Catalyst
1679,8/23/2024,Tier2,3578,0,620,Mixed,3,4,0.15,264,TRUE,41,44,81,Low-Engagement Reseller
1680,11/9/2024,Tier2,2343,0,328,Home,3,0,0.15,307,TRUE,41,32,89,Niche Specialist
1681,6/15/2024,Tier3,2851,0,685,Fashion,4,5,0.06,322,FALSE,1,47,92,Low-Engagement Reseller
1682,1/8/2024,Tier3,5744,1,434,Beauty,16,7,0.07,2,TRUE,45,41,29,Niche Specialist
1683,2/12/2023,Tier4+,1105,0,721,Fashion,0,1,0.11,62,FALSE,0,46,42,Low-Engagement Reseller
1684,8/30/2024,Tier3,58050,1,405,Home,128,42,0.13,17,FALSE,38,91,32,Niche Specialist
1685,6/14/2023,Tier4+,5573,0,550,Fashion,2,0,0.07,290,TRUE,41,45,86,Ghost Reseller
1686,4/9/2024,Tier2,11482,2,342,Home,195,58,0.14,9,TRUE,99,42,29,Niche Specialist
1687,8/19/2024,Tier3,6386,4,377,Fashion,90,31,0.11,17,FALSE,27,38,27,Social Catalyst
1688,9/6/2023,Tier3,6595,1,376,Home,110,31,0.1,9,TRUE,73,39,30,Niche Specialist
1689,1/7/2023,Tier3,2386,0,665,Beauty,4,0,0.06,272,FALSE,1,46,82,Niche Specialist
1690,7/6/2024,Tier4+,2602,0,566,Mixed,3,0,0.12,340,FALSE,1,41,95,Low-Engagement Reseller
1691,9/2/2024,Tier4+,6738,0,576,Home,5,0,0.12,230,FALSE,2,46,74,Ghost Reseller
1692,6/19/2024,Tier3,3026,0,536,Home,0,0,0.12,135,FALSE,0,41,56,Niche Specialist
1693,1/16/2024,Tier2,5734,2,598,Mixed,94,26,0.08,28,FALSE,28,47,32,Low-Engagement Reseller
1694,1/19/2024,Tier4+,9986,0,436,Fashion,3,0,0.09,250,TRUE,41,45,78,Ghost Reseller
1695,9/15/2024,Tier4+,878,0,674,Fashion,5,3,0.11,113,FALSE,2,44,52,Low-Engagement Reseller
1696,5/6/2023,Tier3,21654,3,721,Fashion,77,21,0.09,2,TRUE,63,67,26,Social Catalyst
1697,4/18/2023,Tier2,1968,0,429,Home,1,0,0.14,187,FALSE,0,35,66,Low-Engagement Reseller
1698,9/4/2024,Tier3,7730,1,441,Home,154,50,0.14,9,TRUE,86,41,30,Niche Specialist
1699,9/27/2023,Tier2,6437,2,620,Fashion,70,17,0.09,13,FALSE,21,48,29,Social Catalyst
1700,11/28/2023,Tier3,2605,1,543,Fashion,63,19,0.06,24,FALSE,19,42,33,Social Catalyst
1701,12/9/2024,Tier4+,6332,0,406,Home,0,5,0.11,221,FALSE,0,39,72,Ghost Reseller
1702,2/27/2024,Tier4+,10029,2,320,Beauty,151,49,0.11,8,FALSE,45,40,29,Niche Specialist
1703,9/7/2023,Tier4+,3810,0,560,Home,5,0,0.05,117,FALSE,2,44,52,Niche Specialist
1704,5/9/2024,Tier3,567,2,493,Home,162,50,0.07,9,TRUE,89,38,29,Low-Engagement Reseller
1705,9/29/2024,Tier3,26248,0,732,Fashion,3,6,0.07,312,TRUE,41,72,90,Ghost Reseller
1706,12/28/2024,Tier2,5875,1,666,Beauty,168,53,0.14,4,FALSE,50,48,29,Niche Specialist
1707,1/21/2023,Tier2,17272,0,423,Fashion,1,0,0.07,104,TRUE,40,52,50,Ghost Reseller
1708,5/13/2023,Tier4+,5035,0,555,Fashion,5,0,0.08,101,FALSE,2,44,49,Ghost Reseller
1709,12/24/2024,Tier4+,1233,0,360,Fashion,1,1,0.15,126,TRUE,40,32,54,Low-Engagement Reseller
1710,8/20/2023,Tier3,5516,0,645,Mixed,4,6,0.05,257,FALSE,1,49,79,Ghost Reseller
1711,4/7/2023,Tier3,2110,1,531,Fashion,58,16,0.06,6,FALSE,17,41,30,Social Catalyst
1712,12/17/2023,Tier3,1959,0,734,Beauty,1,2,0.13,123,TRUE,40,47,54,Low-Engagement Reseller
1713,10/10/2024,Tier3,18031,18,432,Fashion,54,17,0.05,23,FALSE,16,53,7,Super-Spreader
1714,10/25/2023,Tier3,2222,0,458,Mixed,5,0,0.06,221,FALSE,2,38,72,Low-Engagement Reseller
1715,10/17/2023,Tier2,1893,0,347,Fashion,3,1,0.05,361,FALSE,1,34,99,Low-Engagement Reseller
1716,10/6/2023,Tier4+,5182,0,513,Fashion,3,6,0.14,115,TRUE,41,42,52,Ghost Reseller
1717,9/14/2024,Tier4+,6158,0,646,Beauty,5,5,0.13,297,FALSE,2,48,87,Ghost Reseller
1718,8/15/2024,Tier3,1340,0,577,Mixed,2,4,0.1,350,TRUE,41,41,97,Low-Engagement Reseller
1719,10/20/2024,Tier2,8052,0,675,Beauty,2,2,0.13,285,TRUE,41,51,85,Ghost Reseller
1720,11/1/2024,Tier3,3463,3,677,Fashion,91,30,0.07,22,FALSE,27,47,30,Social Catalyst
1721,4/2/2023,Tier3,3036,2,411,Fashion,73,26,0.05,5,FALSE,22,37,28,Social Catalyst
1722,5/11/2024,Tier3,926,3,633,Mixed,81,25,0.05,17,TRUE,64,44,29,Low-Engagement Reseller
1723,1/31/2023,Tier3,3686,0,518,Fashion,4,0,0.09,353,FALSE,1,41,98,Low-Engagement Reseller
1724,10/20/2023,Tier3,845,0,624,Fashion,3,0,0.05,106,FALSE,1,43,50,Low-Engagement Reseller
1725,9/22/2023,Tier3,642,0,331,Fashion,0,0,0.12,233,TRUE,40,31,75,Low-Engagement Reseller
1726,8/27/2024,Tier3,527,0,426,Fashion,3,0,0.06,176,FALSE,1,35,64,Low-Engagement Reseller
1727,12/30/2024,Tier3,3208,0,369,Beauty,4,0,0.15,105,FALSE,1,34,50,Niche Specialist
1728,11/22/2024,Tier2,5273,0,314,Home,2,0,0.08,291,TRUE,41,35,86,Ghost Reseller
1729,6/25/2023,Tier4+,7926,0,386,Mixed,5,4,0.07,159,FALSE,2,41,60,Ghost Reseller
1730,8/25/2024,Tier4+,11175,0,467,Fashion,0,0,0.11,52,TRUE,40,46,40,Ghost Reseller
1731,5/23/2024,Tier2,3359,0,542,Fashion,4,2,0.09,241,TRUE,41,42,76,Low-Engagement Reseller
1732,9/16/2023,Tier4+,1507,0,415,Fashion,0,0,0.09,270,TRUE,40,35,82,Low-Engagement Reseller
1733,12/28/2024,Tier4+,1467,0,309,Fashion,2,3,0.06,112,FALSE,1,32,51,Low-Engagement Reseller
1734,8/13/2023,Tier3,5827,1,335,Mixed,111,32,0.14,1,FALSE,33,36,29,Low-Engagement Reseller
1735,6/29/2024,Tier3,9022,0,373,Fashion,4,0,0.11,330,FALSE,1,41,93,Ghost Reseller
1736,7/24/2024,Tier4+,4471,3,368,Fashion,33,6,0.11,11,FALSE,10,36,28,Low-Engagement Reseller
1737,11/5/2023,Tier2,811,0,489,Fashion,4,6,0.12,249,FALSE,1,37,78,Low-Engagement Reseller
1738,4/16/2023,Tier3,1861,0,631,Home,5,4,0.11,47,TRUE,42,43,39,Low-Engagement Reseller
1739,7/6/2024,Tier4+,2408,1,316,Home,136,36,0.1,28,FALSE,41,32,34,Niche Specialist
1740,9/29/2024,Tier4+,8001,0,498,Beauty,3,0,0.11,244,FALSE,1,44,77,Ghost Reseller
1741,4/20/2023,Tier2,13490,2,308,Fashion,180,49,0.09,3,FALSE,54,43,28,Social Catalyst
1742,2/23/2024,Tier2,1388,7,389,Home,76,22,0.05,1,FALSE,23,35,20,Low-Engagement Reseller
1743,12/6/2023,Tier3,4988,0,405,Beauty,3,0,0.11,198,TRUE,41,38,68,Niche Specialist
1744,8/10/2024,Tier4+,3553,3,482,Home,61,17,0.11,19,TRUE,58,39,29,Niche Specialist
1745,1/12/2023,Tier2,844,2,465,Fashion,29,14,0.06,20,FALSE,9,37,31,Low-Engagement Reseller
1746,7/31/2023,Tier3,396,0,320,Fashion,3,5,0.15,193,FALSE,1,29,67,Low-Engagement Reseller
1747,8/19/2023,Tier4+,1788,0,545,Home,3,6,0.15,163,FALSE,1,39,61,Low-Engagement Reseller
1748,10/16/2024,Tier3,4747,0,434,Home,3,6,0.13,339,TRUE,41,38,95,Niche Specialist
1749,2/19/2024,Tier4+,10837,0,670,Home,5,4,0.06,344,FALSE,2,55,96,Ghost Reseller
1750,11/9/2024,Tier4+,2155,0,370,Fashion,5,0,0.07,267,FALSE,2,35,81,Low-Engagement Reseller
1751,1/2/2023,Tier2,6175,1,408,Fashion,95,26,0.07,7,FALSE,29,40,30,Social Catalyst
1752,12/27/2024,Tier3,1023,0,709,Mixed,3,1,0.07,147,FALSE,1,46,58,Low-Engagement Reseller
1753,8/6/2023,Tier2,1628,0,634,Fashion,2,0,0.15,164,FALSE,1,42,61,Low-Engagement Reseller
1754,7/25/2024,Tier3,6625,0,361,Beauty,5,7,0.06,100,TRUE,42,39,49,Ghost Reseller
1755,1/17/2024,Tier3,4253,2,459,Fashion,121,39,0.12,23,FALSE,36,39,31,Social Catalyst
1756,12/28/2023,Tier3,6711,0,460,Fashion,4,0,0.14,321,FALSE,1,41,92,Ghost Reseller
1757,10/29/2023,Tier4+,4390,0,670,Home,3,4,0.11,302,FALSE,1,47,88,Niche Specialist
1758,12/21/2024,Tier2,2667,0,471,Fashion,0,3,0.06,51,FALSE,0,39,40,Low-Engagement Reseller
1759,4/30/2024,Tier3,2716,0,533,Fashion,3,0,0.14,133,TRUE,41,40,56,Low-Engagement Reseller
1760,4/17/2023,Tier2,9004,0,470,Mixed,2,3,0.13,248,FALSE,1,44,78,Ghost Reseller
1761,12/20/2024,Tier4+,10006,2,498,Fashion,169,56,0.13,25,FALSE,51,46,32,Social Catalyst
1762,4/8/2023,Tier4+,3228,2,348,Beauty,176,53,0.12,18,FALSE,53,34,30,Niche Specialist
1763,8/31/2024,Tier4+,5344,1,566,Home,109,30,0.05,20,FALSE,33,46,32,Niche Specialist
1764,4/29/2024,Tier3,5563,0,689,Fashion,5,0,0.11,323,FALSE,2,49,92,Ghost Reseller
1765,2/13/2024,Tier4+,9060,2,324,Beauty,36,12,0.05,4,FALSE,11,40,28,Niche Specialist
1766,5/28/2023,Tier2,29773,0,699,Fashion,4,1,0.08,150,FALSE,1,74,59,Ghost Reseller
1767,8/27/2024,Tier2,4338,0,759,Beauty,2,2,0.06,72,FALSE,1,52,44,Niche Specialist
1768,7/18/2024,Tier2,6568,2,478,Mixed,135,45,0.15,29,TRUE,81,41,33,Low-Engagement Reseller
1769,2/9/2023,Tier2,8248,0,332,Fashion,3,0,0.15,57,FALSE,1,38,41,Ghost Reseller
1770,2/20/2024,Tier3,2298,2,772,Home,113,39,0.15,23,FALSE,34,48,31,Niche Specialist
1771,6/23/2023,Tier4+,2015,0,427,Fashion,5,3,0.15,206,TRUE,42,35,70,Low-Engagement Reseller
1772,11/19/2023,Tier4+,3581,1,790,Fashion,25,9,0.06,8,FALSE,8,52,30,Low-Engagement Reseller
1773,7/28/2024,Tier4+,389,2,526,Fashion,58,18,0.1,30,FALSE,17,38,33,Social Catalyst
1774,8/18/2023,Tier3,2957,0,585,Fashion,1,0,0.07,351,TRUE,40,43,97,Low-Engagement Reseller
1775,11/1/2024,Tier3,12869,1,316,Fashion,200,56,0.13,30,FALSE,60,42,34,Social Catalyst
1776,9/10/2024,Tier2,3573,0,421,Mixed,2,0,0.05,283,FALSE,1,38,84,Low-Engagement Reseller
1777,6/13/2024,Tier4+,2619,3,326,Fashion,64,22,0.08,16,FALSE,19,33,29,Social Catalyst
1778,12/15/2024,Tier2,813,1,624,Home,66,21,0.13,9,TRUE,60,42,30,Low-Engagement Reseller
1779,10/27/2024,Tier3,830,5,471,Fashion,168,48,0.09,14,FALSE,50,37,25,Social Catalyst
1780,6/1/2024,Tier2,2970,0,543,Fashion,3,0,0.09,80,TRUE,41,42,45,Low-Engagement Reseller
1781,1/22/2023,Tier4+,1916,0,330,Home,2,0,0.1,111,TRUE,41,32,51,Low-Engagement Reseller
1782,4/26/2023,Tier3,2227,2,728,Home,144,40,0.06,11,TRUE,83,48,29,Niche Specialist
1783,7/1/2024,Tier4+,1785,0,415,Fashion,0,5,0.1,276,FALSE,0,35,83,Low-Engagement Reseller
1784,2/9/2024,Tier2,11034,0,766,Fashion,0,2,0.11,34,FALSE,0,58,37,Ghost Reseller
1785,1/19/2023,Tier4+,6182,1,679,Home,190,61,0.1,23,FALSE,57,50,33,Niche Specialist
1786,9/30/2024,Tier2,3828,0,735,Beauty,4,0,0.09,228,TRUE,41,50,74,Niche Specialist
1787,10/16/2024,Tier4+,2569,0,718,Fashion,3,0,0.13,76,FALSE,1,47,45,Low-Engagement Reseller
1788,3/13/2023,Tier2,167,2,475,Fashion,144,40,0.07,5,TRUE,83,37,28,Social Catalyst
1789,9/3/2023,Tier4+,2869,0,518,Home,3,0,0.14,142,FALSE,1,39,57,Niche Specialist
1790,9/6/2023,Tier3,3089,1,622,Home,157,44,0.14,12,FALSE,47,44,31,Niche Specialist
1791,4/19/2023,Tier4+,19017,2,375,Fashion,15,7,0.13,7,TRUE,45,50,28,Low-Engagement Reseller
1792,4/3/2024,Tier3,2272,0,381,Fashion,0,0,0.05,251,TRUE,40,36,78,Low-Engagement Reseller
1793,7/30/2023,Tier3,1754,0,592,Mixed,4,0,0.09,238,FALSE,1,42,76,Low-Engagement Reseller
1794,5/22/2024,Tier2,1328,1,775,Beauty,48,12,0.15,12,TRUE,54,47,31,Low-Engagement Reseller
1795,8/14/2024,Tier4+,2335,0,408,Home,3,0,0.14,227,FALSE,1,35,74,Niche Specialist
1796,6/28/2024,Tier2,593,0,672,Fashion,1,0,0.08,365,FALSE,0,44,100,Low-Engagement Reseller
1797,5/11/2024,Tier4+,7739,0,544,Fashion,2,5,0.07,292,FALSE,1,47,86,Ghost Reseller
1798,5/1/2023,Tier4+,23772,2,394,Mixed,55,16,0.09,14,FALSE,17,57,30,Low-Engagement Reseller
1799,12/24/2023,Tier2,5649,0,487,Beauty,5,7,0.07,235,FALSE,2,43,75,Ghost Reseller
1800,9/11/2024,Tier3,9874,0,507,Beauty,0,5,0.11,239,FALSE,0,47,76,Ghost Reseller
1801,8/2/2023,Tier4+,40927,2,601,Mixed,17,1,0.11,17,FALSE,5,81,30,Low-Engagement Reseller
1802,5/25/2024,Tier2,3749,15,671,Home,77,22,0.05,20,FALSE,23,48,11,Niche Specialist
1803,3/11/2024,Tier4+,6151,0,427,Home,1,0,0.14,157,FALSE,0,39,60,Ghost Reseller
1804,2/8/2024,Tier2,11658,0,448,Mixed,4,3,0.06,184,TRUE,41,47,65,Ghost Reseller
1805,12/28/2024,Tier3,34488,0,424,Home,2,1,0.12,353,FALSE,1,68,98,Ghost Reseller
1806,5/29/2024,Tier3,3444,0,793,Fashion,5,0,0.13,56,TRUE,42,51,41,Low-Engagement Reseller
1807,12/31/2024,Tier2,2139,0,399,Beauty,1,5,0.05,264,TRUE,40,36,81,Niche Specialist
1808,9/18/2024,Tier2,190,0,609,Beauty,1,0,0.13,246,TRUE,40,40,77,Low-Engagement Reseller
1809,3/7/2024,Tier4+,1748,0,537,Beauty,0,0,0.08,308,FALSE,0,40,89,Low-Engagement Reseller
1810,8/20/2024,Tier3,2565,2,607,Beauty,189,60,0.11,10,FALSE,57,43,29,Niche Specialist
1811,10/19/2023,Tier4+,1500,1,370,Home,64,24,0.1,17,FALSE,19,33,32,Low-Engagement Reseller
1812,6/9/2023,Tier3,6088,0,473,Home,3,4,0.08,99,FALSE,1,42,49,Ghost Reseller
1813,12/1/2023,Tier4+,3701,0,350,Beauty,1,1,0.14,199,FALSE,0,34,68,Niche Specialist
1814,4/22/2023,Tier4+,4389,0,715,Fashion,2,2,0.15,250,TRUE,41,48,78,Low-Engagement Reseller
1815,2/20/2024,Tier2,1164,0,688,Home,1,3,0.06,60,FALSE,0,46,42,Low-Engagement Reseller
1816,7/20/2023,Tier2,5772,0,794,Fashion,3,0,0.07,105,FALSE,1,54,50,Ghost Reseller
1817,6/24/2024,Tier2,2450,5,430,Fashion,57,14,0.08,7,TRUE,57,37,24,Social Catalyst
1818,1/7/2023,Tier2,12541,0,483,Beauty,5,1,0.14,235,TRUE,42,48,75,Ghost Reseller
1819,8/12/2023,Tier3,4364,2,444,Mixed,56,21,0.1,15,TRUE,57,39,30,Low-Engagement Reseller
1820,4/4/2024,Tier4+,4717,3,515,Fashion,66,21,0.08,0,TRUE,60,42,26,Social Catalyst
1821,4/16/2024,Tier2,3300,2,379,Beauty,55,12,0.1,1,TRUE,57,36,27,Niche Specialist
1822,4/17/2023,Tier3,2144,0,363,Home,3,1,0.07,78,FALSE,1,34,45,Niche Specialist
1823,1/24/2024,Tier3,4156,1,756,Fashion,191,52,0.14,0,TRUE,97,50,29,Social Catalyst
1824,1/11/2023,Tier4+,14390,0,728,Fashion,4,3,0.14,192,TRUE,41,59,67,Ghost Reseller
1825,3/17/2023,Tier2,2755,0,421,Fashion,2,1,0.09,180,FALSE,1,37,65,Low-Engagement Reseller
1826,6/29/2023,Tier3,2260,1,407,Fashion,198,55,0.08,8,FALSE,59,36,30,Social Catalyst
1827,6/14/2024,Tier3,921,3,606,Home,188,58,0.07,26,FALSE,56,42,30,Low-Engagement Reseller
1828,11/3/2024,Tier4+,454,0,308,Fashion,4,0,0.05,152,FALSE,1,31,59,Low-Engagement Reseller
1829,10/27/2024,Tier4+,2240,4,771,Mixed,118,36,0.05,3,FALSE,35,50,25,Low-Engagement Reseller
1830,7/27/2024,Tier2,2444,0,375,Fashion,5,3,0.05,85,FALSE,2,36,46,Low-Engagement Reseller
1831,5/16/2023,Tier4+,923,2,392,Fashion,19,2,0.13,13,FALSE,6,33,29,Low-Engagement Reseller
1832,5/9/2023,Tier3,1360,0,531,Mixed,2,1,0.09,66,FALSE,1,39,43,Low-Engagement Reseller
1833,6/24/2023,Tier2,5197,0,311,Home,2,0,0.07,218,FALSE,1,35,72,Ghost Reseller
1834,8/29/2023,Tier3,9845,0,430,Home,2,0,0.06,89,TRUE,41,45,47,Ghost Reseller
1835,3/2/2023,Tier3,5129,2,313,Fashion,75,21,0.14,10,FALSE,23,34,29,Social Catalyst
1836,11/4/2023,Tier4+,2514,1,697,Fashion,30,7,0.12,25,FALSE,9,46,33,Low-Engagement Reseller
1837,6/10/2023,Tier3,1209,2,787,Home,192,61,0.1,13,FALSE,58,49,29,Low-Engagement Reseller
1838,6/29/2024,Tier3,1702,0,360,Fashion,0,2,0.05,146,FALSE,0,34,58,Low-Engagement Reseller
1839,4/21/2023,Tier3,2069,2,390,Home,196,57,0.11,28,FALSE,59,34,32,Niche Specialist
1840,8/15/2024,Tier3,31618,0,455,Home,3,2,0.11,205,FALSE,1,66,69,Ghost Reseller
1841,3/13/2023,Tier3,2678,3,587,Fashion,93,23,0.14,25,TRUE,68,42,30,Social Catalyst
1842,12/30/2023,Tier3,14482,0,630,Home,2,0,0.07,180,TRUE,41,57,65,Ghost Reseller
1843,7/20/2024,Tier4+,1185,2,515,Fashion,38,14,0.08,26,FALSE,11,39,32,Low-Engagement Reseller
1844,1/1/2023,Tier4+,7596,2,481,Fashion,156,42,0.05,3,FALSE,47,45,28,Social Catalyst
1845,5/1/2023,Tier4+,4329,2,448,Beauty,77,22,0.07,3,FALSE,23,40,28,Niche Specialist
1846,1/5/2024,Tier3,6233,3,309,Beauty,41,12,0.13,23,FALSE,12,35,30,Niche Specialist
1847,3/20/2024,Tier4+,2849,0,542,Home,1,0,0.14,41,FALSE,0,40,38,Niche Specialist
1848,11/26/2023,Tier4+,3782,1,678,Beauty,36,9,0.14,11,FALSE,11,46,31,Niche Specialist
1849,11/2/2023,Tier3,12541,0,451,Fashion,1,3,0.11,82,TRUE,40,47,46,Ghost Reseller
1850,5/15/2024,Tier2,1076,5,403,Home,51,17,0.1,28,FALSE,15,34,28,Low-Engagement Reseller
1851,7/13/2023,Tier2,4895,2,772,Beauty,110,31,0.08,19,FALSE,33,52,31,Niche Specialist
1852,12/27/2023,Tier3,5307,1,605,Mixed,146,43,0.08,2,FALSE,44,46,29,Low-Engagement Reseller
1853,1/24/2023,Tier3,2763,0,622,Fashion,0,4,0.08,33,FALSE,0,44,36,Low-Engagement Reseller
1854,3/4/2024,Tier4+,6256,3,607,Fashion,158,46,0.15,27,TRUE,87,46,31,Social Catalyst
1855,2/20/2024,Tier2,8019,0,475,Fashion,2,0,0.11,351,TRUE,41,44,97,Ghost Reseller
1856,8/27/2023,Tier3,2398,2,429,Fashion,12,1,0.09,28,FALSE,4,37,32,Low-Engagement Reseller
1857,9/6/2024,Tier3,11935,0,720,Home,3,0,0.15,156,TRUE,41,56,60,Ghost Reseller
1858,6/20/2023,Tier4+,7200,0,516,Home,1,0,0.09,106,FALSE,0,45,50,Ghost Reseller
1859,3/31/2023,Tier2,1395,0,797,Beauty,0,3,0.1,221,FALSE,0,49,72,Low-Engagement Reseller
1860,3/18/2024,Tier3,1133,1,396,Fashion,199,60,0.09,13,FALSE,60,34,31,Social Catalyst
1861,6/18/2023,Tier4+,24161,0,792,Home,0,1,0.06,222,FALSE,0,73,73,Ghost Reseller
1862,7/31/2024,Tier3,4051,0,524,Fashion,3,1,0.14,234,TRUE,41,41,75,Low-Engagement Reseller
1863,5/11/2023,Tier4+,788,3,548,Home,122,33,0.13,5,TRUE,77,39,26,Low-Engagement Reseller
1864,8/13/2024,Tier3,2951,0,339,Beauty,4,1,0.06,63,TRUE,41,34,42,Niche Specialist
1865,2/12/2024,Tier3,1274,0,324,Fashion,0,0,0.1,95,FALSE,0,31,48,Low-Engagement Reseller
1866,1/19/2023,Tier4+,18898,1,457,Home,141,43,0.15,0,FALSE,42,53,29,Niche Specialist
1867,10/17/2023,Tier4+,5674,2,430,Home,21,7,0.14,25,TRUE,46,39,32,Niche Specialist
1868,12/27/2023,Tier4+,1238,0,346,Beauty,4,5,0.09,172,FALSE,1,32,63,Low-Engagement Reseller
1869,7/10/2024,Tier3,9678,2,701,Fashion,134,42,0.15,13,TRUE,80,53,29,Social Catalyst
1870,4/2/2023,Tier3,3541,1,629,Home,73,24,0.07,10,TRUE,62,46,30,Niche Specialist
1871,9/5/2024,Tier4+,20200,0,596,Fashion,2,0,0.13,117,FALSE,1,60,52,Ghost Reseller
1872,6/26/2024,Tier4+,5343,1,503,Fashion,52,12,0.12,30,FALSE,16,42,34,Social Catalyst
1873,4/30/2023,Tier2,2551,0,554,Mixed,3,2,0.06,230,TRUE,41,42,74,Low-Engagement Reseller
1874,6/27/2023,Tier2,572,0,498,Fashion,3,1,0.07,121,FALSE,1,38,53,Low-Engagement Reseller
1875,6/18/2023,Tier4+,4185,0,777,Beauty,0,0,0.13,46,TRUE,40,51,39,Niche Specialist
1876,2/4/2024,Tier3,9285,1,514,Home,130,36,0.13,4,FALSE,39,46,29,Niche Specialist
1877,11/1/2024,Tier2,10227,1,446,Mixed,103,32,0.09,6,FALSE,31,45,30,Low-Engagement Reseller
1878,7/13/2023,Tier2,4767,0,687,Beauty,5,0,0.07,136,FALSE,2,49,56,Niche Specialist
1879,1/12/2023,Tier2,1187,5,396,Fashion,51,20,0.05,6,TRUE,55,35,24,Social Catalyst
1880,9/6/2023,Tier3,1910,0,450,Fashion,0,0,0.1,153,TRUE,40,37,59,Low-Engagement Reseller
1881,2/2/2023,Tier3,8791,0,674,Fashion,4,4,0.07,132,FALSE,1,53,55,Ghost Reseller
1882,11/10/2023,Tier4+,1818,0,622,Home,1,2,0.15,334,FALSE,0,42,94,Low-Engagement Reseller
1883,10/18/2023,Tier3,2772,2,558,Mixed,105,27,0.12,12,TRUE,72,41,29,Low-Engagement Reseller
1884,7/26/2023,Tier2,1720,2,744,Fashion,137,43,0.06,21,FALSE,41,48,31,Social Catalyst
1885,4/27/2024,Tier4+,5263,0,335,Mixed,4,1,0.14,294,TRUE,41,35,86,Ghost Reseller
1886,5/27/2023,Tier3,11359,0,619,Fashion,3,0,0.12,362,TRUE,41,52,99,Ghost Reseller
1887,5/14/2024,Tier3,1784,2,469,Home,68,23,0.07,22,FALSE,20,38,31,Low-Engagement Reseller
1888,9/3/2023,Tier3,15543,1,610,Fashion,44,16,0.08,29,FALSE,13,57,34,Low-Engagement Reseller
1889,5/22/2023,Tier3,7693,0,696,Beauty,3,1,0.08,181,TRUE,41,52,65,Ghost Reseller
1890,2/13/2024,Tier3,10834,1,788,Fashion,136,46,0.14,28,FALSE,41,58,34,Social Catalyst
1891,11/24/2024,Tier4+,11640,0,697,Home,2,0,0.14,145,FALSE,1,55,58,Ghost Reseller
1892,4/23/2024,Tier3,9821,1,304,Fashion,114,37,0.08,23,FALSE,34,40,33,Social Catalyst
1893,11/4/2023,Tier4+,4892,4,571,Beauty,123,34,0.15,30,FALSE,37,43,30,Niche Specialist
1894,2/26/2024,Tier3,7841,1,664,Fashion,16,1,0.07,8,FALSE,5,51,30,Low-Engagement Reseller
1895,8/20/2023,Tier3,4792,6,539,Fashion,151,48,0.12,13,FALSE,45,43,23,Social Catalyst
1896,10/21/2024,Tier2,2789,2,340,Fashion,121,41,0.08,4,FALSE,36,34,28,Social Catalyst
1897,11/15/2024,Tier3,1118,0,312,Fashion,0,0,0.1,84,FALSE,0,31,46,Low-Engagement Reseller
1898,6/9/2024,Tier2,1032,1,418,Fashion,105,33,0.1,18,FALSE,32,35,32,Social Catalyst
1899,4/22/2023,Tier4+,35502,0,316,Mixed,2,0,0.09,278,TRUE,41,66,83,Ghost Reseller
1900,5/12/2023,Tier3,3888,5,479,Beauty,85,25,0.08,10,FALSE,26,40,24,Niche Specialist
1901,5/27/2023,Tier3,14605,0,536,Fashion,5,5,0.1,242,FALSE,2,53,76,Ghost Reseller
1902,5/23/2024,Tier2,1946,0,733,Beauty,1,4,0.11,322,TRUE,40,47,92,Low-Engagement Reseller
1903,7/8/2023,Tier3,2313,2,725,Fashion,13,0,0.13,25,TRUE,44,47,32,Low-Engagement Reseller
1904,2/17/2023,Tier3,1481,0,473,Fashion,3,0,0.14,216,FALSE,1,36,71,Low-Engagement Reseller
1905,5/22/2024,Tier2,6892,0,644,Mixed,5,2,0.14,210,FALSE,2,48,70,Ghost Reseller
1906,11/24/2024,Tier2,782,0,722,Home,2,0,0.06,187,FALSE,1,47,66,Low-Engagement Reseller
1907,4/3/2023,Tier2,4754,0,337,Fashion,1,0,0.15,234,FALSE,0,34,75,Low-Engagement Reseller
1908,7/9/2024,Tier3,2246,1,739,Mixed,77,19,0.05,28,FALSE,23,49,34,Low-Engagement Reseller
1909,5/28/2024,Tier4+,17946,0,674,Home,3,5,0.08,203,TRUE,41,62,69,Ghost Reseller
1910,6/8/2023,Tier3,1911,0,784,Fashion,1,0,0.14,105,TRUE,40,49,50,Low-Engagement Reseller
1911,7/3/2023,Tier4+,6060,0,444,Home,5,0,0.12,165,FALSE,2,40,62,Ghost Reseller
1912,8/28/2024,Tier4+,6119,0,603,Home,0,0,0.05,274,FALSE,0,48,83,Ghost Reseller
1913,2/19/2023,Tier3,5265,5,583,Beauty,125,35,0.09,28,TRUE,78,45,28,Niche Specialist
1914,9/15/2023,Tier4+,31335,1,760,Home,48,16,0.15,2,FALSE,14,77,29,Niche Specialist
1915,4/13/2024,Tier3,1956,0,678,Beauty,2,0,0.05,159,FALSE,1,46,60,Low-Engagement Reseller
1916,1/25/2024,Tier4+,4488,0,537,Mixed,0,5,0.09,56,TRUE,40,43,41,Low-Engagement Reseller
1917,12/17/2023,Tier4+,3828,2,520,Fashion,38,16,0.06,14,FALSE,11,42,30,Low-Engagement Reseller
1918,1/19/2023,Tier4+,3410,2,617,Fashion,58,16,0.1,23,FALSE,17,45,31,Social Catalyst
1919,7/17/2023,Tier3,18564,1,690,Fashion,113,29,0.14,19,TRUE,74,62,32,Social Catalyst
1920,1/1/2024,Tier3,7938,0,725,Fashion,3,3,0.05,90,TRUE,41,54,47,Ghost Reseller
1921,12/14/2023,Tier2,8863,0,786,Beauty,0,4,0.12,89,FALSE,0,56,47,Ghost Reseller
1922,10/7/2024,Tier4+,4974,0,719,Mixed,5,4,0.11,84,FALSE,2,50,46,Low-Engagement Reseller
1923,3/18/2024,Tier4+,10914,5,800,Home,116,37,0.07,11,FALSE,35,60,25,Super-Spreader
1924,4/9/2023,Tier3,193,0,738,Fashion,5,3,0.09,225,FALSE,2,46,73,Low-Engagement Reseller
1925,6/23/2023,Tier2,2359,3,371,Fashion,99,35,0.1,27,FALSE,30,34,31,Social Catalyst
1926,9/3/2023,Tier2,637,0,374,Fashion,1,0,0.07,131,FALSE,0,33,55,Low-Engagement Reseller
1927,12/19/2023,Tier3,2942,2,568,Fashion,29,14,0.05,16,FALSE,9,43,30,Low-Engagement Reseller
1928,4/24/2024,Tier2,32293,5,410,Beauty,17,1,0.08,21,FALSE,5,66,27,Super-Spreader
1929,5/11/2024,Tier4+,11833,0,719,Fashion,4,5,0.06,89,TRUE,41,58,47,Ghost Reseller
1930,12/24/2023,Tier2,10147,0,637,Fashion,3,0,0.08,274,FALSE,1,52,83,Ghost Reseller
1931,7/8/2023,Tier2,2306,0,651,Home,5,3,0.12,43,TRUE,42,44,38,Niche Specialist
1932,3/7/2023,Tier2,5156,2,658,Mixed,188,56,0.14,13,FALSE,56,47,29,Low-Engagement Reseller
1933,12/13/2023,Tier3,5589,0,596,Home,1,0,0.05,210,FALSE,0,47,70,Ghost Reseller
1934,3/11/2024,Tier4+,14189,4,707,Home,152,48,0.13,16,FALSE,46,58,27,Niche Specialist
1935,6/26/2024,Tier4+,2723,0,392,Fashion,2,0,0.1,125,TRUE,41,35,54,Low-Engagement Reseller
1936,9/12/2024,Tier3,1705,2,371,Home,197,61,0.12,19,TRUE,99,33,31,Low-Engagement Reseller
1937,9/9/2024,Tier2,3943,0,300,Mixed,3,6,0.06,212,FALSE,1,34,71,Low-Engagement Reseller
1938,9/16/2024,Tier2,7923,0,460,Fashion,2,1,0.13,93,FALSE,1,43,48,Ghost Reseller
1939,12/29/2024,Tier3,1236,1,420,Home,173,49,0.15,28,FALSE,52,34,34,Low-Engagement Reseller
1940,4/19/2024,Tier3,2844,0,617,Beauty,5,4,0.12,253,FALSE,2,44,79,Niche Specialist
1941,12/29/2023,Tier3,2816,0,367,Fashion,4,0,0.14,43,TRUE,41,34,38,Low-Engagement Reseller
1942,3/27/2023,Tier3,2118,0,700,Beauty,5,7,0.08,297,TRUE,42,47,87,Niche Specialist
1943,6/28/2024,Tier4+,2105,0,662,Mixed,1,3,0.08,235,TRUE,40,45,75,Low-Engagement Reseller
1944,6/16/2023,Tier4+,501,2,704,Fashion,143,43,0.08,29,TRUE,83,45,33,Social Catalyst
1945,6/3/2023,Tier4+,959,2,348,Beauty,57,20,0.13,9,FALSE,17,31,29,Low-Engagement Reseller
1946,6/18/2024,Tier2,4325,1,360,Fashion,16,3,0.14,11,TRUE,45,35,31,Low-Engagement Reseller
1947,7/8/2024,Tier3,3139,0,470,Beauty,0,3,0.08,122,TRUE,40,39,53,Niche Specialist
1948,10/13/2024,Tier3,9615,2,532,Beauty,178,52,0.11,20,FALSE,53,47,31,Niche Specialist
1949,4/19/2024,Tier4+,3223,0,742,Fashion,0,1,0.12,312,TRUE,40,49,90,Low-Engagement Reseller
1950,1/1/2024,Tier4+,1180,1,421,Home,144,40,0.14,25,TRUE,83,34,33,Low-Engagement Reseller
1951,6/6/2023,Tier3,1739,0,757,Fashion,5,0,0.14,132,TRUE,42,47,55,Low-Engagement Reseller
1952,3/22/2024,Tier4+,2957,2,544,Fashion,113,32,0.07,24,FALSE,34,42,32,Social Catalyst
1953,7/28/2024,Tier4+,6271,2,338,Mixed,146,40,0.05,30,FALSE,44,38,33,Low-Engagement Reseller
1954,7/8/2023,Tier4+,4697,0,337,Beauty,4,0,0.15,318,FALSE,1,34,91,Niche Specialist
1955,7/12/2023,Tier4+,1194,0,446,Fashion,2,5,0.08,311,FALSE,1,36,90,Low-Engagement Reseller
1956,2/28/2023,Tier3,4450,1,378,Fashion,190,60,0.08,12,TRUE,97,37,31,Social Catalyst
1957,1/27/2024,Tier3,16696,1,559,Home,165,53,0.12,13,FALSE,50,55,31,Niche Specialist
1958,5/5/2024,Tier3,3354,2,741,Home,69,22,0.14,17,TRUE,61,48,30,Niche Specialist
1959,7/22/2023,Tier2,8595,0,450,Home,4,0,0.05,33,TRUE,41,44,36,Ghost Reseller
1960,8/3/2023,Tier2,5855,1,395,Home,172,53,0.11,16,FALSE,52,38,32,Niche Specialist
1961,3/19/2024,Tier4+,4715,1,324,Fashion,141,43,0.12,5,TRUE,82,34,29,Social Catalyst
1962,1/1/2024,Tier3,17978,0,330,Home,5,0,0.05,319,FALSE,2,49,91,Ghost Reseller
1963,11/30/2024,Tier3,1486,1,634,Fashion,158,44,0.1,18,FALSE,47,43,32,Social Catalyst
1964,2/26/2023,Tier2,1871,0,342,Home,3,1,0.14,115,FALSE,1,32,52,Low-Engagement Reseller
1965,12/1/2024,Tier4+,12612,0,695,Home,2,0,0.12,338,FALSE,1,56,95,Ghost Reseller
1966,3/28/2024,Tier3,54169,0,694,Fashion,1,1,0.15,170,FALSE,0,97,63,Ghost Reseller
1967,3/24/2023,Tier3,11082,5,754,Mixed,133,36,0.15,0,FALSE,40,56,23,Super-Spreader
1968,7/1/2024,Tier3,6793,0,571,Fashion,0,0,0.14,218,TRUE,40,45,72,Ghost Reseller
1969,12/15/2024,Tier4+,8731,0,490,Fashion,5,7,0.08,94,FALSE,2,46,48,Ghost Reseller
1970,3/11/2024,Tier4+,4150,0,603,Beauty,2,0,0.08,314,TRUE,41,45,90,Niche Specialist
1971,12/3/2023,Tier4+,2155,0,494,Fashion,5,6,0.11,185,FALSE,2,38,65,Low-Engagement Reseller
1972,2/22/2024,Tier4+,1936,0,613,Fashion,1,0,0.06,170,TRUE,40,44,63,Low-Engagement Reseller
1973,12/9/2024,Tier2,1650,0,538,Fashion,2,1,0.05,205,FALSE,1,41,69,Low-Engagement Reseller
1974,3/25/2023,Tier3,29927,0,730,Fashion,5,4,0.07,332,TRUE,42,76,94,Ghost Reseller
1975,12/5/2023,Tier3,3854,0,351,Beauty,4,0,0.14,324,FALSE,1,34,92,Niche Specialist
1976,2/26/2024,Tier4+,1970,1,790,Home,170,56,0.08,29,FALSE,51,50,34,Low-Engagement Reseller
1977,11/11/2023,Tier3,7552,0,350,Fashion,4,0,0.12,140,FALSE,1,38,57,Ghost Reseller
1978,11/4/2023,Tier4+,1472,0,780,Fashion,0,0,0.05,112,TRUE,40,50,51,Low-Engagement Reseller
1979,2/15/2024,Tier3,922,3,466,Beauty,111,32,0.14,4,FALSE,33,36,26,Low-Engagement Reseller
1980,4/4/2023,Tier3,1760,1,437,Fashion,82,23,0.05,3,FALSE,25,37,29,Social Catalyst
1981,1/30/2023,Tier4+,6449,0,480,Beauty,4,0,0.05,296,FALSE,1,43,87,Ghost Reseller
1982,11/2/2023,Tier3,1737,0,309,Fashion,0,0,0.11,65,TRUE,40,31,42,Low-Engagement Reseller
1983,2/15/2023,Tier3,10861,2,608,Mixed,125,36,0.12,6,FALSE,38,51,28,Low-Engagement Reseller
1984,11/1/2023,Tier3,19493,0,680,Home,2,5,0.1,330,TRUE,41,63,93,Ghost Reseller
1985,4/11/2023,Tier3,648,1,547,Fashion,53,17,0.14,13,FALSE,16,38,31,Social Catalyst
1986,11/4/2023,Tier3,1701,1,594,Beauty,85,24,0.14,6,TRUE,66,41,30,Low-Engagement Reseller
1987,3/8/2023,Tier3,2513,3,644,Fashion,40,7,0.1,24,FALSE,12,45,30,Low-Engagement Reseller
1988,8/6/2024,Tier3,3040,0,795,Mixed,4,0,0.09,182,FALSE,1,51,65,Low-Engagement Reseller
1989,1/3/2023,Tier3,2669,4,743,Fashion,121,31,0.12,28,FALSE,36,48,29,Social Catalyst
1990,5/18/2023,Tier4+,2879,2,694,Fashion,150,42,0.13,18,TRUE,85,46,30,Social Catalyst
1991,4/13/2024,Tier3,4096,0,663,Home,0,0,0.14,242,FALSE,0,46,76,Niche Specialist
1992,10/12/2023,Tier3,6527,0,682,Home,5,6,0.06,211,FALSE,2,51,70,Ghost Reseller
1993,3/31/2023,Tier3,9238,0,475,Home,1,0,0.06,223,TRUE,40,46,73,Ghost Reseller
1994,5/29/2024,Tier4+,3517,1,461,Home,127,36,0.11,2,FALSE,38,39,29,Niche Specialist
1995,4/21/2023,Tier4+,642,1,544,Fashion,20,4,0.11,14,TRUE,46,39,31,Low-Engagement Reseller
1996,7/23/2024,Tier4+,3453,0,690,Home,1,2,0.14,55,FALSE,0,47,41,Niche Specialist
1997,7/4/2023,Tier3,1375,0,444,Fashion,3,0,0.1,253,TRUE,41,36,79,Low-Engagement Reseller
1998,10/21/2024,Tier4+,6643,3,328,Home,33,7,0.05,25,FALSE,10,38,30,Niche Specialist
1999,5/10/2024,Tier4+,3202,2,379,Home,89,25,0.11,0,FALSE,27,35,27,Niche Specialist
2000,3/20/2024,Tier3,1222,0,419,Fashion,0,4,0.15,335,FALSE,0,34,94,Low-Engagement Reseller
2001,7/3/2023,Tier3,16243,3,440,Fashion,101,35,0.13,8,FALSE,30,50,27,Social Catalyst
2002,8/9/2023,Tier3,3486,0,624,Beauty,1,0,0.09,294,TRUE,40,45,86,Niche Specialist
2003,7/7/2023,Tier2,1551,0,784,Mixed,3,0,0.1,193,FALSE,1,49,67,Low-Engagement Reseller
2004,2/11/2024,Tier3,619,2,311,Beauty,190,54,0.06,3,TRUE,97,31,28,Low-Engagement Reseller
2005,10/8/2023,Tier2,11221,1,411,Fashion,59,17,0.1,12,FALSE,18,45,31,Social Catalyst
2006,3/6/2023,Tier2,9814,0,664,Fashion,1,0,0.11,309,FALSE,0,53,89,Ghost Reseller
2007,9/9/2023,Tier2,4163,1,480,Fashion,159,52,0.12,26,TRUE,88,40,33,Social Catalyst
2008,11/12/2024,Tier4+,767,0,413,Fashion,3,4,0.15,144,TRUE,41,33,58,Low-Engagement Reseller
2009,4/17/2024,Tier3,10556,5,537,Home,122,39,0.11,12,TRUE,77,48,25,Super-Spreader
2010,3/10/2023,Tier4+,1614,0,691,Fashion,3,0,0.13,199,TRUE,41,45,68,Low-Engagement Reseller
2011,1/12/2023,Tier3,20251,2,474,Beauty,149,42,0.06,26,FALSE,45,57,32,Niche Specialist
2012,8/1/2024,Tier3,643,2,699,Fashion,136,45,0.06,7,TRUE,81,46,28,Social Catalyst
2013,10/30/2024,Tier3,2867,0,628,Fashion,2,4,0.08,77,FALSE,1,45,45,Low-Engagement Reseller
2014,8/9/2024,Tier2,3035,2,699,Mixed,153,47,0.05,26,TRUE,86,48,32,Low-Engagement Reseller
2015,9/26/2023,Tier3,6335,0,380,Fashion,1,0,0.13,246,TRUE,40,38,77,Ghost Reseller
2016,12/16/2023,Tier3,5563,3,369,Home,35,11,0.1,10,FALSE,11,37,27,Niche Specialist
2017,8/20/2024,Tier3,17482,2,541,Home,21,11,0.11,14,TRUE,46,56,30,Niche Specialist
2018,11/14/2024,Tier2,2537,1,693,Home,85,24,0.07,16,FALSE,26,47,32,Niche Specialist
2019,8/6/2024,Tier4+,10578,0,496,Fashion,2,0,0.09,330,TRUE,41,47,93,Ghost Reseller
2020,2/8/2023,Tier3,2569,2,751,Fashion,19,3,0.15,13,FALSE,6,48,29,Low-Engagement Reseller
2021,6/28/2023,Tier4+,5025,0,623,Fashion,4,0,0.13,282,FALSE,1,46,84,Ghost Reseller
2022,1/5/2023,Tier3,13317,0,424,Fashion,2,4,0.1,347,FALSE,1,47,97,Ghost Reseller
2023,11/17/2023,Tier4+,551,3,490,Fashion,41,12,0.14,25,FALSE,12,36,30,Low-Engagement Reseller
2024,8/6/2024,Tier3,2728,0,655,Beauty,4,0,0.09,169,FALSE,1,45,62,Niche Specialist
2025,6/18/2024,Tier3,2322,1,569,Fashion,120,31,0.09,5,FALSE,36,42,29,Social Catalyst
2026,5/7/2023,Tier4+,4038,2,387,Fashion,182,50,0.09,10,FALSE,55,37,29,Social Catalyst
2027,5/22/2023,Tier3,10694,0,316,Fashion,4,0,0.14,211,TRUE,41,40,70,Ghost Reseller
2028,8/23/2023,Tier4+,14096,0,403,Home,5,0,0.07,83,FALSE,2,48,46,Ghost Reseller
2029,8/11/2024,Tier4+,1328,0,575,Home,0,0,0.06,175,FALSE,0,42,64,Low-Engagement Reseller
2030,3/4/2023,Tier3,4932,2,389,Fashion,72,19,0.1,18,TRUE,62,38,30,Social Catalyst
2031,1/16/2024,Tier3,18001,0,606,Fashion,2,0,0.08,112,TRUE,41,59,51,Ghost Reseller
2032,9/2/2023,Tier2,16490,0,707,Fashion,5,7,0.08,213,FALSE,2,61,71,Ghost Reseller
2033,12/13/2023,Tier4+,2183,0,497,Fashion,5,0,0.09,290,TRUE,42,39,86,Low-Engagement Reseller
2034,7/23/2023,Tier4+,6221,0,427,Fashion,0,0,0.1,240,TRUE,40,40,76,Ghost Reseller
2035,9/21/2023,Tier4+,2407,1,609,Fashion,36,15,0.12,14,FALSE,11,43,31,Low-Engagement Reseller
2036,1/4/2023,Tier4+,3353,2,563,Fashion,15,0,0.14,8,FALSE,5,42,29,Low-Engagement Reseller
2037,8/7/2024,Tier2,7709,0,423,Fashion,1,2,0.11,53,TRUE,40,41,40,Ghost Reseller
2038,5/23/2023,Tier3,21585,0,570,Beauty,2,0,0.08,119,FALSE,1,61,53,Ghost Reseller
2039,8/15/2024,Tier2,6476,0,324,Fashion,4,0,0.1,75,FALSE,1,37,44,Ghost Reseller
2040,7/7/2023,Tier4+,1489,2,685,Beauty,21,8,0.09,13,FALSE,6,45,29,Low-Engagement Reseller
2041,3/15/2024,Tier4+,3116,0,476,Mixed,4,4,0.11,105,FALSE,1,39,50,Low-Engagement Reseller
2042,1/24/2023,Tier4+,1272,0,682,Fashion,1,0,0.15,252,TRUE,40,44,78,Low-Engagement Reseller
2043,3/6/2023,Tier2,3257,0,566,Fashion,1,5,0.13,319,TRUE,40,42,91,Low-Engagement Reseller
2044,2/13/2023,Tier3,609,0,699,Fashion,0,0,0.1,126,TRUE,40,45,54,Low-Engagement Reseller
2045,9/11/2024,Tier4+,1219,0,627,Home,2,2,0.12,276,TRUE,41,42,83,Low-Engagement Reseller
2046,8/12/2024,Tier3,1456,2,342,Fashion,120,41,0.08,12,FALSE,36,33,29,Social Catalyst
2047,10/16/2023,Tier2,1105,0,575,Beauty,4,0,0.14,167,TRUE,41,40,62,Low-Engagement Reseller
2048,3/10/2024,Tier2,1251,2,425,Fashion,149,46,0.11,23,TRUE,85,35,31,Social Catalyst
2049,12/23/2023,Tier2,12451,0,645,Home,4,5,0.11,102,FALSE,1,54,50,Ghost Reseller
2050,12/29/2023,Tier3,3087,18,543,Home,13,2,0.06,10,FALSE,4,42,5,Niche Specialist
2051,11/8/2024,Tier2,2914,0,643,Beauty,2,0,0.05,345,FALSE,1,46,96,Niche Specialist
2052,1/8/2024,Tier4+,3155,16,345,Fashion,51,10,0.07,23,FALSE,15,35,10,Social Catalyst
2053,9/9/2023,Tier4+,4384,0,316,Home,1,0,0.15,97,FALSE,0,33,49,Niche Specialist
2054,8/26/2024,Tier4+,2974,0,459,Home,3,6,0.1,359,FALSE,1,38,99,Niche Specialist
2055,7/13/2024,Tier4+,11227,2,532,Fashion,14,8,0.08,23,FALSE,4,50,31,Low-Engagement Reseller
2056,10/14/2023,Tier2,1224,0,435,Home,5,4,0.15,275,TRUE,42,35,83,Low-Engagement Reseller
2057,7/9/2023,Tier3,8137,0,534,Home,2,0,0.11,128,TRUE,41,46,55,Ghost Reseller
2058,5/22/2024,Tier3,1888,0,421,Mixed,5,3,0.15,93,FALSE,2,35,48,Low-Engagement Reseller
2059,5/18/2023,Tier4+,7421,0,334,Beauty,0,0,0.05,291,TRUE,40,39,86,Ghost Reseller
2060,6/28/2024,Tier3,6613,0,540,Fashion,5,0,0.06,219,TRUE,42,46,72,Ghost Reseller
2061,1/8/2023,Tier4+,6446,1,460,Beauty,17,0,0.14,7,TRUE,45,41,30,Niche Specialist
2062,8/20/2023,Tier4+,1638,2,689,Fashion,90,29,0.11,0,TRUE,67,45,27,Social Catalyst
2063,6/3/2023,Tier3,3994,4,791,Beauty,123,40,0.15,7,TRUE,77,51,25,Niche Specialist
2064,4/4/2024,Tier4+,1411,0,430,Home,4,0,0.14,256,TRUE,41,35,79,Low-Engagement Reseller
2065,11/21/2023,Tier3,2969,0,713,Fashion,4,5,0.09,279,TRUE,41,48,84,Low-Engagement Reseller
2066,12/4/2024,Tier2,5044,0,474,Home,5,0,0.14,127,FALSE,2,40,54,Ghost Reseller
2067,2/11/2023,Tier3,13292,0,705,Beauty,3,3,0.05,107,FALSE,1,59,51,Ghost Reseller
2068,12/9/2023,Tier3,24287,0,603,Home,2,0,0.11,224,FALSE,1,65,73,Ghost Reseller
2069,11/12/2024,Tier2,9955,0,489,Mixed,5,6,0.15,301,TRUE,42,45,88,Ghost Reseller
2070,3/4/2023,Tier2,1948,2,783,Fashion,145,48,0.08,27,FALSE,44,50,32,Social Catalyst
2071,10/28/2023,Tier3,66907,9,448,Home,161,45,0.13,29,TRUE,88,101,22,Super-Spreader
2072,6/12/2023,Tier4+,4615,0,676,Fashion,5,0,0.06,346,FALSE,2,49,96,Low-Engagement Reseller
2073,1/28/2024,Tier3,708,0,360,Fashion,2,0,0.06,288,FALSE,1,33,85,Low-Engagement Reseller
2074,2/5/2023,Tier3,2624,0,507,Beauty,2,0,0.08,45,FALSE,1,40,39,Niche Specialist
2075,3/14/2023,Tier4+,2466,0,513,Beauty,1,0,0.13,294,FALSE,0,39,86,Niche Specialist
2076,7/10/2023,Tier3,2032,0,729,Mixed,5,5,0.05,151,FALSE,2,48,59,Low-Engagement Reseller
2077,4/14/2023,Tier3,3014,0,717,Mixed,0,0,0.12,312,FALSE,0,48,90,Low-Engagement Reseller
2078,2/4/2024,Tier4+,12059,2,423,Fashion,99,29,0.13,14,FALSE,30,45,30,Social Catalyst
2079,5/1/2023,Tier2,1416,0,471,Mixed,0,2,0.08,248,TRUE,40,37,78,Low-Engagement Reseller
2080,11/29/2023,Tier2,1386,7,614,Fashion,44,10,0.05,23,TRUE,53,43,24,Low-Engagement Reseller
2081,6/17/2024,Tier2,1704,0,707,Fashion,4,3,0.12,216,FALSE,1,46,71,Low-Engagement Reseller
2082,4/6/2023,Tier3,1033,2,689,Fashion,94,31,0.14,24,TRUE,68,44,32,Social Catalyst
2083,3/29/2024,Tier3,27454,0,385,Fashion,1,5,0.07,102,TRUE,40,60,50,Ghost Reseller
2084,8/2/2023,Tier2,5619,0,629,Home,3,3,0.12,48,FALSE,1,47,39,Ghost Reseller
2085,6/19/2024,Tier2,418,2,316,Fashion,121,40,0.11,29,FALSE,36,30,33,Social Catalyst
2086,7/21/2023,Tier3,12060,0,395,Fashion,3,2,0.14,347,FALSE,1,44,97,Ghost Reseller
2087,8/8/2023,Tier2,4275,0,481,Beauty,3,5,0.06,79,TRUE,41,41,45,Niche Specialist
2088,1/9/2024,Tier3,6490,1,316,Fashion,111,35,0.11,14,FALSE,33,36,31,Social Catalyst
2089,4/12/2023,Tier3,7824,0,524,Home,3,0,0.1,250,FALSE,1,45,78,Ghost Reseller
2090,1/16/2023,Tier3,8043,0,603,Mixed,5,6,0.07,315,TRUE,42,49,90,Ghost Reseller
2091,1/16/2023,Tier3,1129,0,785,Fashion,0,0,0.13,233,FALSE,0,48,75,Low-Engagement Reseller
2092,6/3/2024,Tier3,11906,0,496,Fashion,4,0,0.07,167,TRUE,41,49,62,Ghost Reseller
2093,4/3/2024,Tier2,4338,2,608,Fashion,75,19,0.13,12,FALSE,23,45,29,Social Catalyst
2094,10/14/2023,Tier3,8371,0,783,Fashion,3,0,0.12,352,FALSE,1,55,98,Ghost Reseller
2095,5/24/2023,Tier2,252,0,442,Beauty,3,3,0.05,68,FALSE,1,36,43,Low-Engagement Reseller
2096,9/4/2024,Tier4+,792,0,630,Fashion,3,0,0.05,163,FALSE,1,43,61,Low-Engagement Reseller
2097,9/25/2023,Tier3,1630,0,373,Fashion,3,0,0.07,215,FALSE,1,34,71,Low-Engagement Reseller
2098,12/8/2024,Tier3,3972,2,574,Home,108,36,0.14,13,FALSE,32,43,29,Niche Specialist
2099,10/5/2024,Tier4+,2199,4,663,Home,147,44,0.15,20,FALSE,44,44,28,Niche Specialist
2100,5/24/2023,Tier3,4076,4,362,Home,188,60,0.11,18,FALSE,56,35,27,Niche Specialist
2101,3/17/2024,Tier3,4710,0,376,Beauty,4,2,0.07,89,FALSE,1,37,47,Niche Specialist
2102,1/24/2023,Tier2,8502,0,323,Home,5,4,0.12,235,TRUE,42,38,75,Ghost Reseller
2103,3/10/2023,Tier3,620,0,374,Mixed,3,0,0.14,53,FALSE,1,32,40,Low-Engagement Reseller
2104,4/16/2023,Tier3,7515,2,417,Home,158,43,0.11,27,FALSE,47,41,32,Niche Specialist
2105,7/28/2023,Tier4+,282,2,618,Fashion,79,24,0.12,27,TRUE,64,41,32,Social Catalyst
2106,11/13/2024,Tier3,5724,0,323,Beauty,4,0,0.09,288,FALSE,1,36,85,Ghost Reseller
2107,1/17/2023,Tier2,2993,0,564,Home,1,5,0.12,33,FALSE,0,42,36,Niche Specialist
2108,2/18/2023,Tier4+,2823,0,685,Fashion,0,0,0.13,193,FALSE,0,46,67,Low-Engagement Reseller
2109,10/2/2023,Tier2,2504,0,630,Beauty,3,5,0.07,81,FALSE,1,45,46,Niche Specialist
2110,6/22/2023,Tier4+,5235,0,314,Home,2,6,0.06,93,TRUE,41,36,48,Ghost Reseller
2111,7/8/2023,Tier3,2838,0,611,Home,5,4,0.12,170,FALSE,2,43,63,Niche Specialist
2112,12/13/2024,Tier4+,9728,0,556,Fashion,0,0,0.12,37,FALSE,0,48,37,Ghost Reseller
2113,1/14/2024,Tier2,1176,0,576,Fashion,1,0,0.12,198,TRUE,40,40,68,Low-Engagement Reseller
2114,2/19/2024,Tier2,12225,1,301,Fashion,141,47,0.08,16,FALSE,42,42,32,Social Catalyst
2115,1/18/2023,Tier2,3864,0,639,Fashion,2,0,0.09,140,FALSE,1,46,57,Low-Engagement Reseller
2116,9/25/2023,Tier3,52050,0,750,Fashion,3,0,0.15,342,FALSE,1,97,96,Ghost Reseller
2117,11/28/2023,Tier3,16396,0,504,Home,4,0,0.15,148,FALSE,1,52,58,Ghost Reseller
2118,2/4/2023,Tier2,2137,0,531,Fashion,4,0,0.09,110,FALSE,1,40,51,Low-Engagement Reseller
2119,4/26/2024,Tier3,4828,0,666,Home,5,6,0.07,81,FALSE,2,48,46,Niche Specialist
2120,12/15/2023,Tier3,2073,0,445,Home,4,0,0.1,272,FALSE,1,37,82,Niche Specialist
2121,8/10/2024,Tier3,1047,0,373,Beauty,2,0,0.06,101,TRUE,41,34,49,Low-Engagement Reseller
2122,11/24/2023,Tier2,7791,4,762,Mixed,42,17,0.06,15,TRUE,53,55,27,Low-Engagement Reseller
2123,6/30/2024,Tier4+,800,1,761,Fashion,126,39,0.11,5,FALSE,38,47,29,Social Catalyst
2124,7/24/2023,Tier2,1526,0,515,Beauty,3,0,0.11,92,TRUE,41,39,48,Low-Engagement Reseller
2125,12/10/2024,Tier3,2666,0,406,Mixed,3,6,0.14,364,FALSE,1,35,100,Low-Engagement Reseller
2126,5/28/2024,Tier4+,1767,0,743,Home,1,4,0.09,160,FALSE,0,48,61,Low-Engagement Reseller
2127,6/5/2024,Tier3,5451,0,505,Beauty,1,0,0.12,54,FALSE,0,42,40,Ghost Reseller
2128,1/14/2024,Tier4+,2761,1,747,Fashion,193,56,0.15,4,FALSE,58,48,29,Social Catalyst
2129,8/18/2024,Tier4+,8105,0,775,Fashion,3,2,0.1,347,FALSE,1,55,97,Ghost Reseller
2130,9/12/2023,Tier3,29768,0,409,Fashion,0,2,0.15,365,TRUE,40,62,100,Ghost Reseller
2131,10/18/2024,Tier3,2495,0,686,Fashion,4,0,0.15,155,TRUE,41,45,60,Low-Engagement Reseller
2132,10/24/2023,Tier3,7262,0,571,Home,4,6,0.12,32,FALSE,1,46,36,Ghost Reseller
2133,3/26/2023,Tier3,2114,0,515,Fashion,4,1,0.14,52,TRUE,41,39,40,Low-Engagement Reseller
2134,12/31/2023,Tier4+,13609,0,429,Fashion,0,2,0.08,237,TRUE,40,48,75,Ghost Reseller
2135,1/16/2023,Tier4+,1067,2,309,Fashion,97,31,0.1,5,FALSE,29,31,28,Social Catalyst
2136,3/9/2023,Tier4+,9954,2,534,Mixed,103,34,0.07,17,FALSE,31,49,30,Low-Engagement Reseller
2137,3/16/2024,Tier3,5180,1,414,Home,44,18,0.05,25,TRUE,53,40,33,Niche Specialist
2138,1/19/2024,Tier3,695,1,375,Fashion,176,54,0.12,14,FALSE,53,32,31,Social Catalyst
2139,8/5/2023,Tier2,1182,0,466,Fashion,4,0,0.05,193,FALSE,1,38,67,Low-Engagement Reseller
2140,10/8/2024,Tier3,16343,0,334,Fashion,1,0,0.09,47,TRUE,40,47,39,Ghost Reseller
2141,4/30/2024,Tier2,5822,2,712,Fashion,192,55,0.14,7,FALSE,58,50,28,Social Catalyst
2142,10/13/2023,Tier3,3854,0,569,Home,5,7,0.11,139,TRUE,42,43,57,Niche Specialist
2143,3/15/2024,Tier2,3807,1,720,Fashion,178,58,0.15,26,FALSE,53,48,33,Social Catalyst
2144,6/15/2023,Tier4+,17980,1,512,Beauty,78,18,0.14,0,TRUE,63,54,29,Niche Specialist
2145,9/23/2024,Tier3,20481,0,530,Fashion,3,2,0.05,358,FALSE,1,59,99,Ghost Reseller
2146,6/14/2024,Tier2,749,0,619,Fashion,0,0,0.1,207,TRUE,40,42,70,Low-Engagement Reseller
2147,8/6/2024,Tier4+,7693,1,587,Fashion,50,13,0.1,8,FALSE,15,48,30,Social Catalyst
2148,4/19/2023,Tier2,8424,0,663,Fashion,4,0,0.05,331,TRUE,41,52,93,Ghost Reseller
2149,11/26/2023,Tier4+,2590,0,482,Fashion,1,0,0.06,50,TRUE,40,39,40,Low-Engagement Reseller
2150,11/3/2024,Tier2,797,4,514,Home,63,14,0.07,27,TRUE,59,39,29,Low-Engagement Reseller
2151,7/3/2023,Tier3,792,0,426,Fashion,1,3,0.06,221,FALSE,0,36,72,Low-Engagement Reseller
2152,11/24/2024,Tier2,8160,0,567,Fashion,2,5,0.15,229,FALSE,1,46,74,Ghost Reseller
2153,9/7/2023,Tier4+,11740,0,543,Beauty,4,0,0.12,33,TRUE,41,50,36,Ghost Reseller
2154,12/13/2023,Tier4+,1620,1,639,Home,97,34,0.09,2,TRUE,69,44,29,Low-Engagement Reseller
2155,2/2/2023,Tier3,3039,2,399,Mixed,141,46,0.1,30,FALSE,42,36,33,Low-Engagement Reseller
2156,3/30/2024,Tier4+,12464,1,592,Home,105,28,0.15,9,FALSE,32,52,30,Niche Specialist
2157,7/3/2024,Tier2,8109,5,633,Mixed,57,18,0.08,2,FALSE,17,50,23,Low-Engagement Reseller
2158,11/24/2023,Tier3,1755,5,563,Home,170,50,0.11,15,TRUE,91,41,25,Low-Engagement Reseller
2159,10/3/2024,Tier2,2313,0,470,Fashion,4,1,0.11,283,TRUE,41,38,84,Low-Engagement Reseller
2160,5/31/2023,Tier3,6404,2,731,Beauty,121,36,0.12,26,FALSE,36,51,32,Niche Specialist
2161,5/15/2024,Tier3,6358,0,595,Fashion,5,3,0.05,77,FALSE,2,48,45,Ghost Reseller
2162,8/25/2023,Tier2,19687,1,324,Beauty,107,35,0.12,1,FALSE,32,49,29,Niche Specialist
2163,5/10/2023,Tier3,7993,0,693,Beauty,4,1,0.07,68,FALSE,1,53,43,Ghost Reseller
2164,2/12/2023,Tier3,9937,0,493,Fashion,3,0,0.15,222,TRUE,41,45,73,Ghost Reseller
2165,11/27/2024,Tier2,15514,0,430,Beauty,5,2,0.12,90,FALSE,2,49,47,Ghost Reseller
2166,3/25/2023,Tier4+,2789,0,760,Fashion,3,6,0.07,361,FALSE,1,50,99,Low-Engagement Reseller
2167,3/28/2023,Tier4+,985,2,575,Fashion,114,39,0.11,27,TRUE,74,40,32,Social Catalyst
2168,12/23/2023,Tier3,9203,2,407,Fashion,197,64,0.06,10,FALSE,59,43,29,Social Catalyst
2169,3/12/2023,Tier3,1891,5,432,Fashion,199,61,0.11,6,TRUE,100,36,24,Social Catalyst
2170,12/10/2023,Tier3,1818,0,475,Home,3,0,0.05,236,FALSE,1,39,75,Low-Engagement Reseller
2171,4/15/2023,Tier3,2877,0,594,Fashion,4,0,0.13,309,FALSE,1,43,89,Low-Engagement Reseller
2172,11/24/2023,Tier3,27651,0,518,Mixed,1,4,0.12,300,FALSE,0,65,88,Ghost Reseller
2173,6/2/2024,Tier4+,1941,2,445,Fashion,135,37,0.07,16,FALSE,41,37,30,Social Catalyst
2174,2/8/2023,Tier4+,4984,0,673,Fashion,0,0,0.1,283,FALSE,0,48,84,Low-Engagement Reseller
2175,7/25/2024,Tier2,9695,0,786,Fashion,2,1,0.11,224,FALSE,1,57,73,Ghost Reseller
2176,12/5/2024,Tier3,11615,0,641,Home,3,5,0.08,150,FALSE,1,54,59,Ghost Reseller
2177,9/1/2024,Tier3,1043,0,729,Home,4,1,0.07,324,FALSE,1,47,92,Low-Engagement Reseller
2178,8/14/2024,Tier3,2962,2,504,Beauty,140,47,0.11,17,FALSE,42,40,30,Niche Specialist
2179,7/17/2023,Tier3,3348,2,554,Home,58,21,0.1,12,FALSE,17,42,29,Niche Specialist
2180,9/7/2024,Tier3,662,0,799,Home,1,2,0.05,66,FALSE,0,50,43,Low-Engagement Reseller
2181,8/8/2023,Tier3,7649,1,505,Home,36,13,0.1,19,TRUE,51,45,32,Niche Specialist
2182,1/14/2023,Tier2,3505,2,720,Beauty,76,25,0.1,6,FALSE,23,49,28,Niche Specialist
2183,6/30/2024,Tier4+,1002,0,788,Home,4,5,0.07,121,FALSE,1,49,53,Low-Engagement Reseller
2184,4/17/2024,Tier3,3610,0,782,Fashion,5,4,0.12,141,FALSE,2,51,57,Low-Engagement Reseller
2185,4/10/2023,Tier2,16548,0,528,Fashion,0,0,0.12,214,TRUE,40,54,71,Ghost Reseller
2186,3/14/2023,Tier2,2110,0,482,Fashion,4,5,0.15,343,FALSE,1,37,96,Low-Engagement Reseller
2187,9/4/2023,Tier2,9875,2,326,Fashion,12,0,0.08,7,FALSE,4,41,28,Low-Engagement Reseller
2188,4/23/2023,Tier2,3225,5,389,Mixed,116,38,0.1,0,FALSE,35,36,23,Low-Engagement Reseller
2189,8/21/2023,Tier2,975,0,508,Mixed,5,6,0.14,250,TRUE,42,37,78,Low-Engagement Reseller
2190,8/24/2023,Tier3,2753,0,552,Home,2,0,0.14,251,FALSE,1,41,78,Niche Specialist
2191,6/9/2023,Tier3,1084,5,773,Beauty,99,27,0.13,0,TRUE,70,47,23,Low-Engagement Reseller
2192,5/11/2024,Tier3,10250,0,769,Fashion,3,3,0.1,67,FALSE,1,57,43,Ghost Reseller
2193,2/22/2023,Tier3,7340,0,507,Fashion,1,0,0.13,264,FALSE,0,44,81,Ghost Reseller
2194,1/6/2024,Tier2,3404,0,483,Home,4,0,0.11,135,FALSE,1,39,56,Niche Specialist
2195,5/31/2024,Tier4+,7669,0,685,Mixed,5,4,0.1,72,TRUE,42,51,44,Ghost Reseller
2196,4/28/2023,Tier2,8698,0,616,Fashion,0,3,0.1,125,TRUE,40,50,54,Ghost Reseller
2197,8/5/2024,Tier2,8077,0,743,Fashion,5,3,0.05,122,FALSE,2,55,53,Ghost Reseller
2198,2/14/2023,Tier3,5992,5,588,Home,83,27,0.05,24,TRUE,65,47,27,Niche Specialist
2199,11/6/2023,Tier3,8058,0,799,Home,0,0,0.13,67,FALSE,0,55,43,Ghost Reseller
2200,3/18/2024,Tier3,1075,5,429,Mixed,23,2,0.13,20,TRUE,47,35,26,Low-Engagement Reseller
2201,9/19/2023,Tier4+,2239,1,582,Beauty,150,41,0.14,25,TRUE,85,41,33,Niche Specialist
2202,6/7/2024,Tier2,6820,3,614,Beauty,38,6,0.07,11,FALSE,11,48,28,Niche Specialist
2203,4/24/2024,Tier3,1241,0,779,Fashion,5,3,0.1,88,TRUE,42,48,47,Low-Engagement Reseller
2204,8/21/2024,Tier2,2855,0,375,Fashion,5,2,0.08,66,FALSE,2,35,43,Low-Engagement Reseller
2205,5/30/2023,Tier3,9994,0,337,Fashion,1,0,0.13,110,FALSE,0,40,51,Ghost Reseller
2206,2/17/2023,Tier4+,7566,0,503,Fashion,0,0,0.07,250,TRUE,40,45,78,Ghost Reseller
2207,9/2/2024,Tier3,683,4,770,Home,146,46,0.07,22,FALSE,44,48,28,Low-Engagement Reseller
2208,2/19/2024,Tier3,4549,17,754,Beauty,42,17,0.15,29,TRUE,53,50,10,Niche Specialist
2209,5/20/2024,Tier3,8810,8,787,Home,146,47,0.1,18,FALSE,44,56,21,Niche Specialist
2210,6/5/2023,Tier3,15264,0,799,Fashion,0,4,0.1,143,FALSE,0,63,57,Ghost Reseller
2211,10/18/2024,Tier3,1059,0,800,Fashion,1,0,0.13,286,FALSE,0,48,85,Low-Engagement Reseller
2212,9/3/2024,Tier4+,1519,0,656,Fashion,1,0,0.09,338,TRUE,40,44,95,Low-Engagement Reseller
2213,12/18/2024,Tier2,2348,0,522,Home,5,0,0.14,222,FALSE,2,39,73,Niche Specialist
2214,1/25/2024,Tier3,660,5,635,Home,152,47,0.05,18,FALSE,46,43,26,Low-Engagement Reseller
2215,5/25/2023,Tier4+,12435,4,500,Fashion,66,22,0.11,18,FALSE,20,49,27,Social Catalyst
2216,4/6/2024,Tier2,7232,0,400,Home,0,4,0.07,127,FALSE,0,41,54,Ghost Reseller
2217,6/3/2024,Tier3,5364,0,322,Home,1,5,0.08,118,TRUE,40,36,53,Ghost Reseller
2218,4/22/2024,Tier3,5391,0,460,Home,4,6,0.05,54,FALSE,1,42,40,Ghost Reseller
2219,2/24/2024,Tier2,4727,0,760,Mixed,4,0,0.1,273,TRUE,41,51,82,Low-Engagement Reseller
2220,9/21/2023,Tier4+,1575,0,331,Fashion,1,0,0.13,187,FALSE,0,31,66,Low-Engagement Reseller
2221,1/25/2023,Tier3,465,0,720,Beauty,5,4,0.09,199,FALSE,2,46,68,Low-Engagement Reseller
2222,6/29/2024,Tier3,7258,5,704,Fashion,17,1,0.13,26,FALSE,5,51,27,Low-Engagement Reseller
2223,11/21/2024,Tier4+,10766,0,333,Beauty,4,3,0.15,220,FALSE,1,40,72,Ghost Reseller
2224,10/26/2023,Tier2,2903,5,496,Home,40,10,0.07,9,TRUE,52,40,24,Niche Specialist
2225,3/29/2024,Tier4+,5399,1,502,Fashion,13,0,0.06,17,TRUE,44,43,32,Low-Engagement Reseller
2226,1/30/2024,Tier2,3449,0,391,Mixed,1,4,0.15,120,TRUE,40,35,53,Low-Engagement Reseller
2227,11/29/2024,Tier3,4073,0,774,Mixed,2,3,0.08,262,FALSE,1,51,80,Low-Engagement Reseller
2228,11/1/2023,Tier2,705,0,336,Fashion,0,5,0.11,168,FALSE,0,31,62,Low-Engagement Reseller
2229,5/7/2024,Tier2,5327,2,540,Fashion,177,55,0.11,30,FALSE,53,43,33,Social Catalyst
2230,11/18/2023,Tier2,2093,0,575,Beauty,2,5,0.1,364,FALSE,1,42,100,Niche Specialist
2231,3/19/2024,Tier4+,1266,1,486,Fashion,68,15,0.1,18,TRUE,60,37,32,Social Catalyst
2232,7/13/2023,Tier3,792,0,384,Fashion,3,1,0.12,260,FALSE,1,33,80,Low-Engagement Reseller
2233,5/13/2023,Tier3,4437,0,471,Mixed,1,2,0.14,299,FALSE,0,39,87,Low-Engagement Reseller
2234,4/7/2023,Tier3,1431,5,462,Fashion,185,60,0.05,13,FALSE,56,38,25,Social Catalyst
2235,2/1/2023,Tier4+,7622,0,306,Beauty,4,0,0.06,344,FALSE,1,38,96,Ghost Reseller
2236,10/22/2024,Tier3,3763,2,633,Fashion,84,25,0.14,13,TRUE,65,45,29,Social Catalyst
2237,5/17/2024,Tier2,13249,0,527,Fashion,5,0,0.08,145,FALSE,2,51,58,Ghost Reseller
2238,7/1/2024,Tier4+,20044,0,519,Home,3,0,0.07,280,FALSE,1,58,84,Ghost Reseller
2239,4/1/2024,Tier3,20520,3,709,Fashion,189,62,0.06,23,FALSE,57,66,30,Social Catalyst
2240,1/14/2023,Tier3,1959,0,699,Fashion,4,3,0.14,100,FALSE,1,45,49,Low-Engagement Reseller
2241,11/9/2023,Tier3,7372,0,576,Beauty,2,0,0.07,248,FALSE,1,48,78,Ghost Reseller
2242,4/3/2023,Tier3,645,1,360,Beauty,49,14,0.09,6,FALSE,15,32,30,Low-Engagement Reseller
2243,5/10/2024,Tier2,4666,8,486,Mixed,124,41,0.12,22,FALSE,37,40,22,Low-Engagement Reseller
2244,10/7/2024,Tier4+,35637,0,626,Home,0,4,0.11,191,TRUE,40,77,67,Ghost Reseller
2245,7/15/2024,Tier3,4945,3,682,Fashion,171,51,0.15,28,FALSE,51,48,31,Social Catalyst
2246,1/22/2024,Tier2,920,2,571,Home,96,27,0.12,20,TRUE,69,40,31,Low-Engagement Reseller
2247,3/20/2023,Tier3,4572,0,434,Home,3,6,0.07,129,TRUE,41,39,55,Niche Specialist
2248,3/25/2023,Tier2,2978,0,658,Home,1,0,0.11,245,TRUE,40,45,77,Niche Specialist
2249,12/22/2024,Tier4+,2361,1,666,Fashion,162,50,0.12,12,TRUE,89,45,31,Social Catalyst
2250,12/29/2024,Tier4+,2416,0,646,Home,4,5,0.14,110,FALSE,1,44,51,Niche Specialist
2251,2/17/2024,Tier4+,5030,0,721,Fashion,0,2,0.14,339,FALSE,0,49,95,Ghost Reseller
2252,4/16/2023,Tier3,2036,0,727,Fashion,5,4,0.08,254,FALSE,2,48,79,Low-Engagement Reseller
2253,3/26/2023,Tier2,1740,0,331,Fashion,0,0,0.14,335,FALSE,0,31,94,Low-Engagement Reseller
2254,1/19/2024,Tier2,3147,0,421,Beauty,2,4,0.05,256,FALSE,1,38,79,Niche Specialist
2255,12/13/2023,Tier3,3157,0,624,Fashion,2,2,0.15,339,FALSE,1,44,95,Low-Engagement Reseller
2256,8/15/2023,Tier2,827,0,793,Fashion,1,0,0.15,271,TRUE,40,48,82,Low-Engagement Reseller
2257,3/5/2023,Tier2,1281,0,357,Fashion,1,0,0.12,315,TRUE,40,32,90,Low-Engagement Reseller
2258,3/23/2023,Tier3,7561,0,628,Beauty,3,0,0.07,71,FALSE,1,50,44,Ghost Reseller
2259,10/20/2024,Tier3,15341,0,575,Beauty,2,6,0.13,253,FALSE,1,54,79,Ghost Reseller
2260,9/19/2023,Tier4+,4761,0,515,Fashion,3,1,0.11,291,FALSE,1,42,86,Low-Engagement Reseller
2261,3/28/2023,Tier2,2242,1,311,Fashion,140,43,0.06,3,FALSE,42,33,29,Social Catalyst
2262,11/17/2023,Tier4+,5779,1,632,Home,101,31,0.08,0,FALSE,30,48,29,Niche Specialist
2263,7/10/2024,Tier3,8189,0,785,Fashion,0,0,0.05,42,TRUE,40,57,38,Ghost Reseller
2264,10/11/2024,Tier3,10213,0,771,Home,2,2,0.13,268,FALSE,1,57,81,Ghost Reseller
2265,2/12/2023,Tier3,18321,2,707,Home,156,48,0.05,18,FALSE,47,64,30,Niche Specialist
2266,4/13/2024,Tier4+,1626,1,741,Fashion,77,28,0.09,17,FALSE,23,48,32,Social Catalyst
2267,8/11/2023,Tier4+,9604,1,592,Fashion,41,13,0.06,17,FALSE,12,51,32,Low-Engagement Reseller
2268,1/2/2023,Tier4+,900,1,330,Fashion,62,18,0.12,28,TRUE,59,31,34,Social Catalyst
2269,1/6/2023,Tier3,2692,1,340,Fashion,69,21,0.09,8,TRUE,61,34,30,Social Catalyst
2270,5/16/2024,Tier4+,1466,5,496,Home,33,12,0.09,24,FALSE,10,38,27,Low-Engagement Reseller
2271,6/30/2024,Tier2,4583,0,674,Fashion,4,0,0.07,262,FALSE,1,48,80,Low-Engagement Reseller
2272,5/22/2023,Tier4+,3487,0,305,Fashion,3,3,0.13,98,TRUE,41,32,49,Low-Engagement Reseller
2273,4/6/2024,Tier3,3640,1,700,Fashion,177,57,0.05,19,FALSE,53,49,32,Social Catalyst
2274,4/26/2024,Tier2,414,0,548,Fashion,4,0,0.11,258,TRUE,41,39,79,Low-Engagement Reseller
2275,9/19/2024,Tier2,10598,0,791,Home,3,0,0.06,213,FALSE,1,59,71,Ghost Reseller
2276,10/18/2024,Tier2,53948,0,324,Home,0,1,0.11,328,FALSE,0,84,93,Ghost Reseller
2277,4/16/2024,Tier4+,5361,1,582,Fashion,174,53,0.12,1,FALSE,52,45,29,Social Catalyst
2278,4/15/2023,Tier4+,1606,0,378,Fashion,3,0,0.12,278,TRUE,41,33,83,Low-Engagement Reseller
2279,8/24/2024,Tier4+,2748,0,377,Fashion,3,1,0.08,285,FALSE,1,35,85,Low-Engagement Reseller
2280,9/2/2023,Tier3,1563,3,450,Fashion,68,19,0.11,15,FALSE,20,36,28,Social Catalyst
2281,2/4/2024,Tier2,717,0,695,Fashion,2,0,0.08,215,FALSE,1,45,71,Low-Engagement Reseller
2282,5/8/2024,Tier3,7344,0,571,Home,2,1,0.08,136,FALSE,1,47,56,Ghost Reseller
2283,3/18/2024,Tier3,23549,0,718,Fashion,3,6,0.11,67,FALSE,1,68,43,Ghost Reseller
2284,5/24/2024,Tier3,1527,0,384,Fashion,3,0,0.05,161,FALSE,1,35,61,Low-Engagement Reseller
2285,4/6/2024,Tier4+,8614,0,426,Fashion,0,0,0.08,154,FALSE,0,43,60,Ghost Reseller
2286,9/10/2024,Tier3,2426,0,553,Fashion,2,0,0.08,167,FALSE,1,42,62,Low-Engagement Reseller
2287,12/29/2024,Tier3,3763,0,630,Home,2,0,0.08,356,TRUE,41,46,98,Niche Specialist
2288,1/19/2024,Tier2,9089,0,789,Fashion,3,0,0.05,147,FALSE,1,58,58,Ghost Reseller
2289,3/28/2024,Tier4+,2805,0,319,Mixed,0,4,0.08,365,TRUE,40,33,100,Low-Engagement Reseller
2290,4/16/2024,Tier3,11537,0,742,Fashion,5,0,0.13,300,FALSE,2,57,88,Ghost Reseller
2291,12/21/2023,Tier2,5089,0,511,Fashion,1,0,0.06,33,FALSE,0,43,36,Ghost Reseller
2292,9/9/2023,Tier3,3802,1,347,Fashion,171,53,0.05,10,TRUE,91,36,30,Social Catalyst
2293,4/27/2024,Tier2,15873,1,437,Fashion,93,33,0.11,13,FALSE,28,50,31,Social Catalyst
2294,2/20/2024,Tier4+,2148,2,347,Fashion,29,6,0.08,17,FALSE,9,34,30,Low-Engagement Reseller
2295,2/20/2023,Tier4+,4604,2,354,Home,132,35,0.1,6,TRUE,80,36,28,Niche Specialist
2296,3/22/2024,Tier3,3551,2,473,Mixed,196,56,0.11,13,FALSE,59,39,29,Low-Engagement Reseller
2297,9/10/2024,Tier2,6988,0,590,Beauty,5,7,0.12,264,TRUE,42,47,81,Ghost Reseller
2298,10/4/2023,Tier3,1938,0,769,Fashion,0,0,0.09,64,FALSE,0,49,42,Low-Engagement Reseller
2299,5/29/2023,Tier3,4664,0,314,Fashion,0,0,0.13,223,FALSE,0,34,73,Low-Engagement Reseller
2300,4/4/2024,Tier2,1227,0,628,Fashion,0,0,0.06,308,FALSE,0,44,89,Low-Engagement Reseller
2301,6/4/2023,Tier3,926,2,724,Fashion,153,47,0.06,30,TRUE,86,47,33,Social Catalyst
2302,4/18/2023,Tier3,1633,0,486,Home,5,4,0.15,229,FALSE,2,37,74,Low-Engagement Reseller
2303,11/5/2024,Tier2,3561,0,409,Fashion,0,0,0.14,300,TRUE,40,36,88,Low-Engagement Reseller
2304,9/6/2023,Tier4+,37078,1,698,Fashion,25,12,0.07,18,FALSE,8,82,32,Low-Engagement Reseller
2305,3/16/2023,Tier3,6199,10,383,Beauty,142,38,0.06,3,FALSE,43,39,16,Niche Specialist
2306,4/18/2023,Tier4+,1613,1,705,Fashion,161,52,0.14,26,TRUE,88,45,33,Social Catalyst
2307,5/15/2024,Tier4+,1674,2,318,Home,192,54,0.06,12,TRUE,98,32,29,Low-Engagement Reseller
2308,3/28/2024,Tier3,1157,4,512,Fashion,132,37,0.05,28,TRUE,80,39,29,Social Catalyst
2309,5/11/2024,Tier2,2092,0,722,Mixed,2,1,0.07,57,FALSE,1,48,41,Low-Engagement Reseller
2310,5/8/2023,Tier4+,1340,0,749,Fashion,3,5,0.11,267,FALSE,1,47,81,Low-Engagement Reseller
2311,1/10/2024,Tier4+,4081,1,754,Mixed,182,59,0.13,29,FALSE,55,50,34,Low-Engagement Reseller
2312,3/9/2024,Tier3,7667,1,482,Home,171,52,0.12,9,FALSE,51,43,30,Niche Specialist
2313,2/5/2024,Tier3,6057,0,585,Fashion,1,0,0.08,347,FALSE,0,46,97,Ghost Reseller
2314,10/31/2023,Tier3,4423,1,799,Fashion,65,22,0.12,4,TRUE,60,52,29,Social Catalyst
2315,4/1/2023,Tier3,11103,2,794,Fashion,46,11,0.05,0,FALSE,14,60,27,Low-Engagement Reseller
2316,5/29/2023,Tier3,5436,0,497,Beauty,2,0,0.06,350,TRUE,41,43,97,Ghost Reseller
2317,12/8/2023,Tier2,10801,0,766,Fashion,5,4,0.05,114,FALSE,2,59,52,Ghost Reseller
2318,5/10/2024,Tier3,3867,0,326,Fashion,2,1,0.07,362,FALSE,1,35,99,Low-Engagement Reseller
2319,2/17/2023,Tier2,1885,4,404,Fashion,22,3,0.1,25,FALSE,7,35,29,Low-Engagement Reseller
2320,3/6/2023,Tier3,3674,0,729,Fashion,5,7,0.05,354,FALSE,2,50,98,Low-Engagement Reseller
2321,6/13/2023,Tier3,2525,2,681,Fashion,155,44,0.09,12,FALSE,47,46,29,Social Catalyst
2322,3/26/2023,Tier2,997,0,380,Fashion,3,0,0.06,130,FALSE,1,34,55,Low-Engagement Reseller
2323,1/26/2024,Tier3,386,0,529,Home,5,0,0.15,127,FALSE,2,37,54,Low-Engagement Reseller
2324,3/3/2023,Tier3,1353,1,490,Beauty,102,34,0.11,22,FALSE,31,38,33,Low-Engagement Reseller
2325,8/24/2023,Tier2,638,1,457,Fashion,99,28,0.1,22,FALSE,30,36,33,Social Catalyst
2326,1/6/2023,Tier4+,8841,1,443,Fashion,40,15,0.11,25,FALSE,12,43,33,Low-Engagement Reseller
2327,8/19/2024,Tier3,8819,0,393,Fashion,1,0,0.05,241,FALSE,0,43,76,Ghost Reseller
2328,8/16/2024,Tier3,2042,0,489,Beauty,3,0,0.14,139,FALSE,1,38,57,Niche Specialist
2329,7/30/2024,Tier3,14479,0,473,Mixed,0,0,0.15,89,FALSE,0,49,47,Ghost Reseller
2330,5/27/2023,Tier4+,5348,1,621,Home,178,51,0.15,0,FALSE,53,46,29,Niche Specialist
2331,12/26/2023,Tier2,1822,1,766,Home,191,55,0.14,22,FALSE,57,48,33,Low-Engagement Reseller
2332,10/16/2023,Tier3,16019,1,721,Fashion,29,5,0.08,5,FALSE,9,61,29,Low-Engagement Reseller
2333,1/3/2024,Tier2,2508,0,627,Fashion,5,0,0.06,155,FALSE,2,45,60,Low-Engagement Reseller
2334,12/13/2023,Tier4+,1619,0,588,Fashion,5,0,0.06,36,TRUE,42,42,37,Low-Engagement Reseller
2335,9/20/2024,Tier3,1009,0,461,Fashion,4,2,0.05,231,FALSE,1,37,74,Low-Engagement Reseller
2336,9/9/2023,Tier4+,1070,0,695,Mixed,5,0,0.05,269,FALSE,2,46,82,Low-Engagement Reseller
2337,6/29/2023,Tier4+,21453,4,425,Beauty,12,8,0.1,5,FALSE,4,55,25,Niche Specialist
2338,5/12/2024,Tier3,4815,0,557,Beauty,3,3,0.12,103,TRUE,41,43,50,Niche Specialist
2339,2/11/2024,Tier4+,2058,9,783,Fashion,138,38,0.08,9,TRUE,81,50,18,Social Catalyst
2340,6/17/2023,Tier2,13140,0,455,Fashion,4,0,0.07,42,TRUE,41,49,38,Ghost Reseller
2341,4/25/2024,Tier3,2579,0,617,Home,5,0,0.1,159,TRUE,42,44,60,Niche Specialist
2342,10/5/2024,Tier3,2924,0,651,Home,5,0,0.11,214,FALSE,2,45,71,Niche Specialist
2343,12/5/2024,Tier4+,12280,0,703,Home,3,1,0.15,306,FALSE,1,56,89,Ghost Reseller
2344,10/14/2024,Tier4+,9599,0,643,Mixed,2,4,0.15,237,TRUE,41,51,75,Ghost Reseller
2345,3/30/2023,Tier2,2033,0,432,Fashion,0,1,0.06,74,FALSE,0,37,44,Low-Engagement Reseller
2346,6/28/2024,Tier2,4121,0,418,Fashion,2,1,0.09,122,TRUE,41,38,53,Low-Engagement Reseller
2347,9/26/2023,Tier4+,5471,0,659,Fashion,0,0,0.11,198,TRUE,40,48,68,Ghost Reseller
2348,9/11/2024,Tier2,31455,0,792,Beauty,1,5,0.08,119,FALSE,0,80,53,Ghost Reseller
2349,3/8/2024,Tier4+,1963,0,799,Fashion,4,5,0.05,327,TRUE,41,51,93,Low-Engagement Reseller
2350,6/7/2024,Tier4+,5455,0,649,Fashion,3,0,0.09,169,FALSE,1,48,62,Ghost Reseller
2351,2/25/2024,Tier4+,5396,0,627,Mixed,5,2,0.15,359,TRUE,42,46,99,Ghost Reseller
2352,5/6/2024,Tier3,3890,2,484,Fashion,176,57,0.13,9,FALSE,53,39,29,Social Catalyst
2353,7/1/2024,Tier3,1969,2,733,Mixed,80,19,0.06,7,TRUE,64,48,28,Low-Engagement Reseller
2354,5/2/2023,Tier2,9604,5,444,Fashion,105,33,0.11,12,FALSE,32,44,25,Social Catalyst
2355,6/26/2024,Tier3,4243,0,495,Home,4,2,0.15,166,FALSE,1,40,62,Niche Specialist
2356,5/16/2024,Tier4+,8290,0,632,Home,2,6,0.12,96,TRUE,41,50,48,Ghost Reseller
2357,9/19/2023,Tier4+,2089,3,527,Fashion,121,36,0.15,29,TRUE,76,39,31,Social Catalyst
2358,9/27/2024,Tier4+,1976,0,563,Fashion,1,0,0.1,176,FALSE,0,41,64,Low-Engagement Reseller
2359,8/24/2023,Tier3,4944,0,545,Beauty,1,0,0.15,223,TRUE,40,42,73,Niche Specialist
2360,12/7/2023,Tier3,1133,0,572,Home,1,0,0.11,323,TRUE,40,40,92,Low-Engagement Reseller
2361,10/29/2024,Tier3,8799,0,583,Home,5,0,0.06,230,TRUE,42,49,74,Ghost Reseller
2362,1/17/2024,Tier4+,876,0,739,Home,0,0,0.05,58,FALSE,0,48,41,Low-Engagement Reseller
2363,5/13/2023,Tier3,16625,0,305,Fashion,4,0,0.1,197,FALSE,1,46,68,Ghost Reseller
2364,1/10/2024,Tier3,2618,1,661,Fashion,133,41,0.11,8,FALSE,40,45,30,Social Catalyst
2365,3/13/2024,Tier3,20699,0,471,Beauty,4,4,0.15,165,FALSE,1,55,62,Ghost Reseller
2366,5/22/2023,Tier2,1177,0,321,Home,3,4,0.11,220,TRUE,41,31,72,Low-Engagement Reseller
2367,3/19/2023,Tier3,2842,2,437,Home,159,44,0.06,28,TRUE,88,38,32,Niche Specialist
2368,11/27/2024,Tier2,5451,0,760,Fashion,4,0,0.11,121,FALSE,1,52,53,Ghost Reseller
2369,5/8/2024,Tier2,39612,0,572,Fashion,3,0,0.07,229,TRUE,41,80,74,Ghost Reseller
2370,5/25/2024,Tier3,6739,0,574,Home,3,3,0.06,321,FALSE,1,47,92,Ghost Reseller
2371,8/15/2024,Tier2,7828,0,738,Fashion,5,5,0.14,279,FALSE,2,53,84,Ghost Reseller
2372,4/3/2024,Tier2,17374,0,669,Fashion,3,4,0.09,336,TRUE,41,61,94,Ghost Reseller
2373,11/14/2024,Tier3,28923,4,451,Fashion,165,48,0.07,19,FALSE,50,64,28,Social Catalyst
2374,1/22/2024,Tier2,9510,2,721,Home,10,0,0.07,22,FALSE,3,55,31,Niche Specialist
2375,6/24/2023,Tier3,9369,0,378,Fashion,2,2,0.12,119,TRUE,41,41,53,Ghost Reseller
2376,7/6/2024,Tier2,1521,0,698,Fashion,5,0,0.08,339,TRUE,42,46,95,Low-Engagement Reseller
2377,5/29/2023,Tier2,4163,0,403,Home,5,4,0.12,186,FALSE,2,37,66,Niche Specialist
2378,2/24/2023,Tier3,1827,0,495,Home,1,0,0.15,359,TRUE,40,37,99,Low-Engagement Reseller
2379,12/12/2024,Tier3,5509,1,532,Home,69,24,0.05,18,FALSE,21,44,32,Niche Specialist
2380,5/13/2023,Tier3,7757,1,664,Fashion,107,30,0.14,24,TRUE,72,50,33,Social Catalyst
2381,2/1/2024,Tier3,3343,0,449,Home,0,0,0.1,353,FALSE,0,38,98,Niche Specialist
2382,10/18/2023,Tier3,5527,0,339,Home,5,6,0.14,161,FALSE,2,35,61,Ghost Reseller
2383,10/27/2024,Tier2,4337,1,362,Home,154,44,0.1,15,FALSE,46,36,31,Niche Specialist
2384,4/2/2023,Tier4+,12296,1,590,Fashion,176,52,0.13,3,FALSE,53,52,29,Social Catalyst
2385,4/15/2024,Tier4+,1836,3,763,Home,41,11,0.08,1,TRUE,52,49,26,Low-Engagement Reseller
2386,11/3/2024,Tier4+,18897,0,512,Fashion,2,4,0.11,248,FALSE,1,56,78,Ghost Reseller
2387,10/10/2023,Tier3,3710,2,591,Fashion,46,13,0.05,5,TRUE,54,45,28,Low-Engagement Reseller
2388,10/22/2024,Tier2,516,0,560,Home,4,5,0.15,140,FALSE,1,39,57,Low-Engagement Reseller
2389,7/30/2023,Tier3,4044,0,641,Home,2,1,0.1,324,TRUE,41,46,92,Niche Specialist
2390,11/9/2024,Tier2,863,0,502,Beauty,1,2,0.15,281,TRUE,40,37,84,Low-Engagement Reseller
2391,3/26/2023,Tier4+,4566,2,562,Fashion,112,34,0.06,0,FALSE,34,44,27,Social Catalyst
2392,5/2/2023,Tier3,4692,0,400,Fashion,1,3,0.09,178,TRUE,40,38,64,Low-Engagement Reseller
2393,9/15/2023,Tier3,4727,2,363,Home,23,10,0.15,21,TRUE,47,35,31,Niche Specialist
2394,4/17/2024,Tier2,3214,0,560,Fashion,2,0,0.06,35,FALSE,1,43,37,Low-Engagement Reseller
2395,6/18/2024,Tier4+,9031,0,512,Mixed,2,5,0.06,128,FALSE,1,47,55,Ghost Reseller
2396,2/12/2024,Tier3,1628,0,493,Mixed,1,3,0.12,230,TRUE,40,38,74,Low-Engagement Reseller
2397,2/11/2024,Tier4+,5085,2,743,Home,200,59,0.05,21,TRUE,100,52,31,Niche Specialist
2398,12/22/2024,Tier2,5359,0,629,Home,2,1,0.14,333,TRUE,41,46,94,Ghost Reseller
2399,5/1/2023,Tier3,1196,0,677,Home,2,4,0.05,270,FALSE,1,46,82,Low-Engagement Reseller
2400,6/30/2024,Tier3,11907,0,783,Home,1,0,0.09,290,FALSE,0,59,86,Ghost Reseller
2401,1/26/2023,Tier4+,4274,1,416,Beauty,30,6,0.1,5,FALSE,9,38,29,Niche Specialist
2402,3/8/2024,Tier2,3131,17,763,Fashion,68,17,0.06,10,TRUE,60,51,6,Social Catalyst
2403,3/23/2024,Tier4+,8055,0,558,Fashion,4,0,0.11,101,FALSE,1,47,49,Ghost Reseller
2404,9/3/2024,Tier3,8037,0,795,Home,4,5,0.09,327,FALSE,1,56,93,Ghost Reseller
2405,7/13/2023,Tier2,2052,0,598,Fashion,4,5,0.12,242,FALSE,1,42,76,Low-Engagement Reseller
2406,9/2/2024,Tier4+,18421,0,398,Fashion,5,0,0.14,126,TRUE,42,51,54,Ghost Reseller
2407,4/12/2023,Tier2,1281,0,741,Fashion,4,0,0.12,151,TRUE,41,47,59,Low-Engagement Reseller
2408,8/31/2023,Tier3,9803,0,611,Mixed,0,2,0.12,133,TRUE,40,50,56,Ghost Reseller
2409,9/3/2024,Tier2,1672,0,302,Beauty,2,0,0.06,262,TRUE,41,32,80,Low-Engagement Reseller
2410,8/17/2023,Tier3,27678,2,579,Fashion,49,20,0.05,5,FALSE,15,68,28,Low-Engagement Reseller
2411,3/30/2024,Tier2,2626,0,494,Fashion,4,6,0.11,126,TRUE,41,39,54,Low-Engagement Reseller
2412,10/15/2024,Tier3,8211,0,352,Fashion,5,0,0.1,302,FALSE,2,39,88,Ghost Reseller
2413,3/24/2024,Tier4+,6562,0,646,Fashion,5,0,0.1,36,FALSE,2,49,37,Ghost Reseller
2414,3/15/2024,Tier3,50711,2,453,Fashion,62,22,0.14,13,FALSE,19,85,29,Social Catalyst
2415,11/13/2024,Tier3,971,2,640,Fashion,80,23,0.11,16,FALSE,24,43,30,Social Catalyst
2416,6/17/2024,Tier2,11060,2,535,Mixed,153,51,0.08,18,FALSE,46,50,30,Low-Engagement Reseller
2417,1/4/2023,Tier2,4229,0,783,Fashion,4,6,0.08,142,FALSE,1,52,57,Low-Engagement Reseller
2418,9/12/2023,Tier3,15272,0,789,Mixed,3,0,0.05,135,FALSE,1,64,56,Ghost Reseller
2419,3/23/2024,Tier4+,1767,0,693,Home,3,0,0.08,99,FALSE,1,46,49,Low-Engagement Reseller
2420,9/15/2023,Tier2,791,0,570,Fashion,4,0,0.1,155,FALSE,1,40,60,Low-Engagement Reseller
2421,12/10/2024,Tier3,1814,2,621,Home,180,52,0.14,26,TRUE,94,42,32,Low-Engagement Reseller
2422,7/3/2024,Tier4+,6094,0,393,Fashion,2,0,0.1,153,TRUE,41,39,59,Ghost Reseller
2423,10/16/2024,Tier4+,10318,5,401,Home,162,53,0.09,7,FALSE,49,44,24,Super-Spreader
2424,2/6/2024,Tier4+,2564,0,560,Beauty,2,5,0.11,116,TRUE,41,41,52,Niche Specialist
2425,1/7/2024,Tier4+,2336,5,402,Fashion,103,32,0.15,12,FALSE,31,34,25,Social Catalyst
2426,1/14/2023,Tier4+,3833,5,326,Home,14,8,0.15,27,FALSE,4,33,28,Niche Specialist
2427,10/26/2023,Tier2,9288,0,691,Home,4,6,0.13,345,FALSE,1,53,96,Ghost Reseller
2428,1/30/2023,Tier3,8240,2,454,Fashion,61,17,0.08,26,FALSE,18,44,32,Social Catalyst
2429,7/23/2024,Tier2,4905,0,596,Fashion,0,0,0.05,244,FALSE,0,46,77,Low-Engagement Reseller
2430,9/5/2023,Tier3,2449,0,320,Fashion,0,0,0.14,62,FALSE,0,32,42,Low-Engagement Reseller
2431,1/6/2023,Tier2,3521,0,611,Fashion,2,5,0.14,112,TRUE,41,44,51,Low-Engagement Reseller
2432,1/27/2024,Tier4+,4490,0,504,Home,5,0,0.07,42,FALSE,2,42,38,Niche Specialist
2433,12/17/2024,Tier2,2942,1,321,Fashion,34,10,0.12,20,TRUE,50,33,32,Low-Engagement Reseller
2434,8/1/2023,Tier3,14204,1,748,Fashion,76,26,0.09,10,FALSE,23,60,30,Social Catalyst
2435,2/15/2023,Tier3,2282,0,733,Fashion,1,3,0.12,80,TRUE,40,47,45,Low-Engagement Reseller
2436,5/23/2023,Tier4+,8288,0,429,Fashion,3,1,0.07,108,FALSE,1,43,51,Ghost Reseller
2437,6/12/2023,Tier3,1651,5,676,Mixed,182,58,0.06,8,FALSE,55,46,24,Low-Engagement Reseller
2438,10/15/2023,Tier2,2473,0,541,Beauty,1,0,0.15,286,TRUE,40,40,85,Niche Specialist
2439,6/4/2023,Tier3,1612,0,483,Fashion,2,1,0.1,33,TRUE,41,38,36,Low-Engagement Reseller
2440,5/5/2023,Tier3,501,0,673,Fashion,2,3,0.11,175,FALSE,1,44,64,Low-Engagement Reseller
2441,12/10/2023,Tier3,11594,0,544,Home,0,0,0.07,79,FALSE,0,51,45,Ghost Reseller
2442,6/19/2024,Tier4+,960,2,585,Fashion,24,7,0.11,29,TRUE,47,41,33,Low-Engagement Reseller
2443,3/15/2024,Tier2,741,5,491,Fashion,73,26,0.06,15,FALSE,22,38,25,Social Catalyst
2444,3/26/2023,Tier4+,2921,0,659,Fashion,2,0,0.12,37,TRUE,41,45,37,Low-Engagement Reseller
2445,8/17/2024,Tier2,1436,0,436,Home,5,0,0.06,49,FALSE,2,37,39,Low-Engagement Reseller
2446,1/4/2024,Tier2,7819,0,334,Fashion,4,0,0.07,347,FALSE,1,39,97,Ghost Reseller
2447,4/12/2024,Tier3,5818,1,503,Fashion,45,13,0.14,19,TRUE,54,42,32,Low-Engagement Reseller
2448,6/1/2023,Tier3,3035,0,740,Mixed,3,5,0.14,44,TRUE,41,48,38,Low-Engagement Reseller
2449,6/27/2023,Tier3,2656,5,713,Fashion,98,24,0.1,22,FALSE,29,47,27,Social Catalyst
2450,6/24/2023,Tier2,3050,2,462,Fashion,129,34,0.08,7,FALSE,39,39,28,Social Catalyst
2451,2/8/2023,Tier4+,3533,2,377,Fashion,113,35,0.05,11,TRUE,74,37,29,Social Catalyst
2452,1/8/2024,Tier3,1483,0,322,Beauty,4,3,0.14,38,TRUE,41,31,37,Low-Engagement Reseller
2453,11/23/2023,Tier3,4956,0,309,Home,5,4,0.14,220,FALSE,2,34,72,Niche Specialist
2454,2/6/2024,Tier3,6244,0,574,Mixed,2,1,0.09,196,TRUE,41,46,68,Ghost Reseller
2455,6/21/2024,Tier2,8174,0,769,Mixed,1,3,0.11,359,FALSE,0,55,99,Ghost Reseller
2456,11/12/2024,Tier3,106,1,413,Fashion,28,12,0.09,23,FALSE,8,34,33,Low-Engagement Reseller
2457,8/13/2024,Tier4+,915,0,760,Home,5,0,0.15,297,FALSE,2,46,87,Low-Engagement Reseller
2458,3/2/2023,Tier2,18053,0,400,Fashion,2,0,0.1,115,FALSE,1,51,52,Ghost Reseller
2459,12/6/2023,Tier3,2919,0,673,Fashion,2,0,0.08,357,FALSE,1,47,98,Low-Engagement Reseller
2460,11/15/2023,Tier3,6732,2,771,Fashion,166,55,0.09,6,FALSE,50,54,28,Social Catalyst
2461,4/21/2024,Tier3,9923,2,556,Beauty,13,2,0.06,20,TRUE,44,50,31,Niche Specialist
2462,2/16/2024,Tier4+,7205,0,386,Fashion,2,0,0.05,196,TRUE,41,41,68,Ghost Reseller
2463,1/18/2024,Tier3,7917,0,558,Beauty,1,0,0.12,339,FALSE,0,46,95,Ghost Reseller
2464,2/13/2023,Tier4+,1328,0,662,Fashion,4,0,0.09,229,TRUE,41,44,74,Low-Engagement Reseller
2465,9/15/2023,Tier3,10068,1,651,Mixed,186,52,0.07,22,TRUE,96,53,33,Low-Engagement Reseller
2466,1/27/2024,Tier3,1336,2,729,Fashion,31,10,0.1,29,FALSE,9,47,33,Low-Engagement Reseller
2467,8/16/2024,Tier2,2890,0,756,Home,5,2,0.15,204,FALSE,2,48,69,Niche Specialist
2468,10/30/2024,Tier3,1888,0,648,Beauty,2,2,0.1,140,FALSE,1,44,57,Low-Engagement Reseller
2469,1/19/2023,Tier3,18804,1,480,Beauty,21,6,0.09,21,FALSE,6,55,33,Niche Specialist
2470,1/4/2023,Tier2,1341,0,388,Fashion,3,5,0.13,84,FALSE,1,33,46,Low-Engagement Reseller
2471,10/17/2023,Tier4+,784,0,356,Fashion,1,3,0.07,351,TRUE,40,33,97,Low-Engagement Reseller
2472,1/13/2024,Tier2,4435,0,570,Fashion,4,0,0.09,55,FALSE,1,44,41,Low-Engagement Reseller
2473,12/26/2024,Tier4+,5199,1,788,Fashion,88,26,0.14,12,TRUE,66,52,31,Social Catalyst
2474,10/16/2023,Tier3,5504,2,769,Beauty,124,34,0.08,3,FALSE,37,53,28,Niche Specialist
2475,11/21/2023,Tier3,15610,0,608,Fashion,5,7,0.08,147,FALSE,2,57,58,Ghost Reseller
2476,10/27/2023,Tier2,1618,2,791,Beauty,184,50,0.14,1,FALSE,55,48,27,Low-Engagement Reseller
2477,5/28/2024,Tier3,428,0,359,Mixed,1,0,0.1,180,FALSE,0,32,65,Low-Engagement Reseller
2478,6/30/2024,Tier4+,5167,0,612,Mixed,5,2,0.11,208,FALSE,2,46,70,Ghost Reseller
2479,9/23/2023,Tier2,2629,0,758,Fashion,2,0,0.05,184,FALSE,1,50,65,Low-Engagement Reseller
2480,8/8/2023,Tier4+,8672,0,392,Fashion,4,3,0.11,179,FALSE,1,41,64,Ghost Reseller
2481,8/15/2023,Tier3,1896,0,603,Fashion,1,0,0.07,244,FALSE,0,43,77,Low-Engagement Reseller
2482,6/18/2023,Tier3,1146,0,398,Fashion,4,0,0.1,74,FALSE,1,34,44,Low-Engagement Reseller
2483,8/26/2023,Tier4+,4032,2,338,Beauty,97,26,0.11,8,TRUE,69,35,29,Niche Specialist
2484,11/2/2023,Tier3,2524,0,612,Fashion,0,0,0.1,160,TRUE,40,43,61,Low-Engagement Reseller
2485,9/15/2024,Tier3,3733,2,348,Fashion,15,6,0.07,15,FALSE,5,35,30,Low-Engagement Reseller
2486,9/1/2023,Tier4+,18169,0,540,Fashion,5,7,0.11,112,FALSE,2,56,51,Ghost Reseller
2487,12/1/2024,Tier3,7089,0,773,Mixed,1,0,0.13,172,TRUE,40,53,63,Ghost Reseller
2488,4/22/2023,Tier3,607,3,740,Beauty,35,12,0.14,21,FALSE,11,46,30,Low-Engagement Reseller
2489,7/13/2024,Tier4+,10042,3,553,Fashion,41,10,0.08,3,TRUE,52,49,26,Low-Engagement Reseller
2490,4/21/2023,Tier3,7106,1,511,Home,43,14,0.15,1,TRUE,53,43,29,Niche Specialist
2491,5/22/2024,Tier4+,13898,1,319,Home,64,22,0.11,18,TRUE,59,44,32,Niche Specialist
2492,7/18/2023,Tier3,999,0,531,Beauty,4,0,0.05,199,FALSE,1,40,68,Low-Engagement Reseller
2493,3/21/2023,Tier2,3251,0,514,Beauty,4,5,0.13,204,FALSE,1,40,69,Niche Specialist
2494,1/6/2024,Tier4+,4292,0,755,Beauty,3,0,0.05,298,TRUE,41,52,87,Niche Specialist
2495,3/7/2023,Tier4+,7453,0,489,Fashion,0,0,0.06,191,FALSE,0,45,67,Ghost Reseller
2496,7/21/2024,Tier4+,1875,0,723,Beauty,0,1,0.08,272,FALSE,0,47,82,Low-Engagement Reseller
2497,1/16/2024,Tier2,13962,0,521,Fashion,1,0,0.08,189,FALSE,0,52,66,Ghost Reseller
2498,1/30/2023,Tier4+,23030,0,454,Home,3,0,0.15,342,TRUE,41,57,96,Ghost Reseller
2499,3/12/2023,Tier2,781,0,771,Beauty,4,0,0.07,109,FALSE,1,48,51,Low-Engagement Reseller
2500,3/10/2023,Tier3,10937,1,639,Fashion,97,29,0.14,24,FALSE,29,52,33,Social Catalyst
2501,7/10/2023,Tier4+,8294,1,319,Fashion,31,4,0.14,29,TRUE,49,37,34,Low-Engagement Reseller
2502,11/11/2024,Tier3,2034,1,395,Fashion,119,38,0.11,6,FALSE,36,35,30,Social Catalyst
2503,7/5/2024,Tier3,7355,5,562,Home,48,17,0.07,29,FALSE,14,47,28,Niche Specialist
2504,8/13/2024,Tier3,2862,0,441,Home,3,5,0.13,346,FALSE,1,37,96,Niche Specialist
2505,7/19/2023,Tier2,3218,1,745,Fashion,140,47,0.12,14,TRUE,82,49,31,Social Catalyst
2506,2/12/2024,Tier2,747,3,370,Beauty,63,21,0.15,11,TRUE,59,32,28,Low-Engagement Reseller
2507,5/15/2023,Tier2,544,0,348,Mixed,0,0,0.15,82,FALSE,0,31,46,Low-Engagement Reseller
2508,4/19/2024,Tier3,4074,0,699,Fashion,1,0,0.06,46,FALSE,0,49,39,Low-Engagement Reseller
2509,2/19/2023,Tier4+,9800,1,568,Fashion,58,20,0.08,29,TRUE,57,50,34,Social Catalyst
2510,6/11/2023,Tier4+,5162,0,434,Mixed,3,0,0.11,312,TRUE,41,39,90,Ghost Reseller
2511,8/16/2023,Tier3,14858,1,612,Home,171,55,0.08,26,TRUE,91,56,33,Niche Specialist
2512,6/25/2023,Tier4+,9054,5,341,Mixed,156,52,0.12,30,FALSE,47,39,28,Low-Engagement Reseller
2513,5/27/2024,Tier3,2611,1,373,Fashion,153,43,0.07,7,FALSE,46,35,30,Social Catalyst
2514,6/21/2024,Tier4+,2540,4,740,Fashion,153,46,0.15,0,FALSE,46,47,24,Social Catalyst
2515,3/14/2024,Tier3,4305,2,547,Mixed,32,15,0.13,4,TRUE,50,42,28,Low-Engagement Reseller
2516,1/8/2023,Tier3,3732,1,511,Fashion,28,7,0.14,1,TRUE,48,40,29,Low-Engagement Reseller
2517,8/14/2024,Tier3,1841,0,678,Home,3,0,0.09,326,FALSE,1,45,93,Low-Engagement Reseller
2518,10/2/2024,Tier3,2045,0,367,Fashion,0,2,0.1,60,FALSE,0,34,42,Low-Engagement Reseller
2519,8/2/2023,Tier3,6060,0,476,Beauty,5,7,0.05,171,FALSE,2,43,63,Ghost Reseller
2520,6/25/2023,Tier3,4976,0,461,Fashion,0,0,0.11,64,FALSE,0,40,42,Low-Engagement Reseller
2521,12/17/2024,Tier3,666,0,562,Fashion,5,2,0.09,102,FALSE,2,40,50,Low-Engagement Reseller
2522,11/28/2024,Tier3,3160,0,700,Home,3,0,0.06,208,FALSE,1,48,70,Niche Specialist
2523,11/2/2024,Tier4+,10355,0,320,Home,4,0,0.06,293,TRUE,41,41,86,Ghost Reseller
2524,2/15/2023,Tier4+,606,2,519,Home,88,26,0.08,20,FALSE,26,38,31,Low-Engagement Reseller
2525,2/2/2024,Tier2,8870,0,501,Home,1,5,0.15,257,FALSE,0,45,79,Ghost Reseller
2526,12/31/2024,Tier2,3337,2,442,Mixed,138,44,0.15,1,TRUE,81,37,27,Low-Engagement Reseller
2527,2/23/2024,Tier2,2724,1,657,Mixed,198,64,0.08,6,FALSE,59,46,30,Low-Engagement Reseller
2528,8/6/2024,Tier2,18886,0,422,Beauty,3,0,0.09,62,TRUE,41,53,42,Ghost Reseller
2529,1/5/2024,Tier3,739,0,582,Fashion,3,1,0.12,204,TRUE,41,40,69,Low-Engagement Reseller
2530,3/17/2024,Tier3,1879,0,644,Mixed,2,0,0.14,355,FALSE,1,43,98,Low-Engagement Reseller
2531,5/25/2024,Tier4+,1775,0,609,Beauty,4,0,0.08,301,TRUE,41,43,88,Low-Engagement Reseller
2532,9/9/2023,Tier2,928,0,573,Fashion,1,0,0.1,57,TRUE,40,40,41,Low-Engagement Reseller
2533,10/23/2023,Tier4+,9327,1,765,Home,191,61,0.09,25,TRUE,97,56,33,Niche Specialist
2534,9/20/2024,Tier2,2170,1,746,Fashion,197,64,0.15,20,TRUE,99,47,32,Social Catalyst
2535,2/17/2024,Tier4+,4104,0,657,Home,1,0,0.05,183,FALSE,0,48,65,Niche Specialist
2536,8/31/2023,Tier2,7178,4,570,Fashion,76,21,0.13,27,TRUE,63,46,29,Social Catalyst
2537,5/17/2023,Tier3,5370,1,599,Fashion,116,33,0.15,3,FALSE,35,45,29,Social Catalyst
2538,1/31/2024,Tier4+,14880,0,347,Beauty,3,2,0.09,255,TRUE,41,46,79,Ghost Reseller
2539,10/27/2024,Tier3,4959,0,740,Home,0,5,0.08,353,FALSE,0,51,98,Niche Specialist
2540,12/30/2023,Tier2,3620,0,698,Home,0,0,0.12,113,TRUE,40,47,52,Niche Specialist
2541,1/3/2023,Tier4+,3180,0,552,Fashion,2,5,0.07,222,TRUE,41,42,73,Low-Engagement Reseller
2542,9/24/2023,Tier2,1706,0,387,Beauty,5,0,0.05,165,TRUE,42,35,62,Low-Engagement Reseller
2543,10/6/2024,Tier2,4873,0,686,Home,2,0,0.13,105,TRUE,41,48,50,Niche Specialist
2544,10/16/2024,Tier2,2270,0,346,Beauty,3,0,0.06,363,FALSE,1,34,100,Niche Specialist
2545,10/2/2023,Tier4+,6696,1,647,Home,182,60,0.09,10,TRUE,95,49,30,Niche Specialist
2546,7/11/2023,Tier3,3646,0,635,Fashion,0,0,0.07,279,FALSE,0,46,84,Low-Engagement Reseller
2547,3/25/2023,Tier2,1001,0,386,Fashion,2,0,0.14,37,FALSE,1,33,37,Low-Engagement Reseller
2548,3/20/2023,Tier3,3933,0,483,Fashion,0,0,0.13,337,FALSE,0,39,95,Low-Engagement Reseller
2549,1/6/2023,Tier2,1079,3,362,Fashion,66,16,0.14,27,TRUE,60,32,31,Social Catalyst
2550,12/14/2023,Tier3,6252,1,550,Home,82,23,0.15,19,FALSE,25,44,32,Niche Specialist
2551,4/7/2024,Tier3,3708,0,465,Fashion,3,0,0.13,97,TRUE,41,39,49,Low-Engagement Reseller
2552,3/3/2023,Tier4+,22465,0,315,Fashion,5,1,0.1,35,TRUE,42,52,37,Ghost Reseller
2553,4/13/2024,Tier3,1650,0,399,Mixed,0,4,0.05,329,TRUE,40,36,93,Low-Engagement Reseller
2554,9/30/2023,Tier3,839,4,555,Fashion,31,10,0.11,15,FALSE,9,39,27,Low-Engagement Reseller
2555,12/30/2024,Tier3,1170,0,528,Home,4,5,0.06,210,FALSE,1,40,70,Low-Engagement Reseller
2556,4/26/2023,Tier3,749,2,363,Home,47,18,0.08,1,FALSE,14,33,27,Low-Engagement Reseller
2557,10/28/2023,Tier4+,7016,2,417,Mixed,144,46,0.14,8,FALSE,43,40,29,Low-Engagement Reseller
2558,7/1/2024,Tier4+,19028,2,358,Home,38,12,0.08,3,FALSE,11,51,28,Niche Specialist
2559,11/6/2024,Tier2,5357,4,796,Fashion,46,16,0.14,5,FALSE,14,52,25,Low-Engagement Reseller
2560,9/14/2024,Tier3,4465,1,322,Fashion,130,42,0.14,21,FALSE,39,34,33,Social Catalyst
2561,6/14/2024,Tier3,4978,0,511,Fashion,3,2,0.06,203,FALSE,1,43,69,Low-Engagement Reseller
2562,5/27/2024,Tier3,22999,0,535,Fashion,4,1,0.09,88,FALSE,1,61,47,Ghost Reseller
2563,12/20/2024,Tier2,12487,0,631,Home,3,5,0.05,265,FALSE,1,55,81,Ghost Reseller
2564,3/8/2023,Tier3,1537,2,486,Fashion,188,58,0.05,10,FALSE,56,39,29,Social Catalyst
2565,11/17/2024,Tier2,7941,0,502,Home,5,0,0.12,92,FALSE,2,44,48,Ghost Reseller
2566,7/20/2024,Tier4+,2588,1,681,Home,28,4,0.12,2,TRUE,48,46,29,Niche Specialist
2567,6/14/2024,Tier3,10130,0,783,Fashion,1,2,0.15,97,TRUE,40,56,49,Ghost Reseller
2568,11/27/2024,Tier3,1034,0,536,Mixed,1,0,0.09,290,TRUE,40,39,86,Low-Engagement Reseller
2569,2/21/2024,Tier4+,2716,0,537,Fashion,5,5,0.11,145,FALSE,2,41,58,Low-Engagement Reseller
2570,10/26/2023,Tier2,4174,0,333,Fashion,2,6,0.13,114,FALSE,1,34,52,Low-Engagement Reseller
2571,7/21/2024,Tier3,1238,0,768,Fashion,5,4,0.09,187,TRUE,42,48,66,Low-Engagement Reseller
2572,1/14/2024,Tier4+,9761,0,561,Mixed,2,6,0.11,363,TRUE,41,49,100,Ghost Reseller
2573,8/22/2023,Tier2,9425,0,657,Fashion,4,0,0.07,225,TRUE,41,53,73,Ghost Reseller
2574,3/13/2023,Tier3,8156,1,535,Home,111,30,0.14,27,FALSE,33,45,34,Niche Specialist
2575,9/26/2023,Tier2,6458,0,595,Beauty,2,2,0.07,149,TRUE,41,47,59,Ghost Reseller
2576,3/31/2024,Tier4+,1058,1,517,Fashion,189,53,0.05,7,TRUE,97,39,30,Social Catalyst
2577,5/30/2023,Tier3,8946,1,593,Home,200,56,0.1,6,FALSE,60,49,30,Niche Specialist
2578,7/31/2024,Tier3,9266,0,619,Mixed,5,1,0.08,275,FALSE,2,51,83,Ghost Reseller
2579,8/22/2024,Tier4+,4256,3,437,Beauty,32,11,0.05,0,FALSE,10,40,26,Niche Specialist
2580,12/26/2023,Tier2,1565,0,683,Home,2,0,0.13,114,FALSE,1,45,52,Low-Engagement Reseller
2581,10/25/2024,Tier4+,15767,1,760,Fashion,94,26,0.14,4,FALSE,28,61,29,Social Catalyst
2582,9/11/2023,Tier3,10089,0,508,Mixed,5,5,0.14,122,TRUE,42,46,53,Ghost Reseller
2583,3/15/2024,Tier4+,13188,0,633,Fashion,0,0,0.06,280,TRUE,40,56,84,Ghost Reseller
2584,4/18/2023,Tier3,1861,0,500,Fashion,4,5,0.12,237,FALSE,1,38,75,Low-Engagement Reseller
2585,10/19/2023,Tier2,3940,2,717,Fashion,108,31,0.06,15,TRUE,72,50,30,Social Catalyst
2586,10/30/2024,Tier3,2418,0,346,Fashion,4,2,0.13,234,FALSE,1,33,75,Low-Engagement Reseller
2587,12/28/2024,Tier4+,1209,0,437,Fashion,4,1,0.1,325,FALSE,1,36,92,Low-Engagement Reseller
2588,10/5/2023,Tier2,24105,0,411,Fashion,5,4,0.07,265,FALSE,2,58,81,Ghost Reseller
2589,7/9/2023,Tier4+,1654,2,313,Beauty,132,36,0.06,13,FALSE,40,32,29,Low-Engagement Reseller
2590,12/27/2024,Tier2,2283,0,449,Fashion,5,5,0.05,260,TRUE,42,38,80,Low-Engagement Reseller
2591,6/29/2023,Tier3,5634,0,475,Beauty,1,0,0.09,114,FALSE,0,42,52,Ghost Reseller
2592,9/24/2023,Tier2,2344,2,591,Mixed,186,56,0.1,26,TRUE,96,43,32,Low-Engagement Reseller
2593,6/20/2023,Tier2,8063,0,500,Home,3,2,0.14,250,FALSE,1,44,78,Ghost Reseller
2594,10/2/2023,Tier3,2680,0,383,Fashion,3,0,0.05,342,TRUE,41,36,96,Low-Engagement Reseller
2595,9/8/2024,Tier2,3044,4,399,Home,160,52,0.15,0,FALSE,48,35,24,Niche Specialist
2596,5/3/2024,Tier2,4375,0,483,Home,4,0,0.1,310,TRUE,41,40,89,Niche Specialist
2597,7/18/2024,Tier3,2864,2,433,Fashion,85,24,0.08,14,TRUE,66,38,30,Social Catalyst
2598,7/11/2023,Tier4+,3574,1,395,Mixed,61,23,0.1,18,TRUE,58,36,32,Low-Engagement Reseller
2599,10/5/2024,Tier4+,4141,5,773,Fashion,156,46,0.13,0,FALSE,47,51,23,Social Catalyst
2600,6/12/2023,Tier3,26343,0,321,Beauty,2,2,0.13,87,FALSE,1,56,47,Ghost Reseller
2601,11/4/2024,Tier3,3402,2,470,Home,23,9,0.09,29,FALSE,7,39,33,Niche Specialist
2602,4/5/2023,Tier3,1595,4,796,Fashion,80,25,0.07,16,FALSE,24,50,27,Social Catalyst
2603,11/29/2023,Tier4+,2283,1,471,Fashion,183,59,0.05,0,FALSE,55,39,29,Social Catalyst
2604,12/19/2023,Tier3,2757,0,471,Beauty,2,6,0.09,233,FALSE,1,39,75,Niche Specialist
2605,5/3/2023,Tier4+,634,0,692,Home,1,0,0.11,355,FALSE,0,44,98,Low-Engagement Reseller
2606,8/9/2023,Tier2,24987,0,776,Fashion,0,5,0.06,254,TRUE,40,73,79,Ghost Reseller
2607,6/10/2023,Tier3,1108,0,515,Home,1,4,0.12,89,FALSE,0,38,47,Low-Engagement Reseller
2608,8/24/2024,Tier3,2746,0,357,Fashion,5,0,0.14,126,FALSE,2,33,54,Low-Engagement Reseller
2609,8/12/2023,Tier2,406,1,606,Fashion,11,0,0.08,12,TRUE,43,42,31,Low-Engagement Reseller
2610,7/31/2023,Tier3,2207,2,752,Fashion,150,43,0.07,30,FALSE,45,49,33,Social Catalyst
2611,4/19/2023,Tier3,1688,0,760,Fashion,0,0,0.06,236,FALSE,0,49,75,Low-Engagement Reseller
2612,1/19/2024,Tier3,458,2,723,Fashion,184,60,0.12,3,FALSE,55,45,28,Social Catalyst
2613,4/12/2024,Tier4+,5385,0,625,Mixed,3,5,0.09,159,FALSE,1,47,60,Ghost Reseller
2614,4/18/2024,Tier3,1042,0,527,Fashion,3,0,0.13,51,FALSE,1,38,40,Low-Engagement Reseller
2615,3/28/2024,Tier3,16564,0,516,Beauty,5,0,0.14,365,FALSE,2,53,100,Ghost Reseller
2616,11/17/2023,Tier3,13169,2,503,Fashion,74,24,0.06,28,FALSE,22,51,32,Social Catalyst
2617,8/14/2024,Tier2,1899,0,393,Beauty,3,2,0.13,98,FALSE,1,34,49,Low-Engagement Reseller
2618,5/12/2024,Tier3,2976,0,435,Beauty,5,4,0.12,78,FALSE,2,37,45,Niche Specialist
2619,10/7/2023,Tier4+,2114,1,676,Fashion,38,7,0.09,14,FALSE,11,46,31,Low-Engagement Reseller
2620,11/17/2024,Tier3,1328,0,654,Fashion,0,4,0.14,286,FALSE,0,43,85,Low-Engagement Reseller
2621,10/11/2023,Tier2,6788,0,743,Mixed,0,0,0.1,356,FALSE,0,53,98,Ghost Reseller
2622,10/4/2023,Tier2,1142,4,530,Home,180,57,0.08,20,FALSE,54,39,28,Low-Engagement Reseller
2623,12/1/2024,Tier2,5371,0,589,Fashion,4,0,0.12,108,FALSE,1,45,51,Ghost Reseller
2624,3/30/2023,Tier3,3446,0,580,Home,3,0,0.14,334,FALSE,1,42,94,Niche Specialist
2625,1/6/2024,Tier4+,4928,0,449,Fashion,4,3,0.07,137,TRUE,41,40,56,Low-Engagement Reseller
2626,6/11/2024,Tier4+,1787,0,570,Fashion,3,2,0.07,45,TRUE,41,42,39,Low-Engagement Reseller
2627,7/7/2024,Tier2,3335,1,742,Beauty,111,37,0.05,12,TRUE,73,50,31,Niche Specialist
2628,7/28/2024,Tier3,28634,0,361,Home,5,0,0.05,299,FALSE,2,61,87,Ghost Reseller
2629,11/12/2024,Tier3,11719,0,533,Fashion,0,5,0.14,119,FALSE,0,49,53,Ghost Reseller
2630,12/20/2023,Tier3,5409,2,348,Home,162,45,0.15,25,FALSE,49,35,32,Niche Specialist
2631,8/22/2023,Tier3,3144,1,368,Fashion,188,52,0.09,22,FALSE,56,35,33,Social Catalyst
2632,1/9/2023,Tier3,11326,1,615,Beauty,84,25,0.13,10,FALSE,25,52,30,Niche Specialist
2633,8/1/2024,Tier3,2388,2,393,Fashion,132,39,0.14,27,TRUE,80,34,32,Social Catalyst
2634,7/15/2023,Tier3,7819,0,575,Home,2,4,0.06,264,FALSE,1,48,81,Ghost Reseller
2635,8/17/2023,Tier3,2012,0,458,Beauty,1,0,0.11,220,FALSE,0,37,72,Niche Specialist
2636,1/21/2024,Tier3,28203,0,671,Home,1,0,0.13,78,TRUE,40,71,45,Ghost Reseller
2637,5/25/2023,Tier3,823,0,718,Fashion,2,0,0.11,227,FALSE,1,46,74,Low-Engagement Reseller
2638,12/29/2024,Tier3,24756,2,628,Home,172,49,0.11,15,FALSE,52,66,30,Niche Specialist
2639,5/19/2023,Tier4+,6222,0,348,Home,0,0,0.09,239,FALSE,0,37,76,Ghost Reseller
2640,2/22/2023,Tier3,1786,0,684,Home,4,0,0.12,236,FALSE,1,45,75,Low-Engagement Reseller
2641,2/27/2023,Tier2,7660,0,662,Fashion,1,0,0.08,36,TRUE,40,51,37,Ghost Reseller
2642,4/23/2023,Tier2,273,0,608,Fashion,4,1,0.12,106,FALSE,1,41,50,Low-Engagement Reseller
2643,9/16/2023,Tier3,12330,1,344,Mixed,178,55,0.1,5,FALSE,53,43,29,Low-Engagement Reseller
2644,1/22/2023,Tier4+,5419,2,629,Home,132,40,0.15,0,TRUE,80,46,27,Niche Specialist
2645,4/18/2023,Tier4+,2465,2,589,Fashion,165,47,0.07,8,TRUE,90,43,29,Social Catalyst
2646,4/3/2024,Tier2,1564,1,599,Fashion,184,58,0.08,27,FALSE,55,42,34,Social Catalyst
2647,2/14/2023,Tier2,1241,0,685,Home,3,0,0.15,358,TRUE,41,44,99,Low-Engagement Reseller
2648,11/30/2023,Tier3,629,2,711,Fashion,35,16,0.13,20,FALSE,11,45,31,Low-Engagement Reseller
2649,5/28/2023,Tier4+,15587,0,323,Home,2,3,0.1,107,TRUE,41,46,51,Ghost Reseller
2650,6/24/2024,Tier3,1501,1,307,Fashion,101,29,0.14,7,TRUE,70,30,30,Social Catalyst
2651,2/4/2023,Tier3,2645,13,710,Fashion,155,47,0.09,9,FALSE,47,47,12,Social Catalyst
2652,5/26/2023,Tier3,331,0,420,Beauty,4,2,0.12,155,TRUE,41,34,60,Low-Engagement Reseller
2653,2/3/2023,Tier4+,4207,0,394,Home,1,0,0.14,239,FALSE,0,36,76,Niche Specialist
2654,10/13/2023,Tier3,2215,0,564,Home,4,0,0.07,156,TRUE,41,42,60,Niche Specialist
2655,5/9/2024,Tier4+,2108,3,312,Home,31,12,0.08,6,TRUE,49,32,27,Niche Specialist
2656,6/7/2024,Tier3,60534,0,663,Home,3,3,0.15,163,FALSE,1,102,61,Ghost Reseller
2657,7/15/2024,Tier3,4888,1,740,Beauty,165,53,0.15,30,FALSE,50,50,34,Niche Specialist
2658,10/15/2023,Tier3,10625,0,403,Beauty,0,0,0.14,95,FALSE,0,43,48,Ghost Reseller
2659,3/28/2024,Tier3,6277,0,604,Fashion,3,0,0.11,240,FALSE,1,47,76,Ghost Reseller
2660,11/15/2024,Tier2,5153,0,486,Fashion,5,0,0.09,244,TRUE,42,42,77,Ghost Reseller
2661,2/26/2023,Tier2,3460,1,776,Fashion,61,13,0.06,12,FALSE,18,51,31,Social Catalyst
2662,4/9/2023,Tier2,1858,0,385,Fashion,3,0,0.14,301,FALSE,1,33,88,Low-Engagement Reseller
2663,6/24/2024,Tier2,5466,1,308,Home,46,19,0.12,21,TRUE,54,35,33,Niche Specialist
2664,2/23/2023,Tier3,5145,0,659,Home,2,6,0.07,319,FALSE,1,48,91,Ghost Reseller
2665,4/29/2023,Tier2,2676,0,500,Home,0,0,0.1,178,FALSE,0,39,64,Niche Specialist
2666,2/27/2024,Tier3,10944,2,372,Fashion,23,12,0.09,21,TRUE,47,43,31,Low-Engagement Reseller
2667,8/9/2023,Tier2,480,0,407,Home,2,5,0.11,290,FALSE,1,34,86,Low-Engagement Reseller
2668,8/30/2023,Tier3,3692,2,616,Fashion,126,33,0.14,21,FALSE,38,44,31,Social Catalyst
2669,2/3/2024,Tier2,50946,1,759,Fashion,114,36,0.07,27,FALSE,34,98,34,Social Catalyst
2670,9/14/2023,Tier4+,4513,0,369,Fashion,3,4,0.08,98,TRUE,41,37,49,Low-Engagement Reseller
2671,11/20/2024,Tier3,4053,3,454,Home,38,8,0.07,14,FALSE,11,40,28,Niche Specialist
2672,8/7/2024,Tier4+,796,1,591,Home,130,40,0.09,4,TRUE,79,41,29,Low-Engagement Reseller
2673,3/22/2024,Tier3,1654,0,676,Mixed,4,2,0.13,193,FALSE,1,44,67,Low-Engagement Reseller
2674,1/25/2024,Tier2,1778,0,542,Fashion,5,0,0.13,44,TRUE,42,40,38,Low-Engagement Reseller
2675,9/6/2023,Tier4+,556,0,521,Fashion,0,0,0.13,109,FALSE,0,37,51,Low-Engagement Reseller
2676,1/16/2023,Tier2,3816,2,727,Fashion,83,30,0.15,17,FALSE,25,48,30,Social Catalyst
2677,3/4/2023,Tier3,1871,0,468,Fashion,3,3,0.12,236,TRUE,41,37,75,Low-Engagement Reseller
2678,5/12/2024,Tier2,1827,2,797,Home,200,56,0.09,23,TRUE,100,50,31,Low-Engagement Reseller
2679,3/2/2023,Tier2,11339,0,561,Fashion,1,5,0.13,137,FALSE,0,50,56,Ghost Reseller
2680,2/24/2024,Tier3,1365,1,737,Fashion,96,24,0.08,22,FALSE,29,47,33,Social Catalyst
2681,2/29/2024,Tier4+,30882,0,531,Fashion,2,0,0.15,65,FALSE,1,68,42,Ghost Reseller
2682,2/7/2023,Tier3,4115,0,515,Home,2,6,0.08,307,TRUE,41,42,89,Niche Specialist
2683,5/23/2024,Tier4+,7070,0,778,Home,1,4,0.1,279,FALSE,0,54,84,Ghost Reseller
2684,5/31/2024,Tier3,3983,1,303,Beauty,75,21,0.15,21,TRUE,63,32,33,Niche Specialist
2685,10/17/2024,Tier2,1788,2,524,Fashion,161,44,0.07,3,TRUE,88,40,28,Social Catalyst
2686,4/21/2023,Tier3,3280,0,511,Fashion,5,3,0.07,138,FALSE,2,41,56,Low-Engagement Reseller
2687,7/1/2024,Tier2,449,0,601,Fashion,4,0,0.12,278,FALSE,1,41,83,Low-Engagement Reseller
2688,12/3/2024,Tier2,5483,0,734,Home,0,2,0.08,163,FALSE,0,51,61,Ghost Reseller
2689,2/20/2023,Tier4+,5452,2,766,Home,79,24,0.09,28,FALSE,24,52,32,Niche Specialist
2690,6/2/2024,Tier2,11729,4,766,Fashion,116,31,0.06,28,FALSE,35,59,29,Social Catalyst
2691,3/17/2023,Tier3,13722,3,414,Fashion,54,15,0.11,5,TRUE,56,47,26,Social Catalyst
2692,1/19/2024,Tier3,1821,2,661,Fashion,51,11,0.08,27,FALSE,15,45,32,Social Catalyst
2693,9/14/2024,Tier3,1643,0,613,Fashion,2,0,0.1,338,FALSE,1,43,95,Low-Engagement Reseller
2694,10/3/2024,Tier2,1915,0,364,Fashion,5,5,0.14,328,FALSE,2,33,93,Low-Engagement Reseller
2695,2/1/2023,Tier4+,2206,0,388,Home,3,3,0.06,166,FALSE,1,36,62,Niche Specialist
2696,9/9/2024,Tier4+,4311,0,764,Home,3,0,0.11,44,FALSE,1,51,38,Niche Specialist
2697,11/17/2024,Tier3,17284,0,306,Fashion,0,2,0.08,229,FALSE,0,47,74,Ghost Reseller
2698,4/29/2023,Tier2,900,2,491,Home,74,27,0.11,29,FALSE,22,37,33,Low-Engagement Reseller
2699,8/18/2023,Tier2,9576,1,590,Fashion,77,21,0.06,21,FALSE,23,51,33,Social Catalyst
2700,12/2/2024,Tier2,8137,0,406,Home,5,0,0.11,358,FALSE,2,41,99,Ghost Reseller
2701,7/10/2023,Tier3,3999,0,724,Fashion,3,0,0.15,116,FALSE,1,48,52,Low-Engagement Reseller
2702,3/17/2024,Tier3,646,0,506,Home,0,0,0.07,91,FALSE,0,38,47,Low-Engagement Reseller
2703,1/25/2024,Tier4+,4529,1,581,Home,112,38,0.15,10,TRUE,74,43,30,Niche Specialist
2704,6/4/2024,Tier3,13884,19,749,Mixed,139,44,0.13,9,FALSE,42,59,3,Super-Spreader
2705,11/18/2023,Tier3,1325,0,304,Mixed,2,0,0.11,188,FALSE,1,31,66,Low-Engagement Reseller
2706,3/23/2023,Tier4+,3503,2,577,Beauty,96,29,0.1,8,FALSE,29,43,29,Niche Specialist
2707,4/15/2024,Tier3,4896,0,693,Fashion,2,0,0.09,85,TRUE,41,49,46,Low-Engagement Reseller
2708,3/22/2024,Tier4+,3420,5,353,Beauty,123,35,0.05,22,TRUE,77,36,27,Niche Specialist
2709,12/28/2024,Tier3,1657,0,496,Fashion,2,0,0.05,215,FALSE,1,39,71,Low-Engagement Reseller
2710,11/30/2023,Tier3,1869,0,410,Fashion,0,0,0.1,65,TRUE,40,35,42,Low-Engagement Reseller
2711,8/23/2024,Tier3,4604,2,744,Beauty,168,52,0.12,8,TRUE,90,50,29,Niche Specialist
2712,3/21/2023,Tier4+,380,0,431,Fashion,4,3,0.13,255,FALSE,1,34,79,Low-Engagement Reseller
2713,6/23/2023,Tier3,1839,1,475,Fashion,47,14,0.07,7,TRUE,54,38,30,Low-Engagement Reseller
2714,2/19/2023,Tier4+,5568,0,633,Fashion,0,0,0.1,296,FALSE,0,47,87,Ghost Reseller
2715,1/31/2023,Tier3,1039,0,345,Fashion,5,4,0.07,295,TRUE,42,33,87,Low-Engagement Reseller
2716,10/7/2024,Tier4+,994,3,611,Mixed,61,13,0.06,21,FALSE,18,43,30,Low-Engagement Reseller
2717,4/26/2024,Tier3,930,2,709,Home,137,38,0.07,6,FALSE,41,46,28,Low-Engagement Reseller
2718,11/14/2024,Tier3,1279,2,362,Fashion,156,45,0.06,19,FALSE,47,34,31,Social Catalyst
2719,6/6/2024,Tier3,2542,0,665,Fashion,0,0,0.05,273,FALSE,0,46,82,Low-Engagement Reseller
2720,9/9/2023,Tier4+,1331,1,468,Home,86,29,0.12,20,TRUE,66,36,32,Low-Engagement Reseller
2721,4/15/2023,Tier4+,6995,2,529,Mixed,107,31,0.15,22,TRUE,72,44,31,Low-Engagement Reseller
2722,10/20/2024,Tier3,405,0,634,Fashion,4,5,0.1,210,FALSE,1,42,70,Low-Engagement Reseller
2723,4/9/2024,Tier2,8356,4,784,Fashion,129,34,0.07,4,FALSE,39,56,25,Social Catalyst
2724,7/19/2023,Tier2,3008,0,560,Fashion,4,0,0.06,215,FALSE,1,43,71,Low-Engagement Reseller
2725,4/13/2023,Tier2,5327,1,479,Home,80,27,0.15,30,TRUE,64,40,34,Niche Specialist
2726,6/27/2023,Tier2,4375,0,647,Fashion,5,7,0.09,255,TRUE,42,47,79,Low-Engagement Reseller
2727,12/29/2023,Tier2,17908,1,575,Fashion,133,42,0.14,6,FALSE,40,57,30,Social Catalyst
2728,7/23/2024,Tier2,720,1,475,Mixed,114,38,0.06,1,FALSE,34,37,29,Low-Engagement Reseller
2729,10/7/2024,Tier2,13193,0,447,Fashion,2,3,0.07,66,FALSE,1,49,43,Ghost Reseller
2730,8/19/2024,Tier3,1401,1,662,Home,163,52,0.11,26,TRUE,89,44,33,Low-Engagement Reseller
2731,7/16/2023,Tier3,6110,0,492,Fashion,0,2,0.12,118,TRUE,40,42,53,Ghost Reseller
2732,1/19/2024,Tier4+,32622,12,791,Fashion,76,21,0.05,11,TRUE,63,81,14,Super-Spreader
2733,2/29/2024,Tier3,15312,3,512,Mixed,81,22,0.1,8,FALSE,24,53,27,Low-Engagement Reseller
2734,5/20/2023,Tier4+,10797,1,355,Home,163,46,0.11,3,FALSE,49,42,29,Niche Specialist
2735,1/26/2024,Tier4+,1464,2,303,Fashion,89,29,0.15,25,TRUE,67,30,32,Social Catalyst
2736,4/18/2023,Tier2,6217,2,459,Home,81,22,0.08,14,FALSE,24,42,30,Niche Specialist
2737,6/24/2024,Tier3,12438,5,729,Fashion,155,51,0.13,21,FALSE,47,57,27,Super-Spreader
2738,10/28/2023,Tier4+,2237,0,348,Fashion,0,0,0.14,151,FALSE,0,32,59,Low-Engagement Reseller
2739,1/19/2024,Tier3,403,0,561,Fashion,4,0,0.07,38,FALSE,1,40,37,Low-Engagement Reseller
2740,12/28/2024,Tier2,23717,0,315,Fashion,4,4,0.09,330,TRUE,41,54,93,Ghost Reseller
2741,7/18/2023,Tier3,36888,0,673,Fashion,0,0,0.06,318,FALSE,0,81,91,Ghost Reseller
2742,10/9/2024,Tier2,3433,2,483,Fashion,133,38,0.14,24,FALSE,40,39,32,Social Catalyst
2743,4/14/2023,Tier4+,17744,0,689,Fashion,1,5,0.15,231,FALSE,0,61,74,Ghost Reseller
2744,1/31/2024,Tier3,17263,2,746,Mixed,138,36,0.13,10,TRUE,81,63,29,Low-Engagement Reseller
2745,11/10/2024,Tier4+,462,3,561,Home,112,35,0.11,19,FALSE,34,39,29,Low-Engagement Reseller
2746,8/7/2023,Tier4+,331,0,695,Mixed,2,4,0.1,43,FALSE,1,44,38,Low-Engagement Reseller
2747,10/5/2024,Tier3,964,5,560,Fashion,48,18,0.1,3,FALSE,14,40,23,Low-Engagement Reseller
2748,5/16/2023,Tier4+,14164,1,687,Beauty,149,44,0.06,4,TRUE,85,59,29,Niche Specialist
2749,6/29/2024,Tier4+,6520,0,704,Fashion,3,2,0.14,188,FALSE,1,50,66,Ghost Reseller
2750,7/13/2023,Tier3,1092,0,345,Beauty,2,0,0.15,316,TRUE,41,31,91,Low-Engagement Reseller
2751,5/22/2024,Tier3,8701,14,601,Mixed,27,10,0.1,16,FALSE,8,49,12,Low-Engagement Reseller
2752,11/29/2024,Tier2,2148,2,392,Fashion,110,33,0.15,14,FALSE,33,34,30,Social Catalyst
2753,9/10/2023,Tier3,3755,3,410,Home,146,39,0.06,14,FALSE,44,38,28,Niche Specialist
2754,6/21/2023,Tier4+,4654,0,391,Home,5,4,0.12,45,FALSE,2,37,39,Niche Specialist
2755,6/21/2023,Tier3,2057,0,362,Fashion,2,4,0.07,342,FALSE,1,34,96,Low-Engagement Reseller
2756,9/25/2024,Tier3,6955,0,769,Home,5,0,0.14,288,FALSE,2,53,85,Ghost Reseller
2757,1/12/2023,Tier3,997,0,346,Fashion,5,0,0.07,239,TRUE,42,33,76,Low-Engagement Reseller
2758,12/14/2023,Tier2,28750,2,521,Home,76,27,0.12,28,FALSE,23,66,32,Niche Specialist
2759,4/25/2024,Tier3,5912,2,552,Beauty,79,29,0.14,6,FALSE,24,44,28,Niche Specialist
2760,6/26/2023,Tier4+,7396,0,475,Beauty,3,2,0.09,275,FALSE,1,43,83,Ghost Reseller
2761,4/4/2023,Tier3,6989,0,694,Home,5,4,0.14,310,TRUE,42,50,89,Ghost Reseller
2762,6/27/2023,Tier3,1508,0,532,Home,0,0,0.1,176,TRUE,40,39,64,Low-Engagement Reseller
2763,6/28/2023,Tier3,937,1,675,Fashion,189,58,0.09,10,FALSE,57,44,30,Social Catalyst
2764,5/9/2023,Tier4+,3348,0,327,Fashion,0,2,0.14,157,FALSE,0,33,60,Low-Engagement Reseller
2765,7/19/2024,Tier3,5776,0,682,Fashion,3,2,0.13,336,FALSE,1,49,94,Ghost Reseller
2766,7/25/2024,Tier3,1645,2,425,Fashion,133,36,0.12,2,FALSE,40,35,27,Social Catalyst
2767,7/13/2024,Tier2,9982,0,679,Home,1,3,0.08,34,TRUE,40,54,37,Ghost Reseller
2768,1/24/2024,Tier3,29288,18,623,Fashion,145,46,0.11,8,FALSE,44,70,5,Super-Spreader
2769,3/16/2023,Tier4+,2170,0,525,Beauty,1,0,0.05,86,TRUE,40,41,46,Niche Specialist
2770,10/16/2024,Tier2,12795,0,609,Fashion,1,0,0.06,339,TRUE,40,54,95,Ghost Reseller
2771,2/6/2024,Tier2,810,0,457,Fashion,2,0,0.1,177,FALSE,1,36,64,Low-Engagement Reseller
2772,11/13/2024,Tier3,2963,1,645,Home,87,31,0.08,24,FALSE,26,46,33,Niche Specialist
2773,2/1/2024,Tier4+,1591,0,310,Beauty,4,0,0.12,118,TRUE,41,31,53,Low-Engagement Reseller
2774,1/4/2024,Tier2,1173,1,485,Mixed,105,32,0.14,21,FALSE,32,37,33,Low-Engagement Reseller
2775,5/21/2023,Tier3,721,0,522,Home,0,0,0.13,191,FALSE,0,38,67,Low-Engagement Reseller
2776,4/25/2023,Tier4+,1479,2,683,Fashion,175,49,0.1,9,TRUE,93,45,29,Social Catalyst
2777,4/1/2024,Tier4+,9122,0,537,Beauty,2,2,0.13,304,FALSE,1,47,88,Ghost Reseller
2778,10/31/2023,Tier4+,7007,1,741,Home,17,6,0.13,21,TRUE,45,52,33,Niche Specialist
2779,5/13/2023,Tier3,4381,1,631,Fashion,170,56,0.1,7,FALSE,51,46,30,Social Catalyst
2780,10/15/2024,Tier4+,2790,0,310,Fashion,2,1,0.07,327,FALSE,1,33,93,Low-Engagement Reseller
2781,7/26/2024,Tier4+,3486,2,632,Fashion,175,53,0.12,16,TRUE,93,45,30,Social Catalyst
2782,4/3/2024,Tier4+,6565,2,442,Home,193,55,0.07,17,TRUE,98,42,30,Niche Specialist
2783,11/20/2023,Tier4+,6361,2,615,Fashion,116,34,0.14,15,TRUE,75,47,30,Social Catalyst
2784,1/14/2023,Tier3,1166,3,304,Home,196,55,0.06,10,TRUE,99,31,27,Low-Engagement Reseller
2785,10/17/2023,Tier4+,2330,0,342,Mixed,4,0,0.13,67,FALSE,1,33,43,Low-Engagement Reseller
2786,11/4/2024,Tier4+,1420,0,377,Fashion,4,0,0.09,162,FALSE,1,34,61,Low-Engagement Reseller
2787,8/10/2023,Tier3,2262,4,696,Beauty,154,49,0.1,18,FALSE,46,46,27,Niche Specialist
2788,4/30/2023,Tier3,2002,2,577,Fashion,117,36,0.1,5,FALSE,35,42,28,Social Catalyst
2789,12/5/2023,Tier3,864,0,442,Fashion,4,3,0.15,300,FALSE,1,34,88,Low-Engagement Reseller
2790,2/23/2024,Tier3,5456,5,505,Home,125,33,0.07,23,FALSE,38,43,27,Niche Specialist
2791,10/15/2023,Tier4+,1685,2,353,Home,60,14,0.06,27,FALSE,18,34,32,Low-Engagement Reseller
2792,6/23/2023,Tier4+,1899,0,417,Fashion,2,1,0.1,58,TRUE,41,36,41,Low-Engagement Reseller
2793,2/9/2023,Tier2,5346,0,724,Fashion,0,1,0.08,175,TRUE,40,51,64,Ghost Reseller
2794,10/21/2023,Tier3,1379,0,510,Fashion,2,5,0.06,331,TRUE,41,39,93,Low-Engagement Reseller
2795,12/29/2024,Tier4+,9590,0,748,Fashion,4,3,0.13,147,FALSE,1,55,58,Ghost Reseller
2796,11/3/2024,Tier3,6366,0,615,Mixed,1,2,0.05,108,FALSE,0,48,51,Ghost Reseller
2797,8/29/2024,Tier3,3613,0,777,Fashion,5,4,0.05,163,FALSE,2,52,61,Low-Engagement Reseller
2798,8/18/2023,Tier3,1065,1,598,Fashion,149,41,0.07,27,FALSE,45,42,34,Social Catalyst
2799,4/10/2024,Tier3,6376,2,348,Mixed,196,54,0.12,5,FALSE,59,37,28,Low-Engagement Reseller
2800,1/21/2023,Tier3,6483,0,336,Home,0,0,0.11,325,FALSE,0,37,92,Ghost Reseller
2801,11/3/2024,Tier2,9856,0,562,Home,4,1,0.15,364,FALSE,1,48,100,Ghost Reseller
2802,2/6/2024,Tier3,2148,0,517,Home,3,0,0.1,215,TRUE,41,40,71,Niche Specialist
2803,2/3/2023,Tier4+,7062,0,376,Fashion,4,4,0.12,112,TRUE,41,39,51,Ghost Reseller
2804,5/28/2023,Tier3,3184,1,776,Mixed,24,6,0.14,14,FALSE,7,49,31,Low-Engagement Reseller
2805,1/31/2023,Tier4+,969,0,750,Fashion,1,0,0.08,54,FALSE,0,47,40,Low-Engagement Reseller
2806,3/4/2024,Tier2,5898,0,342,Fashion,5,4,0.13,299,TRUE,42,36,87,Ghost Reseller
2807,6/29/2023,Tier2,1270,2,317,Home,46,11,0.15,12,FALSE,14,30,29,Low-Engagement Reseller
2808,7/16/2024,Tier3,7712,0,573,Home,2,3,0.06,158,FALSE,1,48,60,Ghost Reseller
2809,2/15/2024,Tier2,3784,20,656,Home,39,7,0.06,21,TRUE,52,47,4,Niche Specialist
2810,8/30/2023,Tier3,6752,1,763,Beauty,30,8,0.06,25,FALSE,9,54,33,Niche Specialist
2811,4/14/2024,Tier4+,2940,0,585,Fashion,5,0,0.05,251,TRUE,42,44,78,Low-Engagement Reseller
2812,5/1/2023,Tier3,520,1,499,Fashion,39,13,0.05,30,FALSE,12,38,34,Low-Engagement Reseller
2813,2/1/2023,Tier2,4460,0,663,Home,3,4,0.06,53,TRUE,41,48,40,Niche Specialist
2814,12/31/2024,Tier3,4096,0,629,Fashion,1,4,0.12,66,TRUE,40,45,43,Low-Engagement Reseller
2815,11/5/2024,Tier2,8710,2,400,Beauty,91,23,0.09,14,TRUE,67,42,30,Niche Specialist
2816,3/4/2024,Tier4+,2174,3,680,Home,123,38,0.13,18,FALSE,37,45,29,Niche Specialist
2817,7/25/2023,Tier2,2985,0,685,Mixed,3,0,0.06,245,FALSE,1,47,77,Low-Engagement Reseller
2818,10/26/2023,Tier4+,3534,0,707,Mixed,2,0,0.08,344,FALSE,1,48,96,Low-Engagement Reseller
2819,7/10/2024,Tier3,7017,0,461,Fashion,2,0,0.07,118,FALSE,1,43,53,Ghost Reseller
2820,9/19/2024,Tier4+,1841,0,560,Fashion,1,0,0.06,356,FALSE,0,42,98,Low-Engagement Reseller
2821,8/4/2023,Tier2,3770,2,473,Beauty,157,49,0.12,21,FALSE,47,39,31,Niche Specialist
2822,10/25/2024,Tier2,2328,0,446,Mixed,1,1,0.13,122,TRUE,40,36,53,Low-Engagement Reseller
2823,10/4/2023,Tier2,3315,0,784,Fashion,3,0,0.05,251,FALSE,1,52,78,Low-Engagement Reseller
2824,2/27/2024,Tier4+,1105,4,499,Fashion,135,45,0.12,24,TRUE,81,37,29,Social Catalyst
2825,8/13/2023,Tier2,7083,5,346,Home,172,55,0.12,26,TRUE,92,38,27,Niche Specialist
2826,5/31/2024,Tier2,2462,0,777,Fashion,5,7,0.07,305,TRUE,42,50,88,Low-Engagement Reseller
2827,12/10/2024,Tier4+,3709,0,529,Beauty,5,6,0.06,271,FALSE,2,42,82,Niche Specialist
2828,4/25/2024,Tier2,2067,0,674,Beauty,3,0,0.11,285,FALSE,1,45,85,Niche Specialist
2829,9/10/2023,Tier3,3049,0,414,Mixed,4,0,0.08,267,FALSE,1,37,81,Low-Engagement Reseller
2830,12/31/2024,Tier3,3724,0,767,Fashion,4,0,0.15,44,FALSE,1,49,38,Low-Engagement Reseller
2831,11/13/2023,Tier3,5085,0,662,Mixed,3,0,0.12,141,TRUE,41,48,57,Ghost Reseller
2832,1/19/2024,Tier3,2419,0,501,Beauty,3,0,0.13,339,FALSE,1,39,95,Niche Specialist
2833,5/20/2023,Tier2,1582,0,770,Fashion,0,5,0.11,335,FALSE,0,48,94,Low-Engagement Reseller
2834,7/2/2024,Tier3,4619,0,664,Home,2,0,0.07,207,FALSE,1,48,70,Niche Specialist
2835,1/15/2023,Tier3,14178,0,416,Fashion,1,4,0.15,320,FALSE,0,47,91,Ghost Reseller
2836,2/21/2023,Tier3,7403,0,548,Fashion,4,5,0.14,348,FALSE,1,45,97,Ghost Reseller
2837,5/25/2023,Tier3,2293,0,573,Fashion,2,0,0.05,165,FALSE,1,43,62,Low-Engagement Reseller
2838,7/10/2024,Tier3,3606,0,555,Fashion,0,0,0.12,164,FALSE,0,42,61,Low-Engagement Reseller
2839,10/10/2024,Tier4+,2538,1,674,Home,162,54,0.08,23,FALSE,49,46,33,Niche Specialist
2840,3/5/2024,Tier4+,226,1,551,Fashion,173,48,0.1,23,FALSE,52,39,33,Social Catalyst
2841,7/15/2024,Tier4+,4743,0,585,Home,3,0,0.11,281,TRUE,41,44,84,Niche Specialist
2842,2/6/2023,Tier3,3948,5,436,Home,71,20,0.09,8,TRUE,61,38,24,Niche Specialist
2843,5/23/2023,Tier3,416,4,514,Fashion,168,46,0.14,23,FALSE,50,37,28,Social Catalyst
2844,6/23/2024,Tier3,23140,2,473,Fashion,180,49,0.13,8,FALSE,54,58,29,Social Catalyst
2845,8/5/2024,Tier2,5392,3,350,Fashion,143,46,0.11,8,FALSE,43,36,27,Social Catalyst
2846,2/20/2024,Tier2,11625,0,700,Fashion,0,0,0.08,128,FALSE,0,56,55,Ghost Reseller
2847,4/1/2023,Tier4+,6810,5,585,Home,183,59,0.05,23,FALSE,55,48,27,Niche Specialist
2848,1/23/2023,Tier4+,5539,0,460,Home,2,0,0.13,81,TRUE,41,40,46,Ghost Reseller
2849,6/19/2024,Tier3,5365,3,491,Fashion,35,7,0.15,19,TRUE,51,41,29,Low-Engagement Reseller
2850,10/2/2023,Tier4+,13113,0,303,Mixed,2,0,0.09,96,FALSE,1,43,48,Ghost Reseller
2851,3/14/2024,Tier3,9743,3,776,Fashion,182,60,0.05,27,FALSE,55,58,31,Social Catalyst
2852,5/24/2024,Tier3,1143,0,421,Fashion,3,0,0.07,284,TRUE,41,36,84,Low-Engagement Reseller
2853,7/27/2023,Tier2,2170,0,606,Home,0,1,0.11,206,TRUE,40,43,70,Niche Specialist
2854,1/19/2024,Tier4+,3134,0,370,Fashion,1,0,0.11,219,FALSE,0,35,72,Low-Engagement Reseller
2855,3/11/2023,Tier3,10246,0,690,Home,2,6,0.06,81,FALSE,1,55,46,Ghost Reseller
2856,4/4/2024,Tier3,6760,0,646,Fashion,0,2,0.09,182,FALSE,0,49,65,Ghost Reseller
2857,12/18/2024,Tier2,16412,0,721,Mixed,0,0,0.08,229,FALSE,0,62,74,Ghost Reseller
2858,3/31/2023,Tier4+,2159,2,606,Fashion,102,26,0.05,1,FALSE,31,44,27,Social Catalyst
2859,1/27/2024,Tier4+,22676,0,389,Fashion,5,4,0.06,98,TRUE,42,56,49,Ghost Reseller
2860,12/18/2023,Tier4+,3126,0,525,Home,4,0,0.06,78,FALSE,1,42,45,Niche Specialist
2861,8/10/2024,Tier3,6549,0,562,Home,1,5,0.12,219,FALSE,0,45,72,Ghost Reseller
2862,5/27/2023,Tier2,7172,0,576,Beauty,2,5,0.11,79,FALSE,1,47,45,Ghost Reseller
2863,11/24/2024,Tier4+,1588,1,385,Fashion,188,60,0.09,18,TRUE,96,34,32,Social Catalyst
2864,3/18/2024,Tier2,1760,5,646,Fashion,22,12,0.11,14,FALSE,7,44,25,Low-Engagement Reseller
2865,1/3/2023,Tier2,4429,2,643,Home,75,18,0.11,1,FALSE,23,46,27,Niche Specialist
2866,7/16/2023,Tier3,5324,0,415,Fashion,1,0,0.08,121,FALSE,0,39,53,Ghost Reseller
2867,1/15/2024,Tier4+,1086,1,645,Mixed,106,32,0.05,18,FALSE,32,44,32,Low-Engagement Reseller
2868,5/14/2023,Tier3,12367,2,726,Mixed,141,38,0.07,0,FALSE,42,58,27,Low-Engagement Reseller
2869,12/26/2023,Tier2,654,1,304,Home,195,62,0.08,12,FALSE,59,30,31,Low-Engagement Reseller
2870,3/4/2024,Tier3,1093,1,636,Fashion,158,43,0.12,9,FALSE,47,43,30,Social Catalyst
2871,7/27/2023,Tier4+,2035,2,471,Beauty,179,56,0.09,2,FALSE,54,38,27,Niche Specialist
2872,1/20/2024,Tier2,4380,0,468,Fashion,4,0,0.1,346,FALSE,1,40,96,Low-Engagement Reseller
2873,5/16/2024,Tier2,393,0,653,Beauty,2,4,0.09,135,FALSE,1,43,56,Low-Engagement Reseller
2874,11/27/2024,Tier3,4934,2,620,Beauty,140,47,0.14,18,FALSE,42,45,30,Niche Specialist
2875,4/1/2024,Tier3,1027,1,435,Fashion,116,40,0.06,24,TRUE,75,36,33,Social Catalyst
2876,6/6/2023,Tier4+,1392,0,734,Home,3,0,0.15,237,FALSE,1,46,75,Low-Engagement Reseller
2877,5/6/2024,Tier4+,3282,2,307,Fashion,164,46,0.11,10,FALSE,49,33,29,Social Catalyst
2878,11/12/2023,Tier3,12084,1,421,Fashion,128,33,0.12,23,TRUE,78,45,33,Social Catalyst
2879,8/3/2023,Tier3,2403,0,631,Fashion,5,0,0.14,288,TRUE,42,43,85,Low-Engagement Reseller
2880,10/11/2023,Tier3,2618,0,392,Fashion,2,0,0.07,196,TRUE,41,36,68,Low-Engagement Reseller
2881,9/23/2024,Tier3,1129,0,589,Beauty,5,0,0.08,347,FALSE,2,42,97,Low-Engagement Reseller
2882,10/29/2023,Tier4+,4264,1,436,Fashion,16,7,0.11,19,FALSE,5,38,32,Low-Engagement Reseller
2883,12/22/2024,Tier3,4399,0,590,Home,1,1,0.11,251,FALSE,0,44,78,Niche Specialist
2884,9/30/2024,Tier4+,6650,0,494,Fashion,4,6,0.09,95,TRUE,41,43,48,Ghost Reseller
2885,11/2/2023,Tier3,1027,1,380,Home,61,16,0.06,26,FALSE,18,34,33,Low-Engagement Reseller
2886,6/7/2024,Tier2,7757,3,620,Mixed,138,36,0.12,0,FALSE,41,49,26,Low-Engagement Reseller
2887,4/4/2024,Tier2,17982,0,762,Home,4,5,0.08,243,TRUE,41,65,77,Ghost Reseller
2888,6/1/2023,Tier3,1291,1,567,Fashion,189,57,0.07,4,FALSE,57,41,29,Social Catalyst
2889,1/28/2023,Tier4+,1003,0,538,Fashion,2,1,0.05,112,TRUE,41,40,51,Low-Engagement Reseller
2890,4/17/2023,Tier3,6253,4,337,Home,117,35,0.12,15,FALSE,35,36,27,Niche Specialist
2891,5/13/2024,Tier3,4161,0,584,Fashion,3,0,0.07,184,FALSE,1,45,65,Low-Engagement Reseller
2892,10/20/2023,Tier3,3011,2,410,Mixed,122,35,0.15,8,TRUE,77,35,29,Low-Engagement Reseller
2893,11/20/2023,Tier3,3633,0,473,Fashion,3,2,0.07,100,FALSE,1,40,49,Low-Engagement Reseller
2894,11/16/2023,Tier3,14485,2,509,Fashion,200,56,0.07,10,FALSE,60,52,29,Social Catalyst
2895,10/30/2023,Tier4+,3528,1,715,Beauty,59,21,0.15,3,FALSE,18,47,29,Niche Specialist
2896,9/5/2023,Tier2,17618,2,328,Beauty,107,28,0.08,27,TRUE,72,48,32,Niche Specialist
2897,6/17/2023,Tier3,522,0,507,Mixed,1,2,0.09,109,FALSE,0,38,51,Low-Engagement Reseller
2898,6/17/2024,Tier3,8359,0,623,Fashion,4,0,0.05,167,FALSE,1,51,62,Ghost Reseller
2899,4/19/2024,Tier4+,3180,1,456,Fashion,121,31,0.14,6,TRUE,76,37,30,Social Catalyst
2900,12/20/2024,Tier4+,1501,0,757,Home,0,2,0.09,176,FALSE,0,48,64,Low-Engagement Reseller
2901,10/21/2024,Tier2,3144,0,326,Fashion,2,3,0.13,292,FALSE,1,33,86,Low-Engagement Reseller
2902,12/19/2023,Tier3,8699,0,493,Beauty,3,3,0.06,321,TRUE,41,46,92,Ghost Reseller
2903,7/11/2024,Tier3,3876,0,602,Beauty,2,1,0.08,65,FALSE,1,45,42,Niche Specialist
2904,3/8/2023,Tier3,2210,0,662,Fashion,0,4,0.06,157,FALSE,0,46,60,Low-Engagement Reseller
2905,4/21/2023,Tier3,15644,1,454,Fashion,93,29,0.12,27,TRUE,68,50,34,Social Catalyst
2906,6/8/2024,Tier3,11412,2,596,Mixed,64,23,0.13,15,FALSE,19,51,30,Low-Engagement Reseller
2907,2/26/2024,Tier4+,2888,0,397,Fashion,5,1,0.15,137,FALSE,2,35,56,Low-Engagement Reseller
2908,1/16/2023,Tier4+,10111,0,530,Home,0,2,0.11,363,TRUE,40,48,100,Ghost Reseller
2909,5/3/2024,Tier2,2639,0,348,Fashion,5,0,0.11,228,TRUE,42,33,74,Low-Engagement Reseller
2910,2/15/2023,Tier3,14587,1,751,Fashion,112,36,0.05,5,FALSE,34,62,29,Social Catalyst
2911,1/10/2024,Tier3,449,0,437,Fashion,5,4,0.06,353,FALSE,2,36,98,Low-Engagement Reseller
2912,2/2/2024,Tier3,5084,2,762,Mixed,193,54,0.07,11,TRUE,98,52,29,Low-Engagement Reseller
2913,11/15/2023,Tier3,794,0,370,Fashion,1,1,0.08,359,TRUE,40,33,99,Low-Engagement Reseller
2914,10/27/2024,Tier4+,2989,0,627,Fashion,4,0,0.15,297,FALSE,1,44,87,Low-Engagement Reseller
2915,8/27/2024,Tier3,693,13,609,Fashion,144,44,0.05,3,FALSE,43,43,11,Social Catalyst
2916,8/9/2023,Tier2,4638,0,431,Beauty,3,0,0.14,75,TRUE,41,38,44,Niche Specialist
2917,1/11/2024,Tier4+,8893,0,396,Home,2,4,0.09,310,FALSE,1,42,89,Ghost Reseller
2918,2/8/2023,Tier3,3873,1,639,Home,110,32,0.13,13,FALSE,33,45,31,Niche Specialist
2919,11/2/2023,Tier2,11860,0,374,Beauty,1,0,0.05,337,TRUE,40,45,95,Ghost Reseller
2920,1/6/2023,Tier2,19462,0,546,Home,2,1,0.06,241,FALSE,1,59,76,Ghost Reseller
2921,9/22/2024,Tier3,5447,2,399,Beauty,114,29,0.05,4,FALSE,34,39,28,Niche Specialist
2922,5/14/2023,Tier3,985,0,683,Home,0,0,0.06,58,FALSE,0,45,41,Low-Engagement Reseller
2923,1/7/2024,Tier3,3334,0,363,Home,4,1,0.06,86,TRUE,41,36,46,Niche Specialist
2924,9/15/2024,Tier3,1061,0,599,Home,1,4,0.14,157,FALSE,0,41,60,Low-Engagement Reseller
2925,7/6/2024,Tier3,1944,0,793,Fashion,1,0,0.06,293,FALSE,0,50,86,Low-Engagement Reseller
2926,2/28/2024,Tier3,6637,0,501,Home,2,6,0.11,212,FALSE,1,43,71,Ghost Reseller
2927,7/11/2024,Tier2,17338,5,623,Beauty,141,37,0.05,24,FALSE,42,60,27,Super-Spreader
2928,7/10/2023,Tier3,8579,0,391,Fashion,3,2,0.06,114,FALSE,1,42,52,Ghost Reseller
2929,8/4/2023,Tier4+,1728,1,677,Fashion,191,53,0.11,5,TRUE,97,45,29,Social Catalyst
2930,4/21/2024,Tier4+,663,0,464,Beauty,5,0,0.15,60,FALSE,2,35,42,Low-Engagement Reseller
2931,7/1/2024,Tier4+,5218,0,488,Fashion,4,2,0.1,136,TRUE,41,42,56,Ghost Reseller
2932,2/15/2024,Tier3,1760,1,371,Home,55,13,0.15,11,FALSE,17,33,31,Low-Engagement Reseller
2933,5/24/2023,Tier3,9902,0,737,Fashion,5,2,0.12,126,FALSE,2,55,54,Ghost Reseller
2934,1/16/2024,Tier3,8425,0,780,Beauty,4,0,0.13,217,FALSE,1,55,72,Ghost Reseller
2935,4/18/2023,Tier3,5012,3,614,Fashion,163,53,0.05,4,TRUE,89,47,26,Social Catalyst
2936,5/6/2024,Tier3,9500,1,375,Mixed,65,23,0.11,22,TRUE,60,41,33,Low-Engagement Reseller
2937,10/27/2024,Tier3,14558,0,505,Beauty,0,0,0.09,102,TRUE,40,52,50,Ghost Reseller
2938,5/27/2024,Tier4+,1317,0,624,Fashion,2,0,0.11,316,TRUE,41,43,91,Low-Engagement Reseller
2939,4/29/2023,Tier2,1297,0,485,Mixed,0,4,0.13,290,FALSE,0,37,86,Low-Engagement Reseller
2940,6/20/2024,Tier3,5297,0,696,Fashion,4,6,0.06,118,FALSE,1,50,53,Ghost Reseller
2941,5/11/2024,Tier3,1455,0,520,Fashion,0,0,0.11,198,FALSE,0,39,68,Low-Engagement Reseller
2942,11/29/2024,Tier4+,821,0,535,Fashion,0,5,0.09,227,FALSE,0,39,74,Low-Engagement Reseller
2943,10/15/2023,Tier3,1059,1,439,Home,165,46,0.09,23,FALSE,50,36,33,Low-Engagement Reseller
2944,3/5/2024,Tier4+,3988,0,420,Fashion,5,3,0.08,168,FALSE,2,38,62,Low-Engagement Reseller
2945,1/8/2023,Tier2,9926,1,790,Home,80,29,0.06,11,FALSE,24,58,31,Niche Specialist
2946,6/21/2023,Tier3,15750,0,781,Mixed,4,0,0.09,45,FALSE,1,63,39,Ghost Reseller
2947,4/5/2024,Tier2,1043,3,424,Home,15,9,0.12,28,TRUE,45,35,31,Low-Engagement Reseller
2948,2/12/2024,Tier2,1084,1,744,Mixed,152,43,0.1,4,FALSE,46,47,29,Low-Engagement Reseller
2949,11/27/2023,Tier4+,1956,1,795,Fashion,166,52,0.1,22,TRUE,90,50,33,Social Catalyst
2950,8/1/2023,Tier3,3034,2,622,Home,83,24,0.09,21,FALSE,25,45,31,Niche Specialist
2951,3/25/2023,Tier3,2719,0,743,Home,3,6,0.11,167,FALSE,1,48,62,Niche Specialist
2952,9/27/2023,Tier2,1740,2,520,Fashion,12,7,0.14,0,TRUE,44,38,27,Low-Engagement Reseller
2953,7/31/2024,Tier3,5377,10,473,Beauty,32,10,0.14,7,FALSE,10,40,16,Niche Specialist
2954,3/29/2023,Tier3,2175,0,520,Fashion,5,0,0.05,151,FALSE,2,41,59,Low-Engagement Reseller
2955,2/10/2023,Tier4+,2627,0,354,Beauty,0,1,0.13,188,FALSE,0,33,66,Niche Specialist
2956,5/22/2024,Tier2,17092,2,397,Fashion,190,52,0.07,1,FALSE,57,51,27,Social Catalyst
2957,12/7/2024,Tier3,50784,0,621,Fashion,2,0,0.08,168,TRUE,41,92,62,Ghost Reseller
2958,7/22/2023,Tier3,899,1,750,Fashion,98,27,0.09,24,FALSE,29,47,33,Social Catalyst
2959,10/11/2024,Tier3,17904,1,399,Home,114,31,0.05,9,FALSE,34,52,30,Niche Specialist
2960,5/10/2024,Tier3,8965,1,547,Home,74,22,0.07,28,FALSE,22,48,34,Niche Specialist
2961,1/10/2024,Tier2,10480,0,659,Fashion,1,0,0.08,60,FALSE,0,54,42,Ghost Reseller
2962,6/15/2023,Tier3,8035,1,444,Mixed,179,49,0.11,29,FALSE,54,42,34,Low-Engagement Reseller
2963,10/11/2023,Tier3,2593,0,676,Fashion,1,2,0.06,44,FALSE,0,47,38,Low-Engagement Reseller
2964,10/20/2023,Tier2,2112,2,573,Home,44,10,0.05,9,TRUE,53,43,29,Niche Specialist
2965,11/24/2024,Tier2,14212,0,627,Fashion,5,0,0.13,286,TRUE,42,55,85,Ghost Reseller
2966,6/21/2023,Tier4+,1016,0,494,Fashion,4,1,0.06,273,FALSE,1,38,82,Low-Engagement Reseller
2967,1/5/2023,Tier3,2637,3,404,Fashion,200,55,0.08,24,FALSE,60,36,30,Social Catalyst
2968,5/17/2023,Tier3,6167,0,430,Fashion,4,0,0.1,42,FALSE,1,40,38,Ghost Reseller
2969,9/1/2023,Tier4+,3366,2,739,Fashion,59,23,0.08,10,FALSE,18,49,29,Social Catalyst
2970,4/27/2023,Tier2,9226,1,611,Fashion,139,46,0.14,12,FALSE,42,49,31,Social Catalyst
2971,10/28/2024,Tier2,1165,0,685,Fashion,5,6,0.1,272,FALSE,2,45,82,Low-Engagement Reseller
2972,4/2/2024,Tier2,66182,0,534,Fashion,0,5,0.05,321,FALSE,0,105,92,Ghost Reseller
2973,9/24/2023,Tier4+,6279,0,524,Home,1,0,0.14,224,TRUE,40,43,73,Ghost Reseller
2974,8/14/2023,Tier2,2623,0,795,Home,2,4,0.07,140,TRUE,41,51,57,Niche Specialist
2975,3/8/2024,Tier2,1411,0,411,Fashion,3,0,0.11,231,FALSE,1,35,74,Low-Engagement Reseller
2976,4/26/2023,Tier3,9789,1,574,Fashion,37,9,0.13,28,FALSE,11,49,34,Low-Engagement Reseller
2977,1/15/2024,Tier2,8063,0,653,Home,2,1,0.06,239,TRUE,41,51,76,Ghost Reseller
2978,12/4/2023,Tier2,17080,2,794,Beauty,164,54,0.09,12,FALSE,49,65,29,Niche Specialist
2979,8/22/2023,Tier4+,2947,0,655,Home,2,3,0.12,255,TRUE,41,45,79,Niche Specialist
2980,2/13/2024,Tier2,11963,0,704,Fashion,4,0,0.11,114,TRUE,41,56,52,Ghost Reseller
2981,3/12/2023,Tier4+,2854,0,374,Home,1,3,0.06,291,TRUE,40,36,86,Niche Specialist
2982,12/23/2024,Tier4+,3052,0,722,Fashion,5,3,0.12,314,FALSE,2,48,90,Low-Engagement Reseller
2983,6/26/2024,Tier2,2603,0,422,Fashion,5,0,0.14,311,TRUE,42,36,90,Low-Engagement Reseller
2984,4/8/2024,Tier2,3936,2,564,Home,158,48,0.08,23,FALSE,47,43,31,Niche Specialist
2985,5/10/2024,Tier4+,3159,0,447,Fashion,5,5,0.09,37,TRUE,42,38,37,Low-Engagement Reseller
2986,3/11/2023,Tier2,1920,0,424,Home,0,0,0.13,126,TRUE,40,35,54,Low-Engagement Reseller
2987,7/27/2024,Tier3,36134,0,361,Fashion,0,4,0.11,232,FALSE,0,67,74,Ghost Reseller
2988,12/27/2024,Tier2,1253,0,408,Home,2,0,0.14,332,FALSE,1,34,94,Low-Engagement Reseller
2989,5/3/2024,Tier4+,1049,0,374,Fashion,1,0,0.08,77,FALSE,0,33,45,Low-Engagement Reseller
2990,12/10/2024,Tier3,3341,2,396,Fashion,85,31,0.13,12,FALSE,26,36,29,Social Catalyst
2991,4/10/2024,Tier2,11737,0,315,Beauty,5,7,0.1,362,TRUE,42,42,99,Ghost Reseller
2992,5/31/2024,Tier4+,22395,0,690,Fashion,5,3,0.08,212,FALSE,2,67,71,Ghost Reseller
2993,1/23/2023,Tier4+,1662,0,414,Fashion,0,0,0.06,280,TRUE,40,36,84,Low-Engagement Reseller
2994,6/24/2024,Tier3,18237,0,348,Beauty,3,1,0.1,84,FALSE,1,49,46,Ghost Reseller
2995,1/8/2024,Tier4+,9088,1,735,Beauty,35,11,0.14,3,FALSE,11,54,29,Niche Specialist
2996,8/2/2024,Tier4+,2851,0,648,Home,5,6,0.08,84,FALSE,2,46,46,Niche Specialist
2997,2/23/2024,Tier4+,4986,0,428,Beauty,1,0,0.05,118,FALSE,0,40,53,Niche Specialist
2998,3/19/2024,Tier3,14083,0,710,Home,2,5,0.15,86,FALSE,1,58,46,Ghost Reseller
2999,12/4/2024,Tier3,4945,2,517,Beauty,103,31,0.14,15,FALSE,31,42,30,Niche Specialist
3000,11/30/2024,Tier4+,4307,0,644,Fashion,5,3,0.13,173,TRUE,42,46,63,Low-Engagement Reseller
3001,3/1/2023,Tier4+,1195,0,361,Home,0,0,0.05,298,TRUE,40,34,87,Low-Engagement Reseller
3002,9/15/2024,Tier2,3413,2,604,Beauty,52,12,0.1,18,FALSE,16,44,30,Niche Specialist
3003,11/25/2024,Tier3,1775,0,705,Home,5,5,0.1,193,FALSE,2,46,67,Low-Engagement Reseller
3004,10/9/2024,Tier4+,9025,0,734,Fashion,2,0,0.05,97,FALSE,1,56,49,Ghost Reseller
3005,2/18/2024,Tier3,611,0,422,Fashion,4,0,0.11,165,TRUE,41,34,62,Low-Engagement Reseller
3006,9/9/2023,Tier3,2590,0,480,Fashion,1,0,0.08,37,FALSE,0,39,37,Low-Engagement Reseller
3007,3/10/2024,Tier2,4401,0,718,Fashion,2,0,0.05,239,TRUE,41,50,76,Low-Engagement Reseller
3008,5/30/2023,Tier2,16265,0,600,Home,1,0,0.11,332,TRUE,40,57,94,Ghost Reseller
3009,5/13/2024,Tier3,2879,0,324,Home,3,3,0.13,165,TRUE,41,32,62,Niche Specialist
3010,12/8/2023,Tier4+,1492,0,313,Fashion,4,0,0.13,242,TRUE,41,31,76,Low-Engagement Reseller
3011,9/13/2023,Tier4+,2186,2,661,Mixed,182,56,0.08,13,FALSE,55,45,29,Low-Engagement Reseller
3012,10/21/2024,Tier3,3863,0,467,Fashion,2,0,0.09,242,FALSE,1,40,76,Low-Engagement Reseller
3013,3/12/2023,Tier4+,9862,0,682,Fashion,2,3,0.12,119,TRUE,41,53,53,Ghost Reseller
3014,2/22/2024,Tier2,9582,0,440,Fashion,1,0,0.09,186,TRUE,40,44,66,Ghost Reseller
3015,6/19/2023,Tier4+,1540,0,373,Fashion,0,0,0.14,125,FALSE,0,33,54,Low-Engagement Reseller
3016,4/16/2023,Tier4+,1945,2,775,Fashion,121,41,0.06,27,TRUE,76,50,32,Social Catalyst
3017,6/22/2024,Tier4+,3564,2,334,Beauty,151,46,0.14,10,TRUE,85,33,29,Niche Specialist
3018,8/22/2023,Tier2,2155,0,622,Fashion,3,6,0.06,305,TRUE,41,44,88,Low-Engagement Reseller
3019,6/27/2023,Tier4+,4735,0,525,Home,0,0,0.09,66,FALSE,0,43,43,Niche Specialist
3020,12/23/2023,Tier2,11522,0,560,Home,3,5,0.11,295,FALSE,1,50,87,Ghost Reseller
3021,2/16/2024,Tier4+,1566,0,726,Fashion,5,3,0.06,293,FALSE,2,48,86,Low-Engagement Reseller
3022,10/21/2023,Tier3,3276,1,474,Fashion,66,19,0.13,10,TRUE,60,38,30,Social Catalyst
3023,4/10/2023,Tier2,5738,0,609,Home,4,1,0.1,137,FALSE,1,47,56,Ghost Reseller
3024,8/7/2023,Tier3,3073,0,678,Fashion,2,3,0.06,202,TRUE,41,47,69,Low-Engagement Reseller
3025,5/5/2023,Tier2,1784,2,646,Home,25,8,0.09,28,FALSE,8,44,32,Low-Engagement Reseller
3026,6/15/2023,Tier3,17250,0,577,Beauty,3,5,0.1,91,FALSE,1,57,47,Ghost Reseller
3027,5/16/2024,Tier3,892,0,749,Fashion,2,5,0.14,269,FALSE,1,46,82,Low-Engagement Reseller
3028,5/19/2023,Tier4+,13043,1,487,Fashion,66,23,0.06,8,FALSE,20,50,30,Social Catalyst
3029,9/11/2024,Tier4+,6135,0,752,Home,5,0,0.13,68,FALSE,2,52,43,Ghost Reseller
3030,12/27/2023,Tier4+,2409,0,768,Fashion,1,0,0.05,356,FALSE,0,50,98,Low-Engagement Reseller
3031,10/31/2024,Tier4+,4583,0,605,Beauty,4,1,0.05,219,FALSE,1,46,72,Niche Specialist
3032,10/10/2023,Tier3,4347,0,745,Beauty,2,0,0.14,330,FALSE,1,49,93,Niche Specialist
3033,8/11/2023,Tier2,1050,0,378,Fashion,5,0,0.15,230,TRUE,42,32,74,Low-Engagement Reseller
3034,10/15/2023,Tier3,2836,3,687,Beauty,45,14,0.07,19,TRUE,54,47,29,Niche Specialist
3035,6/12/2024,Tier4+,2029,0,451,Mixed,3,0,0.11,238,FALSE,1,37,76,Low-Engagement Reseller
3036,5/27/2024,Tier2,1628,0,407,Home,5,1,0.13,286,TRUE,42,34,85,Low-Engagement Reseller
3037,2/16/2023,Tier3,6194,2,790,Fashion,69,24,0.14,21,TRUE,61,53,31,Social Catalyst
3038,8/17/2024,Tier4+,6584,1,540,Fashion,190,61,0.07,28,TRUE,97,45,34,Social Catalyst
3039,3/9/2024,Tier4+,6068,5,697,Beauty,59,19,0.14,17,TRUE,58,49,26,Niche Specialist
3040,8/13/2024,Tier3,3657,4,316,Beauty,35,7,0.1,28,FALSE,11,34,29,Niche Specialist
3041,12/12/2023,Tier4+,1288,0,474,Home,5,2,0.14,126,FALSE,2,36,54,Low-Engagement Reseller
3042,3/19/2023,Tier2,1952,0,652,Fashion,4,4,0.05,324,FALSE,1,45,92,Low-Engagement Reseller
3043,6/22/2023,Tier3,1481,1,677,Beauty,17,2,0.13,29,FALSE,5,44,34,Low-Engagement Reseller
3044,7/21/2023,Tier3,3119,0,348,Fashion,4,0,0.09,227,TRUE,41,34,74,Low-Engagement Reseller
3045,12/17/2024,Tier3,4430,0,516,Fashion,2,1,0.09,278,FALSE,1,42,83,Low-Engagement Reseller
3046,9/13/2024,Tier3,8437,14,359,Fashion,133,45,0.13,21,TRUE,80,39,13,Social Catalyst
3047,10/29/2024,Tier2,611,0,645,Home,0,1,0.08,218,FALSE,0,43,72,Low-Engagement Reseller
3048,9/24/2024,Tier3,1845,2,396,Beauty,85,24,0.12,2,FALSE,26,34,27,Low-Engagement Reseller
3049,10/10/2024,Tier4+,50437,0,712,Fashion,3,0,0.1,116,FALSE,1,95,52,Ghost Reseller
3050,4/5/2024,Tier4+,3709,0,553,Mixed,4,2,0.13,238,FALSE,1,42,76,Low-Engagement Reseller
3051,12/4/2024,Tier3,11141,0,754,Home,2,2,0.1,147,TRUE,41,57,58,Ghost Reseller
3052,7/13/2024,Tier2,16026,0,348,Fashion,3,0,0.05,177,FALSE,1,48,64,Ghost Reseller
3053,5/30/2023,Tier4+,10402,9,382,Home,78,19,0.11,5,TRUE,63,43,17,Super-Spreader
3054,2/9/2024,Tier3,8221,1,595,Home,50,17,0.05,20,FALSE,15,50,32,Niche Specialist
3055,10/12/2023,Tier3,3863,2,690,Fashion,171,53,0.06,7,FALSE,51,49,28,Social Catalyst
3056,5/30/2024,Tier2,1586,1,720,Home,124,32,0.06,20,FALSE,37,47,32,Low-Engagement Reseller
3057,12/19/2024,Tier3,6410,0,369,Fashion,2,4,0.05,147,TRUE,41,39,58,Ghost Reseller
3058,6/16/2023,Tier2,3327,2,784,Home,166,52,0.05,21,TRUE,90,52,31,Niche Specialist
3059,7/21/2024,Tier4+,2341,0,487,Fashion,4,1,0.08,138,FALSE,1,39,56,Low-Engagement Reseller
3060,2/1/2024,Tier3,28915,0,443,Home,3,0,0.14,344,TRUE,41,63,96,Ghost Reseller
3061,10/11/2023,Tier3,5297,0,348,Beauty,3,0,0.07,242,TRUE,41,37,76,Ghost Reseller
3062,10/24/2023,Tier4+,1065,0,465,Fashion,5,4,0.14,360,TRUE,42,36,99,Low-Engagement Reseller
3063,9/10/2023,Tier3,15005,0,429,Fashion,3,3,0.09,259,FALSE,1,49,80,Ghost Reseller
3064,11/1/2023,Tier4+,7653,1,416,Beauty,190,58,0.06,10,TRUE,97,42,30,Niche Specialist
3065,6/2/2023,Tier3,14819,0,609,Fashion,3,6,0.12,359,FALSE,1,55,99,Ghost Reseller
3066,7/1/2024,Tier4+,1355,0,393,Fashion,4,0,0.11,140,FALSE,1,34,57,Low-Engagement Reseller
3067,8/28/2024,Tier2,7027,0,453,Fashion,2,5,0.14,181,TRUE,41,41,65,Ghost Reseller
3068,1/24/2023,Tier3,15542,0,775,Beauty,1,0,0.14,252,FALSE,0,62,78,Ghost Reseller
3069,6/5/2024,Tier3,8042,0,701,Fashion,2,2,0.1,334,TRUE,41,52,94,Ghost Reseller
3070,9/29/2024,Tier3,465,1,380,Fashion,93,30,0.05,20,FALSE,28,34,32,Social Catalyst
3071,3/1/2023,Tier3,1148,0,645,Mixed,4,6,0.05,196,FALSE,1,44,68,Low-Engagement Reseller
3072,11/16/2024,Tier4+,10193,0,676,Fashion,2,3,0.11,342,TRUE,41,53,96,Ghost Reseller
3073,2/3/2023,Tier2,9554,1,387,Fashion,91,28,0.1,10,FALSE,27,42,30,Social Catalyst
3074,4/30/2024,Tier4+,1501,2,433,Mixed,116,31,0.1,2,FALSE,35,36,27,Low-Engagement Reseller
3075,12/12/2024,Tier3,1593,2,450,Fashion,92,33,0.15,16,FALSE,28,35,30,Social Catalyst
3076,6/29/2024,Tier3,1094,5,492,Fashion,73,27,0.1,25,FALSE,22,38,27,Social Catalyst
3077,8/6/2024,Tier3,5850,0,395,Fashion,4,0,0.08,327,FALSE,1,39,93,Ghost Reseller
3078,11/2/2023,Tier3,711,1,771,Fashion,191,61,0.06,17,FALSE,57,48,32,Social Catalyst
3079,7/21/2024,Tier2,3860,2,418,Fashion,187,56,0.06,20,FALSE,56,38,31,Social Catalyst
3080,9/25/2024,Tier3,6236,1,668,Fashion,81,24,0.07,2,TRUE,64,50,29,Social Catalyst
3081,7/20/2024,Tier2,8650,1,344,Fashion,93,30,0.08,4,TRUE,68,40,29,Social Catalyst
3082,9/16/2024,Tier3,6321,2,369,Home,174,53,0.11,2,TRUE,92,38,27,Niche Specialist
3083,4/13/2024,Tier3,318,0,351,Fashion,1,0,0.06,186,FALSE,0,32,66,Low-Engagement Reseller
3084,5/23/2024,Tier4+,9315,0,477,Beauty,1,0,0.11,221,TRUE,40,45,72,Ghost Reseller
3085,11/21/2024,Tier4+,2546,0,318,Home,0,4,0.1,198,FALSE,0,32,68,Niche Specialist
3086,6/10/2024,Tier4+,8249,1,683,Fashion,118,38,0.11,20,TRUE,75,52,32,Social Catalyst
3087,12/5/2023,Tier3,1576,0,365,Fashion,1,2,0.07,222,FALSE,0,34,73,Low-Engagement Reseller
3088,11/2/2023,Tier4+,6018,1,503,Fashion,49,10,0.13,9,FALSE,15,42,30,Low-Engagement Reseller
3089,6/6/2024,Tier4+,10591,0,585,Fashion,1,0,0.1,191,TRUE,40,51,67,Ghost Reseller
3090,12/30/2024,Tier3,18351,0,506,Fashion,4,0,0.08,360,FALSE,1,56,99,Ghost Reseller
3091,2/1/2024,Tier2,1089,2,520,Fashion,75,26,0.12,23,FALSE,23,38,31,Social Catalyst
3092,6/6/2024,Tier3,2299,0,718,Fashion,2,0,0.11,352,FALSE,1,47,98,Low-Engagement Reseller
3093,9/26/2023,Tier3,6593,0,644,Fashion,1,0,0.11,155,FALSE,0,49,60,Ghost Reseller
3094,1/18/2024,Tier3,3545,0,369,Fashion,5,0,0.14,123,FALSE,2,35,54,Low-Engagement Reseller
3095,5/19/2024,Tier3,5114,0,374,Home,0,4,0.13,300,FALSE,0,37,88,Ghost Reseller
3096,5/9/2024,Tier3,3519,0,568,Fashion,5,3,0.14,48,FALSE,2,42,39,Low-Engagement Reseller
3097,1/26/2023,Tier3,9444,0,782,Fashion,0,1,0.11,215,FALSE,0,57,71,Ghost Reseller
3098,5/17/2024,Tier3,3120,1,389,Home,174,48,0.13,25,TRUE,92,35,33,Niche Specialist
3099,12/19/2024,Tier3,10594,0,576,Fashion,5,2,0.14,70,FALSE,2,49,43,Ghost Reseller
3100,9/28/2024,Tier4+,5707,0,754,Fashion,5,5,0.05,302,FALSE,2,53,88,Ghost Reseller
3101,12/12/2024,Tier3,995,2,370,Beauty,131,37,0.11,10,TRUE,79,33,29,Low-Engagement Reseller
3102,4/26/2023,Tier3,2730,0,400,Fashion,3,5,0.07,150,TRUE,41,36,59,Low-Engagement Reseller
3103,4/19/2024,Tier4+,4883,4,704,Beauty,129,40,0.09,4,FALSE,39,49,25,Niche Specialist
3104,9/26/2023,Tier2,9719,0,472,Mixed,2,5,0.08,274,FALSE,1,46,83,Ghost Reseller
3105,6/22/2023,Tier3,2959,2,308,Mixed,159,51,0.12,24,FALSE,48,32,32,Low-Engagement Reseller
3106,8/20/2024,Tier3,1969,0,378,Mixed,1,0,0.12,211,FALSE,0,34,70,Low-Engagement Reseller
3107,10/7/2024,Tier4+,9389,0,599,Fashion,1,4,0.11,331,FALSE,0,50,93,Ghost Reseller
3108,4/20/2024,Tier4+,4474,8,598,Fashion,182,57,0.07,7,TRUE,95,45,19,Social Catalyst
3109,1/21/2024,Tier3,5513,3,331,Fashion,51,19,0.14,18,FALSE,15,35,29,Social Catalyst
3110,6/18/2023,Tier3,5146,1,475,Home,200,60,0.14,21,TRUE,100,40,33,Niche Specialist
3111,3/12/2023,Tier3,2726,0,435,Beauty,3,5,0.14,247,FALSE,1,36,77,Niche Specialist
3112,9/27/2023,Tier4+,4114,0,520,Fashion,4,0,0.11,237,FALSE,1,41,75,Low-Engagement Reseller
3113,11/16/2023,Tier3,2158,1,755,Fashion,88,28,0.1,27,FALSE,26,48,34,Social Catalyst
3114,3/18/2023,Tier2,3247,4,460,Fashion,175,48,0.1,3,TRUE,93,38,25,Social Catalyst
3115,12/29/2023,Tier3,3535,0,469,Fashion,0,2,0.07,80,FALSE,0,40,45,Low-Engagement Reseller
3116,11/23/2024,Tier4+,1121,2,684,Fashion,58,20,0.13,29,FALSE,17,44,33,Social Catalyst
3117,6/24/2024,Tier2,7174,2,403,Mixed,14,5,0.1,27,FALSE,4,40,32,Low-Engagement Reseller
3118,11/1/2024,Tier2,5436,4,497,Fashion,64,21,0.11,23,FALSE,19,42,28,Social Catalyst
3119,6/5/2023,Tier2,980,3,336,Home,186,60,0.08,6,FALSE,56,32,27,Low-Engagement Reseller
3120,1/3/2024,Tier3,670,1,353,Home,98,33,0.12,13,FALSE,29,32,31,Low-Engagement Reseller
3121,9/3/2023,Tier3,2370,0,689,Beauty,3,1,0.06,160,FALSE,1,47,61,Niche Specialist
3122,3/9/2023,Tier3,12674,1,524,Fashion,199,56,0.12,30,FALSE,60,50,34,Social Catalyst
3123,8/26/2023,Tier4+,1350,1,426,Fashion,69,17,0.06,22,FALSE,21,36,33,Social Catalyst
3124,2/23/2024,Tier4+,2354,0,513,Home,0,0,0.07,86,TRUE,40,40,46,Niche Specialist
3125,12/3/2024,Tier3,1345,0,300,Fashion,3,0,0.05,67,FALSE,1,32,43,Low-Engagement Reseller
3126,11/17/2023,Tier2,8308,1,651,Fashion,18,9,0.08,20,FALSE,5,51,32,Low-Engagement Reseller
3127,1/28/2024,Tier3,2317,0,388,Fashion,3,0,0.15,87,FALSE,1,34,47,Low-Engagement Reseller
3128,11/8/2023,Tier3,1778,0,443,Fashion,2,6,0.13,52,TRUE,41,36,40,Low-Engagement Reseller
3129,8/9/2024,Tier4+,14899,1,624,Fashion,158,44,0.11,13,FALSE,47,56,31,Social Catalyst
3130,8/18/2024,Tier3,2268,2,350,Fashion,86,27,0.15,2,FALSE,26,32,27,Social Catalyst
3131,1/17/2024,Tier4+,1081,0,597,Fashion,1,0,0.09,220,TRUE,40,42,72,Low-Engagement Reseller
3132,9/8/2024,Tier2,16236,1,654,Fashion,177,52,0.12,13,TRUE,93,58,31,Social Catalyst
3133,6/16/2024,Tier2,3108,0,491,Fashion,4,1,0.14,340,FALSE,1,39,95,Low-Engagement Reseller
3134,7/27/2023,Tier2,1833,4,342,Fashion,168,48,0.1,15,TRUE,90,33,27,Social Catalyst
3135,6/9/2023,Tier3,8602,5,791,Beauty,168,53,0.05,23,TRUE,90,57,27,Niche Specialist
3136,6/20/2023,Tier2,2983,0,304,Fashion,3,0,0.15,300,FALSE,1,31,88,Low-Engagement Reseller
3137,8/6/2024,Tier3,4890,0,418,Home,1,0,0.1,200,TRUE,40,39,68,Niche Specialist
3138,4/29/2024,Tier3,1355,0,442,Mixed,5,0,0.15,156,FALSE,2,35,60,Low-Engagement Reseller
3139,4/5/2024,Tier2,5851,0,451,Beauty,2,4,0.08,201,TRUE,41,41,69,Ghost Reseller
3140,8/3/2023,Tier4+,1536,0,609,Fashion,4,0,0.08,169,FALSE,1,43,62,Low-Engagement Reseller
3141,9/14/2023,Tier3,9927,3,618,Fashion,74,27,0.08,0,FALSE,22,52,26,Social Catalyst
3142,8/5/2023,Tier3,5227,0,337,Home,4,0,0.1,307,FALSE,1,36,89,Ghost Reseller
3143,10/26/2023,Tier2,719,1,762,Mixed,127,37,0.1,28,FALSE,38,47,34,Low-Engagement Reseller
3144,10/13/2023,Tier3,6164,7,303,Fashion,152,46,0.05,21,TRUE,86,37,24,Social Catalyst
3145,6/20/2023,Tier3,3862,1,763,Fashion,147,48,0.12,1,TRUE,84,50,29,Social Catalyst
3146,11/23/2023,Tier2,7194,1,574,Home,97,31,0.09,10,FALSE,29,47,30,Niche Specialist
3147,1/18/2023,Tier4+,1306,0,474,Fashion,5,2,0.06,107,FALSE,2,38,51,Low-Engagement Reseller
3148,11/21/2023,Tier2,992,0,336,Mixed,2,6,0.07,110,TRUE,41,32,51,Low-Engagement Reseller
3149,8/13/2023,Tier3,2480,0,501,Beauty,0,3,0.1,365,FALSE,0,39,100,Niche Specialist
3150,6/17/2023,Tier3,11200,2,662,Fashion,145,49,0.11,10,FALSE,44,54,29,Social Catalyst
3151,10/12/2023,Tier2,2242,0,321,Home,2,1,0.09,107,FALSE,1,32,51,Niche Specialist
3152,9/13/2023,Tier2,1700,2,421,Beauty,45,14,0.08,30,FALSE,14,36,33,Low-Engagement Reseller
3153,12/8/2024,Tier4+,1255,5,764,Fashion,81,29,0.05,3,TRUE,64,49,23,Social Catalyst
3154,3/27/2023,Tier3,3473,0,473,Mixed,0,1,0.14,153,FALSE,0,38,59,Low-Engagement Reseller
3155,10/15/2024,Tier3,3904,0,323,Fashion,3,4,0.09,105,FALSE,1,34,50,Low-Engagement Reseller
3156,6/6/2023,Tier2,1881,2,763,Mixed,88,23,0.15,29,TRUE,66,47,33,Low-Engagement Reseller
3157,8/20/2023,Tier2,1399,3,406,Home,29,4,0.06,12,TRUE,49,35,28,Low-Engagement Reseller
3158,3/9/2024,Tier2,4074,2,536,Beauty,95,25,0.13,27,TRUE,69,42,32,Niche Specialist
3159,5/21/2023,Tier4+,12708,0,472,Beauty,5,0,0.06,134,FALSE,2,49,56,Ghost Reseller
3160,7/4/2024,Tier2,6317,3,512,Fashion,161,50,0.09,29,TRUE,88,44,31,Social Catalyst
3161,9/28/2024,Tier4+,1286,0,436,Mixed,3,0,0.09,34,FALSE,1,36,37,Low-Engagement Reseller
3162,1/20/2024,Tier3,1927,2,556,Home,148,43,0.15,17,TRUE,84,40,30,Low-Engagement Reseller
3163,10/24/2024,Tier4+,725,0,578,Fashion,5,5,0.11,34,TRUE,42,40,37,Low-Engagement Reseller
3164,4/25/2023,Tier3,20759,1,641,Home,110,30,0.1,20,FALSE,33,63,32,Niche Specialist
3165,12/2/2023,Tier3,4551,0,340,Fashion,1,3,0.15,292,FALSE,0,34,86,Low-Engagement Reseller
3166,12/15/2024,Tier2,715,0,311,Fashion,3,4,0.07,63,FALSE,1,31,42,Low-Engagement Reseller
3167,3/19/2023,Tier3,2118,2,309,Fashion,45,15,0.08,8,TRUE,54,32,29,Low-Engagement Reseller
3168,7/11/2023,Tier3,3409,0,356,Home,3,0,0.12,143,TRUE,41,34,57,Niche Specialist
3169,3/13/2023,Tier3,2534,18,400,Home,191,52,0.07,9,FALSE,57,36,5,Niche Specialist
3170,2/3/2024,Tier3,4513,0,381,Home,0,0,0.1,199,TRUE,40,37,68,Niche Specialist
3171,3/28/2023,Tier4+,12662,0,703,Fashion,0,2,0.05,129,FALSE,0,58,55,Ghost Reseller
3172,2/7/2024,Tier3,2615,1,366,Fashion,54,12,0.11,17,FALSE,16,34,32,Social Catalyst
3173,2/29/2024,Tier3,2625,1,564,Mixed,181,51,0.05,17,FALSE,54,43,32,Low-Engagement Reseller
3174,10/5/2023,Tier2,5592,0,306,Fashion,3,0,0.07,153,FALSE,1,36,59,Ghost Reseller
3175,1/14/2024,Tier2,14632,0,490,Beauty,0,0,0.1,296,FALSE,0,51,87,Ghost Reseller
3176,6/25/2023,Tier2,4644,3,555,Mixed,176,50,0.11,2,FALSE,53,43,26,Low-Engagement Reseller
3177,10/22/2023,Tier3,2485,0,315,Home,3,5,0.05,70,FALSE,1,33,43,Niche Specialist
3178,8/19/2024,Tier2,4295,2,363,Beauty,149,44,0.07,30,TRUE,85,37,33,Niche Specialist
3179,9/20/2023,Tier3,2058,4,618,Home,95,32,0.14,20,FALSE,29,42,28,Niche Specialist
3180,11/12/2024,Tier2,2175,0,718,Fashion,2,1,0.1,311,FALSE,1,47,90,Low-Engagement Reseller
3181,10/2/2023,Tier3,2321,1,782,Beauty,165,51,0.1,17,TRUE,90,50,32,Niche Specialist
3182,3/4/2024,Tier2,13312,1,359,Beauty,144,44,0.06,27,FALSE,43,46,34,Niche Specialist
3183,6/26/2024,Tier4+,3259,0,790,Fashion,1,0,0.08,37,FALSE,0,51,37,Low-Engagement Reseller
3184,7/6/2023,Tier4+,6228,0,687,Beauty,2,0,0.14,97,TRUE,41,49,49,Ghost Reseller
3185,1/20/2023,Tier3,5303,0,615,Home,1,0,0.12,167,TRUE,40,46,62,Ghost Reseller
3186,3/2/2023,Tier4+,15999,4,554,Fashion,166,52,0.13,2,FALSE,50,54,24,Social Catalyst
3187,6/22/2023,Tier4+,2497,0,553,Fashion,2,0,0.09,359,FALSE,1,41,99,Low-Engagement Reseller
3188,5/18/2023,Tier2,1947,1,750,Beauty,146,48,0.12,16,FALSE,44,48,32,Low-Engagement Reseller
3189,1/9/2024,Tier2,3590,17,376,Fashion,80,28,0.08,12,FALSE,24,36,7,Social Catalyst
3190,12/27/2023,Tier4+,7309,5,424,Fashion,34,12,0.12,12,TRUE,50,41,25,Low-Engagement Reseller
3191,1/8/2024,Tier3,2280,0,541,Fashion,1,0,0.12,241,TRUE,40,40,76,Low-Engagement Reseller
3192,11/27/2024,Tier3,3945,0,345,Home,5,0,0.05,344,FALSE,2,36,96,Niche Specialist
3193,2/18/2024,Tier2,2194,0,390,Home,2,0,0.08,170,FALSE,1,35,63,Niche Specialist
3194,2/24/2023,Tier4+,5264,2,779,Fashion,135,41,0.11,8,FALSE,41,52,29,Social Catalyst
3195,5/24/2023,Tier3,3321,2,657,Home,197,64,0.11,7,FALSE,59,46,28,Niche Specialist
3196,8/21/2024,Tier3,831,0,486,Fashion,1,3,0.12,362,TRUE,40,37,99,Low-Engagement Reseller
3197,12/22/2024,Tier3,188,2,796,Fashion,81,29,0.14,23,FALSE,24,47,31,Social Catalyst
3198,5/21/2023,Tier4+,8910,0,411,Fashion,2,6,0.06,89,FALSE,1,43,47,Ghost Reseller
3199,8/24/2023,Tier3,12931,1,767,Mixed,177,50,0.05,15,TRUE,93,61,31,Low-Engagement Reseller
3200,3/26/2023,Tier4+,8730,0,525,Fashion,5,4,0.12,147,FALSE,2,46,58,Ghost Reseller
3201,1/30/2024,Tier4+,3370,2,635,Fashion,111,34,0.1,30,FALSE,33,45,33,Social Catalyst
3202,11/23/2023,Tier4+,1177,0,397,Fashion,0,0,0.06,361,TRUE,40,35,99,Low-Engagement Reseller
3203,4/30/2023,Tier2,9282,0,509,Fashion,4,0,0.06,349,TRUE,41,47,97,Ghost Reseller
3204,6/10/2024,Tier3,4769,0,646,Mixed,1,0,0.05,252,FALSE,0,48,78,Low-Engagement Reseller
3205,6/21/2023,Tier3,1503,1,581,Beauty,108,37,0.15,18,FALSE,32,40,32,Low-Engagement Reseller
3206,12/3/2024,Tier3,9262,3,770,Mixed,109,30,0.05,2,FALSE,33,57,26,Low-Engagement Reseller
3207,8/7/2024,Tier3,7338,0,511,Fashion,3,0,0.15,125,FALSE,1,44,54,Ghost Reseller
3208,3/27/2023,Tier3,6152,0,645,Beauty,1,0,0.13,201,TRUE,40,48,69,Ghost Reseller
3209,8/14/2024,Tier2,3764,0,606,Fashion,2,6,0.13,351,FALSE,1,44,97,Low-Engagement Reseller
3210,12/23/2023,Tier2,2222,0,794,Fashion,0,0,0.05,288,TRUE,40,51,85,Low-Engagement Reseller
3211,1/30/2023,Tier3,22839,0,776,Fashion,2,4,0.07,123,FALSE,1,71,54,Ghost Reseller
3212,4/3/2024,Tier2,16479,3,448,Fashion,170,54,0.07,13,FALSE,51,52,28,Social Catalyst
3213,7/31/2023,Tier2,5811,0,620,Home,5,2,0.14,280,FALSE,2,46,84,Ghost Reseller
3214,1/28/2023,Tier3,8133,0,402,Beauty,2,0,0.05,137,FALSE,1,42,56,Ghost Reseller
3215,9/6/2024,Tier4+,48167,0,502,Fashion,1,3,0.13,128,FALSE,0,84,55,Ghost Reseller
3216,9/16/2024,Tier3,4750,3,702,Home,187,61,0.06,17,FALSE,56,50,29,Niche Specialist
3217,8/1/2024,Tier3,2954,1,503,Mixed,198,54,0.05,9,FALSE,59,41,30,Low-Engagement Reseller
3218,1/22/2023,Tier2,960,0,554,Fashion,5,4,0.11,172,FALSE,2,40,63,Low-Engagement Reseller
3219,8/25/2023,Tier3,3807,4,733,Fashion,189,52,0.15,26,TRUE,97,48,29,Social Catalyst
3220,11/21/2023,Tier4+,15565,0,462,Fashion,2,5,0.05,110,FALSE,1,52,51,Ghost Reseller
3221,3/16/2023,Tier3,6808,0,666,Fashion,0,1,0.15,241,TRUE,40,49,76,Ghost Reseller
3222,6/19/2023,Tier3,3942,2,651,Mixed,109,35,0.1,21,FALSE,33,46,31,Low-Engagement Reseller
3223,3/4/2023,Tier4+,974,4,553,Beauty,132,42,0.15,20,FALSE,40,39,28,Low-Engagement Reseller
3224,2/13/2024,Tier3,1324,0,795,Beauty,3,0,0.14,355,TRUE,41,48,98,Low-Engagement Reseller
3225,2/25/2024,Tier4+,6585,0,548,Fashion,4,6,0.07,284,FALSE,1,46,84,Ghost Reseller
3226,5/22/2024,Tier2,3863,0,721,Home,2,5,0.09,302,TRUE,41,49,88,Niche Specialist
3227,4/15/2023,Tier3,4805,0,597,Fashion,3,3,0.11,339,FALSE,1,45,95,Low-Engagement Reseller
3228,2/23/2024,Tier3,3139,1,687,Fashion,54,15,0.12,6,FALSE,16,47,30,Social Catalyst
3229,1/13/2023,Tier4+,4164,2,496,Home,130,37,0.13,20,FALSE,39,40,31,Niche Specialist
3230,1/19/2023,Tier3,4286,1,334,Fashion,119,37,0.15,30,FALSE,36,34,34,Social Catalyst
3231,8/31/2024,Tier2,17564,2,428,Fashion,84,24,0.09,0,FALSE,25,52,27,Social Catalyst
3232,5/19/2024,Tier4+,27312,0,329,Home,5,3,0.14,244,FALSE,2,57,77,Ghost Reseller
3233,9/13/2024,Tier3,2450,1,518,Fashion,58,22,0.09,9,FALSE,17,40,30,Social Catalyst
3234,10/12/2023,Tier4+,8971,1,522,Fashion,159,47,0.08,13,TRUE,88,47,31,Social Catalyst
3235,4/26/2023,Tier4+,1006,1,308,Fashion,79,21,0.11,3,TRUE,64,30,29,Social Catalyst
3236,7/29/2023,Tier2,4259,1,741,Beauty,56,21,0.12,16,FALSE,17,50,32,Niche Specialist
3237,1/29/2023,Tier3,6886,0,318,Home,3,0,0.14,313,FALSE,1,36,90,Ghost Reseller
3238,2/8/2023,Tier4+,22475,0,493,Mixed,2,0,0.13,165,FALSE,1,58,62,Ghost Reseller
3239,2/6/2023,Tier4+,3070,1,621,Mixed,152,51,0.08,19,FALSE,46,45,32,Low-Engagement Reseller
3240,11/18/2023,Tier3,9572,0,423,Home,0,0,0.06,104,FALSE,0,44,50,Ghost Reseller
3241,4/11/2024,Tier2,1143,1,468,Fashion,56,12,0.06,13,TRUE,57,37,31,Social Catalyst
3242,10/14/2023,Tier4+,2974,0,315,Beauty,4,4,0.05,229,FALSE,1,34,74,Niche Specialist
3243,2/9/2023,Tier3,3290,1,448,Fashion,12,2,0.06,30,FALSE,4,39,34,Low-Engagement Reseller
3244,3/11/2023,Tier3,16892,0,575,Fashion,0,0,0.08,244,TRUE,40,57,77,Ghost Reseller
3245,4/5/2024,Tier4+,2098,1,420,Fashion,62,21,0.15,24,FALSE,19,35,33,Social Catalyst
3246,3/11/2024,Tier3,10034,6,317,Fashion,69,26,0.1,12,FALSE,21,40,23,Super-Spreader
3247,10/27/2023,Tier4+,16729,3,474,Mixed,196,58,0.15,22,FALSE,59,52,30,Low-Engagement Reseller
3248,12/7/2024,Tier2,5466,0,735,Beauty,2,0,0.1,223,TRUE,41,51,73,Ghost Reseller
3249,2/8/2023,Tier3,1081,4,494,Fashion,38,6,0.13,30,FALSE,11,37,30,Low-Engagement Reseller
3250,3/29/2024,Tier3,1108,0,680,Home,1,0,0.13,62,TRUE,40,44,42,Low-Engagement Reseller
3251,12/28/2024,Tier3,3907,2,480,Home,160,44,0.05,1,TRUE,88,41,27,Niche Specialist
3252,4/25/2023,Tier3,2235,0,723,Fashion,2,0,0.15,245,FALSE,1,46,77,Low-Engagement Reseller
3253,5/16/2024,Tier2,5274,0,578,Home,3,0,0.05,112,FALSE,1,46,51,Ghost Reseller
3254,6/9/2023,Tier3,26342,0,301,Fashion,4,0,0.11,65,FALSE,1,55,42,Ghost Reseller
3255,1/15/2023,Tier2,2375,2,307,Beauty,169,54,0.09,11,FALSE,51,32,29,Niche Specialist
3256,2/23/2023,Tier2,1433,1,547,Home,187,59,0.13,26,FALSE,56,39,33,Low-Engagement Reseller
3257,2/20/2024,Tier3,13932,0,481,Fashion,1,0,0.05,213,TRUE,40,51,71,Ghost Reseller
3258,10/24/2024,Tier3,3949,0,404,Home,1,0,0.08,350,TRUE,40,37,97,Niche Specialist
3259,6/25/2023,Tier3,9277,3,604,Home,87,29,0.08,7,FALSE,26,50,27,Niche Specialist
3260,2/10/2023,Tier4+,18483,0,630,Fashion,0,5,0.12,272,TRUE,40,60,82,Ghost Reseller
3261,3/9/2023,Tier3,3679,2,589,Mixed,117,37,0.12,13,TRUE,75,43,29,Low-Engagement Reseller
3262,5/24/2024,Tier3,3199,0,458,Fashion,4,5,0.14,106,FALSE,1,38,50,Low-Engagement Reseller
3263,5/19/2023,Tier3,765,2,527,Home,137,41,0.1,1,TRUE,81,39,27,Low-Engagement Reseller
3264,2/16/2024,Tier4+,12811,0,604,Fashion,1,0,0.14,276,FALSE,0,53,83,Ghost Reseller
3265,1/7/2023,Tier4+,1620,0,589,Fashion,0,0,0.14,125,FALSE,0,41,54,Low-Engagement Reseller
3266,5/4/2023,Tier3,837,0,535,Fashion,3,0,0.06,112,TRUE,41,40,51,Low-Engagement Reseller
3267,1/1/2023,Tier4+,4290,2,590,Fashion,43,9,0.13,24,FALSE,13,44,32,Low-Engagement Reseller
3268,5/22/2023,Tier3,4247,4,471,Home,51,13,0.06,24,TRUE,55,41,29,Niche Specialist
3269,8/10/2024,Tier4+,3291,5,682,Home,46,15,0.12,24,FALSE,14,46,27,Niche Specialist
3270,5/24/2024,Tier3,6638,0,684,Fashion,0,4,0.06,239,FALSE,0,51,76,Ghost Reseller
3271,9/12/2023,Tier2,3677,0,543,Fashion,0,0,0.15,245,FALSE,0,41,77,Low-Engagement Reseller
3272,3/10/2023,Tier4+,4954,0,520,Home,4,4,0.09,298,TRUE,41,43,87,Niche Specialist
3273,12/25/2023,Tier2,2273,2,304,Fashion,176,55,0.06,30,FALSE,53,32,33,Social Catalyst
3274,4/10/2023,Tier3,1571,2,779,Fashion,188,56,0.1,17,FALSE,56,49,30,Social Catalyst
3275,2/28/2024,Tier3,3410,5,569,Fashion,97,30,0.15,5,FALSE,29,42,23,Social Catalyst
3276,10/12/2024,Tier3,1854,1,797,Home,61,23,0.11,17,FALSE,18,50,32,Low-Engagement Reseller
3277,9/24/2023,Tier4+,4611,1,458,Fashion,199,55,0.05,5,FALSE,60,41,29,Social Catalyst
3278,10/21/2024,Tier3,626,0,754,Home,0,0,0.1,350,FALSE,0,47,97,Low-Engagement Reseller
3279,6/20/2023,Tier3,2707,0,535,Home,1,0,0.09,185,FALSE,0,41,65,Niche Specialist
3280,4/12/2023,Tier3,1802,0,365,Mixed,3,3,0.11,223,TRUE,41,33,73,Low-Engagement Reseller
3281,10/17/2024,Tier4+,11945,0,607,Fashion,1,0,0.15,113,FALSE,0,52,52,Ghost Reseller
3282,1/4/2024,Tier4+,1008,0,679,Home,5,3,0.13,107,FALSE,2,44,51,Low-Engagement Reseller
3283,12/31/2023,Tier4+,13008,0,478,Home,3,2,0.1,38,TRUE,41,49,37,Ghost Reseller
3284,7/7/2023,Tier3,9748,0,372,Home,4,0,0.06,165,FALSE,1,42,62,Ghost Reseller
3285,6/21/2023,Tier3,7026,0,491,Fashion,3,1,0.1,112,FALSE,1,43,51,Ghost Reseller
3286,12/15/2023,Tier2,1761,5,614,Home,11,0,0.09,25,FALSE,3,43,27,Low-Engagement Reseller
3287,3/12/2023,Tier4+,17372,0,613,Fashion,4,5,0.11,134,TRUE,41,58,56,Ghost Reseller
3288,11/25/2024,Tier3,5437,0,475,Fashion,2,6,0.12,105,TRUE,41,41,50,Ghost Reseller
3289,3/27/2023,Tier3,1848,3,526,Fashion,132,43,0.08,22,FALSE,40,40,30,Social Catalyst
3290,12/13/2023,Tier2,1162,1,677,Fashion,187,56,0.05,14,TRUE,96,46,31,Social Catalyst
3291,4/27/2023,Tier4+,2010,0,469,Fashion,1,0,0.11,75,FALSE,0,37,44,Low-Engagement Reseller
3292,8/14/2024,Tier3,4576,2,623,Fashion,176,49,0.1,25,FALSE,53,46,32,Social Catalyst
3293,11/8/2024,Tier3,8552,0,799,Fashion,0,0,0.09,269,FALSE,0,57,82,Ghost Reseller
3294,10/2/2024,Tier4+,4150,0,323,Beauty,4,3,0.14,123,FALSE,1,33,54,Niche Specialist
3295,12/7/2024,Tier3,44793,1,363,Mixed,137,42,0.12,17,FALSE,41,76,32,Low-Engagement Reseller
3296,12/12/2024,Tier4+,1847,0,643,Home,0,2,0.08,158,TRUE,40,44,60,Low-Engagement Reseller
3297,8/5/2023,Tier3,1738,3,526,Fashion,34,13,0.13,13,FALSE,10,39,28,Low-Engagement Reseller
3298,1/5/2023,Tier4+,3776,0,326,Fashion,2,3,0.08,240,FALSE,1,34,76,Low-Engagement Reseller
3299,7/9/2023,Tier4+,3746,0,725,Beauty,3,3,0.08,94,FALSE,1,49,48,Niche Specialist
3300,5/16/2023,Tier3,1333,5,784,Fashion,175,48,0.06,0,FALSE,53,50,23,Social Catalyst
3301,4/30/2023,Tier3,10946,0,650,Fashion,3,0,0.05,176,TRUE,41,54,64,Ghost Reseller
3302,8/18/2023,Tier3,3157,0,585,Fashion,4,0,0.07,99,FALSE,1,44,49,Low-Engagement Reseller
3303,10/29/2023,Tier3,11848,0,394,Fashion,1,0,0.09,207,FALSE,0,45,70,Ghost Reseller
3304,10/31/2023,Tier2,1891,0,543,Fashion,2,0,0.05,278,TRUE,41,41,83,Low-Engagement Reseller
3305,12/10/2024,Tier2,7447,0,478,Mixed,4,0,0.05,300,TRUE,41,44,88,Ghost Reseller
3306,10/30/2024,Tier3,913,5,682,Home,133,44,0.07,10,FALSE,40,45,24,Low-Engagement Reseller
3307,3/17/2023,Tier2,6098,0,658,Beauty,4,6,0.14,154,FALSE,1,48,60,Ghost Reseller
3308,10/30/2024,Tier4+,935,1,716,Fashion,65,16,0.14,24,FALSE,20,45,33,Social Catalyst
3309,8/20/2023,Tier4+,5205,2,698,Fashion,30,4,0.07,25,FALSE,9,50,32,Low-Engagement Reseller
3310,5/7/2023,Tier2,5292,0,398,Home,2,0,0.12,105,FALSE,1,38,50,Ghost Reseller
3311,7/4/2024,Tier2,10797,0,319,Beauty,4,5,0.12,359,FALSE,1,40,99,Ghost Reseller
3312,10/16/2023,Tier2,2099,0,309,Beauty,3,0,0.09,327,TRUE,41,32,93,Niche Specialist
3313,9/2/2024,Tier4+,2103,1,630,Fashion,44,11,0.09,14,TRUE,53,44,31,Low-Engagement Reseller
3314,2/7/2024,Tier2,687,1,473,Beauty,100,32,0.09,5,TRUE,70,37,29,Low-Engagement Reseller
3315,1/18/2023,Tier3,8364,0,495,Beauty,2,0,0.08,110,FALSE,1,45,51,Ghost Reseller
3316,1/1/2023,Tier4+,3941,4,785,Fashion,138,44,0.1,8,TRUE,81,51,26,Social Catalyst
3317,5/31/2024,Tier3,1118,4,743,Fashion,162,46,0.05,6,TRUE,89,48,25,Social Catalyst
3318,6/1/2024,Tier2,3741,0,420,Mixed,4,0,0.05,138,FALSE,1,38,56,Low-Engagement Reseller
3319,9/8/2023,Tier3,1240,2,594,Beauty,185,51,0.1,22,TRUE,96,42,31,Low-Engagement Reseller
3320,5/18/2023,Tier4+,2240,1,335,Fashion,179,52,0.05,16,FALSE,54,34,32,Social Catalyst
3321,11/30/2023,Tier2,1916,0,433,Fashion,4,0,0.11,54,TRUE,41,36,40,Low-Engagement Reseller
3322,3/14/2024,Tier2,501,0,325,Fashion,5,7,0.09,276,FALSE,2,31,83,Low-Engagement Reseller
3323,2/18/2023,Tier3,1406,0,452,Fashion,3,0,0.11,113,FALSE,1,36,52,Low-Engagement Reseller
3324,1/16/2023,Tier3,1180,0,546,Fashion,1,1,0.13,144,FALSE,0,39,58,Low-Engagement Reseller
3325,9/11/2024,Tier2,12594,0,503,Fashion,2,0,0.11,136,FALSE,1,49,56,Ghost Reseller
3326,9/4/2023,Tier3,5119,2,367,Fashion,135,45,0.08,11,FALSE,41,37,29,Social Catalyst
3327,1/30/2023,Tier3,3210,0,397,Beauty,0,0,0.1,302,FALSE,0,36,88,Niche Specialist
3328,8/11/2023,Tier2,3429,5,420,Home,194,59,0.09,20,FALSE,58,37,26,Niche Specialist
3329,7/10/2024,Tier3,9019,0,689,Home,5,0,0.11,97,TRUE,42,53,49,Ghost Reseller
3330,8/22/2024,Tier3,223,0,410,Fashion,5,0,0.09,76,FALSE,2,34,45,Low-Engagement Reseller
3331,1/30/2024,Tier3,1467,0,584,Fashion,5,0,0.05,138,FALSE,2,42,56,Low-Engagement Reseller
3332,12/3/2024,Tier2,2762,0,527,Fashion,5,7,0.15,88,FALSE,2,40,47,Low-Engagement Reseller
3333,5/15/2024,Tier2,2143,0,332,Fashion,3,1,0.14,365,TRUE,41,32,100,Low-Engagement Reseller
3334,12/8/2023,Tier3,7268,0,741,Fashion,1,0,0.13,315,FALSE,0,52,90,Ghost Reseller
3335,8/31/2024,Tier4+,7259,0,463,Fashion,2,0,0.14,235,FALSE,1,42,75,Ghost Reseller
3336,5/31/2024,Tier3,2624,0,486,Fashion,2,4,0.05,130,FALSE,1,40,55,Low-Engagement Reseller
3337,3/28/2024,Tier3,373,1,670,Fashion,182,56,0.12,30,TRUE,95,43,34,Social Catalyst
3338,7/9/2024,Tier3,1194,0,660,Beauty,4,2,0.06,346,FALSE,1,45,96,Low-Engagement Reseller
3339,7/27/2024,Tier3,4279,0,549,Fashion,1,2,0.13,181,TRUE,40,42,65,Low-Engagement Reseller
3340,10/22/2024,Tier4+,1526,2,467,Home,25,9,0.05,26,FALSE,8,38,32,Low-Engagement Reseller
3341,7/7/2023,Tier2,1894,2,324,Fashion,68,21,0.08,14,FALSE,20,32,30,Social Catalyst
3342,7/19/2023,Tier4+,13588,0,439,Mixed,5,5,0.08,335,FALSE,2,48,94,Ghost Reseller
3343,12/26/2024,Tier3,1471,2,488,Home,52,16,0.11,6,TRUE,56,38,28,Low-Engagement Reseller
3344,12/14/2024,Tier4+,18994,1,596,Home,28,5,0.08,10,TRUE,48,60,30,Niche Specialist
3345,6/30/2023,Tier3,6072,0,460,Fashion,3,6,0.06,278,TRUE,41,42,83,Ghost Reseller
3346,5/23/2024,Tier3,409,1,578,Fashion,145,48,0.14,28,FALSE,44,39,34,Social Catalyst
3347,11/30/2024,Tier4+,899,3,713,Home,118,30,0.05,18,TRUE,75,47,29,Low-Engagement Reseller
3348,2/15/2023,Tier3,2428,8,419,Fashion,44,10,0.11,0,TRUE,53,36,18,Low-Engagement Reseller
3349,6/30/2024,Tier2,804,0,372,Home,5,0,0.1,81,TRUE,42,33,46,Low-Engagement Reseller
3350,10/5/2024,Tier3,10202,0,591,Fashion,4,3,0.14,351,FALSE,1,50,97,Ghost Reseller
3351,10/7/2023,Tier3,1788,2,361,Fashion,200,62,0.12,23,TRUE,100,33,31,Social Catalyst
3352,12/29/2023,Tier4+,5829,0,564,Fashion,0,0,0.11,146,FALSE,0,45,58,Ghost Reseller
3353,3/14/2023,Tier4+,2351,0,686,Home,5,1,0.1,119,TRUE,42,46,53,Niche Specialist
3354,9/26/2024,Tier2,7660,0,770,Home,3,0,0.09,74,FALSE,1,55,44,Ghost Reseller
3355,12/29/2023,Tier2,4025,0,601,Beauty,4,3,0.13,183,FALSE,1,44,65,Niche Specialist
3356,2/26/2024,Tier3,4152,2,653,Fashion,24,7,0.05,20,TRUE,47,48,31,Low-Engagement Reseller
3357,7/29/2024,Tier2,13875,0,792,Fashion,4,0,0.14,87,TRUE,41,61,47,Ghost Reseller
3358,3/31/2024,Tier4+,5479,0,756,Fashion,2,0,0.08,263,FALSE,1,52,80,Ghost Reseller
3359,8/12/2023,Tier4+,3543,1,569,Fashion,189,60,0.1,21,FALSE,57,43,33,Social Catalyst
3360,2/11/2023,Tier4+,4263,0,356,Fashion,3,0,0.05,210,FALSE,1,37,70,Low-Engagement Reseller
3361,6/20/2023,Tier2,2265,0,570,Mixed,5,4,0.1,183,FALSE,2,42,65,Low-Engagement Reseller
3362,2/24/2023,Tier3,2203,0,772,Mixed,1,5,0.08,201,FALSE,0,50,69,Low-Engagement Reseller
3363,10/5/2024,Tier3,1043,1,671,Home,10,4,0.09,18,FALSE,3,44,32,Low-Engagement Reseller
3364,9/14/2023,Tier3,8345,0,322,Beauty,2,1,0.06,264,TRUE,41,39,81,Ghost Reseller
3365,7/5/2023,Tier3,3820,0,529,Home,4,0,0.09,358,FALSE,1,42,99,Niche Specialist
3366,5/28/2023,Tier3,48097,2,718,Fashion,98,31,0.15,24,FALSE,29,92,32,Social Catalyst
3367,1/12/2023,Tier3,11740,3,379,Home,117,38,0.13,1,TRUE,75,43,26,Niche Specialist
3368,9/12/2024,Tier4+,11213,3,476,Fashion,130,42,0.07,16,FALSE,39,48,29,Social Catalyst
3369,11/2/2024,Tier2,840,0,537,Fashion,5,1,0.07,262,FALSE,2,40,80,Low-Engagement Reseller
3370,9/23/2024,Tier4+,4702,0,361,Beauty,1,0,0.06,312,FALSE,0,37,90,Niche Specialist
3371,6/2/2024,Tier3,14822,2,624,Fashion,171,56,0.14,28,TRUE,91,55,32,Social Catalyst
3372,4/9/2024,Tier4+,4523,1,692,Fashion,25,7,0.06,11,FALSE,8,49,31,Low-Engagement Reseller
3373,8/4/2023,Tier2,11845,0,499,Fashion,4,0,0.08,250,FALSE,1,49,78,Ghost Reseller
3374,10/1/2024,Tier2,8946,2,749,Fashion,188,61,0.07,23,TRUE,96,56,31,Social Catalyst
3375,4/5/2023,Tier3,1645,0,643,Mixed,2,0,0.11,105,FALSE,1,44,50,Low-Engagement Reseller
3376,7/17/2023,Tier3,1233,3,658,Home,127,34,0.1,6,FALSE,38,44,27,Low-Engagement Reseller
3377,5/12/2024,Tier4+,1267,0,699,Home,4,3,0.08,79,FALSE,1,46,45,Low-Engagement Reseller
3378,12/6/2024,Tier3,3321,2,422,Fashion,67,15,0.12,5,TRUE,60,37,28,Social Catalyst
3379,1/1/2024,Tier4+,8038,0,372,Home,5,0,0.09,300,FALSE,2,40,88,Ghost Reseller
3380,6/6/2024,Tier3,1096,0,596,Fashion,0,5,0.05,237,FALSE,0,42,75,Low-Engagement Reseller
3381,7/2/2023,Tier3,3563,1,404,Home,187,55,0.06,24,FALSE,56,38,33,Niche Specialist
3382,12/30/2023,Tier2,960,0,399,Beauty,2,6,0.14,242,TRUE,41,33,76,Low-Engagement Reseller
3383,3/29/2024,Tier2,728,2,560,Home,91,32,0.06,14,TRUE,67,41,30,Low-Engagement Reseller
3384,9/17/2023,Tier4+,13998,1,376,Fashion,79,21,0.07,12,FALSE,24,47,31,Social Catalyst
3385,1/13/2023,Tier2,4178,5,430,Mixed,103,32,0.13,0,FALSE,31,38,23,Low-Engagement Reseller
3386,5/20/2023,Tier4+,13318,2,628,Fashion,171,48,0.07,3,FALSE,51,55,28,Social Catalyst
3387,3/19/2024,Tier3,13088,5,569,Home,131,36,0.1,26,FALSE,39,52,27,Super-Spreader
3388,2/11/2023,Tier2,18937,0,344,Fashion,0,3,0.11,265,FALSE,0,50,81,Ghost Reseller
3389,7/19/2023,Tier3,362,3,465,Fashion,138,38,0.14,11,FALSE,41,35,28,Social Catalyst
3390,11/23/2023,Tier3,2233,0,468,Beauty,3,5,0.12,270,FALSE,1,37,82,Niche Specialist
3391,3/2/2024,Tier2,9423,0,618,Fashion,3,6,0.09,279,FALSE,1,51,84,Ghost Reseller
3392,6/14/2023,Tier3,5813,0,645,Fashion,2,0,0.06,262,TRUE,41,49,80,Ghost Reseller
3393,1/13/2023,Tier3,4442,15,788,Mixed,198,58,0.06,7,TRUE,99,53,9,Low-Engagement Reseller
3394,7/22/2024,Tier3,5478,3,710,Fashion,17,7,0.15,26,FALSE,5,49,30,Low-Engagement Reseller
3395,5/16/2023,Tier3,858,0,581,Fashion,4,2,0.13,340,TRUE,41,40,95,Low-Engagement Reseller
3396,5/23/2024,Tier3,12669,5,759,Fashion,12,7,0.08,30,FALSE,4,60,28,Super-Spreader
3397,8/9/2023,Tier2,11889,1,651,Fashion,106,27,0.08,8,FALSE,32,55,30,Social Catalyst
3398,11/1/2023,Tier3,10636,0,761,Beauty,5,5,0.05,126,FALSE,2,58,54,Ghost Reseller
3399,12/10/2024,Tier2,14321,0,499,Mixed,3,3,0.07,150,FALSE,1,52,59,Ghost Reseller
3400,2/21/2024,Tier4+,2006,0,373,Fashion,1,3,0.12,173,FALSE,0,34,63,Low-Engagement Reseller
3401,7/14/2023,Tier3,3500,0,702,Fashion,3,2,0.05,163,FALSE,1,49,61,Low-Engagement Reseller
3402,12/6/2023,Tier3,3925,0,361,Fashion,2,0,0.08,235,TRUE,41,36,75,Low-Engagement Reseller
3403,6/14/2023,Tier2,55504,0,361,Fashion,0,0,0.11,305,FALSE,0,87,88,Ghost Reseller
3404,5/31/2023,Tier3,724,3,338,Beauty,127,38,0.12,4,TRUE,78,31,26,Low-Engagement Reseller
3405,8/10/2023,Tier3,1148,1,645,Fashion,191,52,0.05,16,TRUE,97,44,32,Social Catalyst
3406,6/16/2023,Tier4+,1806,0,349,Home,2,6,0.06,85,FALSE,1,34,46,Low-Engagement Reseller
3407,1/28/2023,Tier2,3469,0,727,Home,3,2,0.09,340,TRUE,41,49,95,Niche Specialist
3408,5/30/2024,Tier2,2246,0,534,Fashion,3,6,0.07,187,FALSE,1,41,66,Low-Engagement Reseller
3409,8/4/2023,Tier2,8527,14,550,Mixed,71,16,0.08,27,FALSE,21,48,14,Low-Engagement Reseller
3410,10/13/2024,Tier4+,11511,0,301,Home,1,5,0.15,96,TRUE,40,40,48,Ghost Reseller
3411,3/24/2023,Tier3,1045,0,479,Home,0,0,0.14,79,FALSE,0,36,45,Low-Engagement Reseller
3412,9/24/2023,Tier4+,4016,0,637,Fashion,0,3,0.11,313,FALSE,0,46,90,Low-Engagement Reseller
3413,1/22/2024,Tier3,3070,0,384,Home,0,0,0.11,350,FALSE,0,35,97,Niche Specialist
3414,6/1/2023,Tier3,6931,0,583,Home,0,0,0.14,138,FALSE,0,46,56,Ghost Reseller
3415,10/11/2023,Tier3,10067,1,609,Fashion,159,46,0.12,15,FALSE,48,51,31,Social Catalyst
3416,11/9/2023,Tier3,2656,1,556,Home,57,20,0.11,12,FALSE,17,41,31,Niche Specialist
3417,11/29/2024,Tier3,674,1,700,Fashion,18,0,0.05,29,FALSE,5,46,34,Low-Engagement Reseller
3418,4/26/2024,Tier3,577,0,666,Fashion,4,0,0.06,55,TRUE,41,44,41,Low-Engagement Reseller
3419,5/1/2023,Tier2,7768,0,446,Fashion,3,2,0.11,38,TRUE,41,42,37,Ghost Reseller
3420,12/28/2023,Tier4+,26936,0,641,Fashion,3,0,0.15,81,FALSE,1,68,46,Ghost Reseller
3421,10/27/2023,Tier3,2637,0,561,Fashion,0,3,0.09,208,FALSE,0,42,70,Low-Engagement Reseller
3422,2/6/2023,Tier3,2085,0,714,Fashion,3,0,0.15,285,FALSE,1,46,85,Low-Engagement Reseller
3423,8/26/2024,Tier4+,1336,3,372,Home,100,34,0.07,19,TRUE,70,34,29,Low-Engagement Reseller
3424,7/23/2023,Tier2,4644,2,459,Mixed,117,37,0.1,22,FALSE,35,40,31,Low-Engagement Reseller
3425,2/9/2023,Tier4+,2407,0,624,Fashion,0,0,0.05,340,FALSE,0,45,95,Low-Engagement Reseller
3426,4/4/2024,Tier4+,1082,0,478,Fashion,3,0,0.11,343,FALSE,1,37,96,Low-Engagement Reseller
3427,7/25/2023,Tier2,7849,1,328,Home,148,42,0.1,18,FALSE,44,38,32,Niche Specialist
3428,4/15/2024,Tier3,1859,0,763,Beauty,3,0,0.1,148,TRUE,41,48,58,Low-Engagement Reseller
3429,1/7/2023,Tier3,3398,4,584,Fashion,13,6,0.08,3,FALSE,4,44,25,Low-Engagement Reseller
3430,5/15/2023,Tier2,10699,1,674,Home,83,26,0.1,12,FALSE,25,54,31,Niche Specialist
3431,11/25/2023,Tier2,3012,2,358,Fashion,196,63,0.11,16,TRUE,99,34,30,Social Catalyst
3432,1/24/2023,Tier3,2998,0,630,Mixed,3,5,0.09,172,FALSE,1,45,63,Low-Engagement Reseller
3433,5/4/2024,Tier3,1684,0,382,Home,4,4,0.06,251,FALSE,1,35,78,Low-Engagement Reseller
3434,1/3/2024,Tier4+,3140,1,341,Fashion,185,61,0.07,18,FALSE,56,35,32,Social Catalyst
3435,10/16/2024,Tier4+,596,0,458,Fashion,1,0,0.15,198,FALSE,0,35,68,Low-Engagement Reseller
3436,1/15/2024,Tier3,9507,0,646,Fashion,1,0,0.12,169,FALSE,0,51,62,Ghost Reseller
3437,12/24/2023,Tier3,1255,0,448,Fashion,1,3,0.05,244,FALSE,0,37,77,Low-Engagement Reseller
3438,6/14/2023,Tier4+,43157,0,489,Fashion,5,3,0.15,237,FALSE,2,78,75,Ghost Reseller
3439,1/27/2024,Tier2,11443,0,593,Fashion,3,4,0.13,285,TRUE,41,51,85,Ghost Reseller
3440,9/13/2024,Tier3,1692,1,563,Home,76,19,0.1,10,FALSE,23,41,30,Low-Engagement Reseller
3441,6/21/2023,Tier4+,1462,0,629,Fashion,0,1,0.14,317,TRUE,40,42,91,Low-Engagement Reseller
3442,11/14/2024,Tier4+,10708,0,543,Home,5,2,0.11,302,TRUE,42,49,88,Ghost Reseller
3443,12/18/2024,Tier4+,6288,2,703,Home,114,29,0.14,2,FALSE,34,50,27,Niche Specialist
3444,3/9/2023,Tier3,3730,2,553,Fashion,193,53,0.14,30,FALSE,58,42,33,Social Catalyst
3445,5/21/2023,Tier4+,4435,0,705,Fashion,2,5,0.11,146,FALSE,1,49,58,Low-Engagement Reseller
3446,4/16/2023,Tier2,1296,0,585,Home,3,3,0.05,307,FALSE,1,42,89,Low-Engagement Reseller
3447,12/12/2023,Tier3,25982,0,726,Home,0,5,0.14,335,TRUE,40,70,94,Ghost Reseller
3448,1/12/2023,Tier2,2314,0,684,Beauty,3,0,0.05,343,FALSE,1,47,96,Niche Specialist
3449,1/7/2023,Tier3,7002,2,676,Fashion,125,39,0.1,25,FALSE,38,50,32,Social Catalyst
3450,6/26/2023,Tier3,3157,2,748,Beauty,185,56,0.15,9,TRUE,96,48,29,Niche Specialist
3451,12/16/2024,Tier3,4712,2,442,Beauty,12,8,0.08,12,FALSE,4,40,29,Niche Specialist
3452,10/29/2024,Tier3,8760,0,757,Fashion,4,3,0.09,244,FALSE,1,55,77,Ghost Reseller
3453,10/14/2023,Tier3,3924,0,786,Fashion,4,0,0.06,118,FALSE,1,52,53,Low-Engagement Reseller
3454,10/20/2023,Tier4+,1332,0,477,Fashion,0,3,0.09,360,FALSE,0,37,99,Low-Engagement Reseller
3455,11/10/2024,Tier4+,5065,0,789,Fashion,1,0,0.15,177,TRUE,40,52,64,Ghost Reseller
3456,1/9/2024,Tier2,1462,0,680,Fashion,5,3,0.14,352,FALSE,2,44,98,Low-Engagement Reseller
3457,12/17/2023,Tier4+,3142,2,310,Fashion,154,50,0.12,6,TRUE,86,32,28,Social Catalyst
3458,7/15/2023,Tier4+,3955,2,563,Fashion,78,24,0.07,24,FALSE,23,44,32,Social Catalyst
3459,6/17/2023,Tier3,1200,0,743,Beauty,4,0,0.13,166,TRUE,41,46,62,Low-Engagement Reseller
3460,2/28/2024,Tier3,2342,0,506,Beauty,0,5,0.15,80,TRUE,40,38,45,Niche Specialist
3461,8/26/2023,Tier4+,2806,0,732,Fashion,1,0,0.11,255,TRUE,40,48,79,Low-Engagement Reseller
3462,11/25/2024,Tier2,2964,0,333,Fashion,4,0,0.15,244,FALSE,1,32,77,Low-Engagement Reseller
3463,5/21/2023,Tier3,2632,0,349,Home,5,1,0.1,326,TRUE,42,34,93,Niche Specialist
3464,3/25/2023,Tier3,5722,0,746,Fashion,3,0,0.11,141,TRUE,41,51,57,Ghost Reseller
3465,7/21/2024,Tier2,7307,5,743,Beauty,52,18,0.09,3,FALSE,16,53,23,Niche Specialist
3466,6/1/2024,Tier4+,2061,0,780,Home,2,0,0.12,222,FALSE,1,49,73,Niche Specialist
3467,5/29/2023,Tier2,4160,0,607,Mixed,5,6,0.13,100,FALSE,2,44,49,Low-Engagement Reseller
3468,6/23/2023,Tier3,2126,0,520,Beauty,5,3,0.09,64,FALSE,2,40,42,Niche Specialist
3469,12/13/2023,Tier2,1766,2,343,Home,101,32,0.08,29,FALSE,30,33,33,Low-Engagement Reseller
3470,4/20/2023,Tier3,1531,1,639,Fashion,43,17,0.09,12,TRUE,53,44,31,Low-Engagement Reseller
3471,5/25/2024,Tier3,10069,5,356,Beauty,184,60,0.15,5,FALSE,55,40,23,Super-Spreader
3472,8/22/2024,Tier3,2648,0,527,Fashion,1,0,0.14,256,FALSE,0,40,79,Low-Engagement Reseller
3473,4/17/2023,Tier4+,15951,0,755,Mixed,5,0,0.05,203,FALSE,2,63,69,Ghost Reseller
3474,8/3/2024,Tier4+,5122,0,315,Fashion,2,0,0.08,217,TRUE,41,35,72,Ghost Reseller
3475,6/21/2024,Tier3,1708,0,420,Beauty,3,6,0.11,335,FALSE,1,35,94,Low-Engagement Reseller
3476,11/23/2023,Tier2,5905,0,711,Fashion,3,0,0.07,256,FALSE,1,51,79,Ghost Reseller
3477,8/17/2024,Tier3,5579,0,595,Fashion,3,3,0.08,193,FALSE,1,46,67,Ghost Reseller
3478,10/4/2024,Tier4+,8989,2,690,Fashion,66,15,0.05,19,TRUE,60,54,31,Social Catalyst
3479,6/26/2024,Tier4+,916,2,510,Fashion,172,54,0.11,10,FALSE,52,38,29,Social Catalyst
3480,2/22/2023,Tier3,1932,2,559,Fashion,179,53,0.1,11,FALSE,54,41,29,Social Catalyst
3481,10/6/2023,Tier2,1258,0,794,Fashion,3,0,0.13,179,FALSE,1,48,64,Low-Engagement Reseller
3482,1/24/2023,Tier2,335,2,793,Home,81,24,0.07,20,FALSE,24,49,31,Low-Engagement Reseller
3483,4/6/2024,Tier4+,9004,1,775,Fashion,182,56,0.15,0,FALSE,55,55,29,Social Catalyst
3484,1/20/2024,Tier4+,7739,0,782,Fashion,1,0,0.1,192,TRUE,40,55,67,Ghost Reseller
3485,6/25/2023,Tier4+,12494,0,684,Fashion,4,2,0.13,231,FALSE,1,56,74,Ghost Reseller
3486,4/12/2024,Tier2,1548,0,324,Fashion,1,4,0.1,117,TRUE,40,32,52,Low-Engagement Reseller
3487,10/27/2023,Tier2,2489,0,371,Fashion,3,4,0.1,353,FALSE,1,34,98,Low-Engagement Reseller
3488,12/4/2024,Tier2,15370,0,318,Fashion,0,4,0.1,251,TRUE,40,45,78,Ghost Reseller
3489,8/29/2023,Tier2,2876,2,546,Fashion,75,25,0.13,8,TRUE,63,41,29,Social Catalyst
3490,11/4/2023,Tier4+,1045,0,345,Home,3,0,0.14,324,FALSE,1,31,92,Low-Engagement Reseller
3491,5/4/2023,Tier2,3729,0,404,Mixed,1,0,0.1,53,FALSE,0,37,40,Low-Engagement Reseller
3492,6/15/2023,Tier3,5289,0,312,Fashion,5,7,0.07,215,TRUE,42,36,71,Ghost Reseller
3493,11/6/2023,Tier4+,1356,0,722,Beauty,3,2,0.15,215,TRUE,41,45,71,Low-Engagement Reseller
3494,9/27/2023,Tier2,1856,0,584,Fashion,4,5,0.15,47,FALSE,1,41,39,Low-Engagement Reseller
3495,4/10/2024,Tier3,4987,0,700,Fashion,3,0,0.12,97,FALSE,1,49,49,Low-Engagement Reseller
3496,4/28/2024,Tier4+,908,5,596,Fashion,119,33,0.13,21,FALSE,36,41,27,Social Catalyst
3497,1/19/2024,Tier3,2036,2,427,Fashion,173,50,0.13,4,FALSE,52,35,28,Social Catalyst
3498,4/17/2024,Tier2,410,0,560,Fashion,4,2,0.15,232,FALSE,1,38,74,Low-Engagement Reseller
3499,9/22/2024,Tier4+,2535,0,756,Beauty,0,5,0.1,148,TRUE,40,49,58,Niche Specialist
3500,11/11/2024,Tier4+,1226,0,627,Fashion,4,4,0.15,39,FALSE,1,42,37,Low-Engagement Reseller
3501,9/21/2023,Tier2,10203,3,575,Beauty,69,22,0.09,25,TRUE,61,50,30,Niche Specialist
3502,7/29/2023,Tier3,1278,0,318,Home,3,0,0.13,202,TRUE,41,31,69,Low-Engagement Reseller
3503,7/16/2023,Tier4+,2782,1,521,Mixed,72,24,0.12,15,FALSE,22,40,31,Low-Engagement Reseller
3504,11/10/2023,Tier3,1556,0,383,Home,3,1,0.12,78,TRUE,41,34,45,Low-Engagement Reseller
3505,6/27/2023,Tier3,2240,0,373,Beauty,2,4,0.15,136,FALSE,1,33,56,Niche Specialist
3506,9/13/2023,Tier4+,9152,0,390,Beauty,5,0,0.08,212,TRUE,42,42,71,Ghost Reseller
3507,8/22/2024,Tier2,4586,1,567,Fashion,61,16,0.14,5,TRUE,58,43,29,Social Catalyst
3508,10/21/2023,Tier3,1784,1,506,Beauty,75,24,0.13,10,TRUE,63,38,30,Low-Engagement Reseller
3509,6/23/2024,Tier4+,2594,1,374,Beauty,200,61,0.13,29,FALSE,60,34,34,Niche Specialist
3510,5/30/2024,Tier3,5056,2,403,Fashion,164,54,0.14,16,FALSE,49,37,30,Social Catalyst
3511,10/15/2023,Tier3,589,0,381,Fashion,0,0,0.12,202,FALSE,0,32,69,Low-Engagement Reseller
3512,5/11/2024,Tier4+,3880,1,516,Fashion,43,14,0.13,15,FALSE,13,41,31,Low-Engagement Reseller
3513,8/27/2024,Tier3,35066,2,644,Fashion,111,30,0.05,17,TRUE,73,78,30,Social Catalyst
3514,12/16/2024,Tier4+,6037,2,714,Fashion,171,50,0.07,5,FALSE,51,51,28,Social Catalyst
3515,12/8/2023,Tier3,29398,0,522,Fashion,5,2,0.13,267,FALSE,2,66,81,Ghost Reseller
3516,4/27/2023,Tier2,5166,0,552,Fashion,0,0,0.15,55,FALSE,0,43,41,Ghost Reseller
3517,8/4/2024,Tier2,82108,0,625,Fashion,1,0,0.08,194,FALSE,0,124,67,Ghost Reseller
3518,2/14/2024,Tier2,6634,4,556,Fashion,105,32,0.12,6,FALSE,32,45,25,Social Catalyst
3519,2/26/2023,Tier3,35587,0,482,Home,2,0,0.12,200,FALSE,1,71,68,Ghost Reseller
3520,3/16/2023,Tier4+,3844,2,635,Fashion,166,55,0.13,3,TRUE,90,45,28,Social Catalyst
3521,10/22/2023,Tier3,545,2,411,Home,90,29,0.06,26,TRUE,67,35,32,Low-Engagement Reseller
3522,9/5/2023,Tier4+,2774,0,746,Fashion,3,4,0.06,275,FALSE,1,50,83,Low-Engagement Reseller
3523,11/4/2024,Tier3,2892,0,419,Home,3,0,0.05,365,FALSE,1,38,100,Niche Specialist
3524,7/7/2023,Tier3,11443,13,596,Beauty,185,53,0.13,27,FALSE,56,51,16,Super-Spreader
3525,9/2/2023,Tier3,679,0,323,Home,3,2,0.14,31,FALSE,1,30,36,Low-Engagement Reseller
3526,11/28/2024,Tier3,1998,4,492,Fashion,199,56,0.07,8,FALSE,60,39,26,Social Catalyst
3527,1/19/2024,Tier3,2397,0,356,Beauty,2,1,0.15,183,FALSE,1,33,65,Niche Specialist
3528,5/31/2023,Tier3,10473,2,544,Beauty,104,36,0.07,14,FALSE,31,49,30,Niche Specialist
3529,12/17/2023,Tier3,3160,0,641,Mixed,0,0,0.15,330,FALSE,0,44,93,Low-Engagement Reseller
3530,8/10/2024,Tier3,13579,0,578,Fashion,3,6,0.1,264,FALSE,1,53,81,Ghost Reseller
3531,4/14/2024,Tier3,20301,0,387,Fashion,5,6,0.09,215,FALSE,2,53,71,Ghost Reseller
3532,5/2/2023,Tier4+,2204,0,373,Beauty,2,4,0.1,253,TRUE,41,34,79,Niche Specialist
3533,12/15/2023,Tier4+,2546,2,587,Home,98,29,0.09,14,FALSE,29,43,30,Niche Specialist
3534,4/23/2024,Tier3,1236,1,616,Fashion,175,58,0.09,13,TRUE,93,43,31,Social Catalyst
3535,4/20/2024,Tier4+,3987,2,390,Mixed,12,9,0.09,25,TRUE,44,37,32,Low-Engagement Reseller
3536,8/20/2024,Tier3,11539,0,331,Beauty,5,0,0.15,365,FALSE,2,41,100,Ghost Reseller
3537,10/7/2024,Tier3,4468,2,598,Home,71,25,0.07,8,TRUE,61,45,29,Niche Specialist
3538,6/3/2023,Tier2,1085,3,320,Home,61,15,0.12,14,TRUE,58,31,28,Low-Engagement Reseller
3539,4/24/2024,Tier3,4747,14,493,Fashion,80,20,0.1,22,TRUE,64,41,13,Social Catalyst
3540,3/28/2024,Tier2,15536,0,494,Mixed,1,0,0.08,269,FALSE,0,52,82,Ghost Reseller
3541,3/15/2024,Tier4+,5855,0,603,Fashion,3,0,0.12,65,FALSE,1,46,42,Ghost Reseller
3542,2/7/2024,Tier4+,3622,0,726,Fashion,2,4,0.13,361,FALSE,1,48,99,Low-Engagement Reseller
3543,2/26/2023,Tier2,1285,0,494,Fashion,3,0,0.05,47,FALSE,1,39,39,Low-Engagement Reseller
3544,1/1/2023,Tier4+,1296,0,502,Home,5,1,0.14,305,TRUE,42,37,88,Low-Engagement Reseller
3545,6/9/2023,Tier3,4778,0,593,Fashion,1,4,0.13,296,TRUE,40,44,87,Low-Engagement Reseller
3546,10/12/2024,Tier4+,5193,0,568,Beauty,0,0,0.08,266,FALSE,0,45,81,Ghost Reseller
3547,9/5/2023,Tier2,6227,1,600,Beauty,189,56,0.08,5,TRUE,97,47,29,Niche Specialist
3548,9/18/2024,Tier2,10306,1,768,Home,68,22,0.12,11,FALSE,20,57,31,Niche Specialist
3549,9/26/2024,Tier4+,3238,1,793,Fashion,112,34,0.12,26,FALSE,34,51,33,Social Catalyst
3550,4/3/2023,Tier4+,1300,0,386,Home,5,6,0.11,122,FALSE,2,34,53,Low-Engagement Reseller
3551,5/8/2024,Tier4+,2161,0,428,Mixed,2,0,0.15,61,FALSE,1,35,42,Low-Engagement Reseller
3552,3/9/2024,Tier4+,5753,5,716,Fashion,23,9,0.09,16,FALSE,7,51,26,Low-Engagement Reseller
3553,10/16/2024,Tier3,4408,0,394,Beauty,5,7,0.15,358,TRUE,42,36,99,Niche Specialist
3554,6/5/2024,Tier3,4355,1,626,Fashion,128,42,0.08,18,TRUE,78,46,32,Social Catalyst
3555,3/31/2023,Tier2,215,0,652,Beauty,3,6,0.08,188,FALSE,1,43,66,Low-Engagement Reseller
3556,3/9/2023,Tier4+,14845,1,434,Fashion,126,33,0.11,19,TRUE,78,49,32,Social Catalyst
3557,1/6/2024,Tier2,1811,0,632,Fashion,4,0,0.06,31,FALSE,1,44,36,Low-Engagement Reseller
3558,2/27/2024,Tier3,4593,0,640,Fashion,1,0,0.09,95,TRUE,40,47,48,Low-Engagement Reseller
3559,12/6/2023,Tier4+,40395,1,573,Home,186,58,0.12,14,FALSE,56,79,31,Niche Specialist
3560,4/15/2024,Tier4+,7621,0,574,Fashion,5,0,0.05,232,TRUE,42,48,74,Ghost Reseller
3561,6/7/2024,Tier3,13355,2,785,Home,50,11,0.07,5,FALSE,15,61,28,Niche Specialist
3562,10/17/2024,Tier2,2546,1,795,Fashion,152,44,0.08,26,FALSE,46,51,33,Social Catalyst
3563,12/3/2024,Tier4+,2666,0,404,Mixed,2,0,0.12,103,TRUE,41,35,50,Low-Engagement Reseller
3564,12/27/2024,Tier4+,5122,0,543,Mixed,2,0,0.14,82,FALSE,1,43,46,Ghost Reseller
3565,8/28/2023,Tier3,5267,5,627,Home,24,11,0.09,8,FALSE,7,47,24,Niche Specialist
3566,9/20/2024,Tier2,1197,1,377,Fashion,101,30,0.07,23,TRUE,70,34,33,Social Catalyst
3567,12/27/2024,Tier3,3268,0,393,Fashion,5,1,0.05,136,FALSE,2,37,56,Low-Engagement Reseller
3568,7/2/2024,Tier3,17793,2,713,Beauty,186,58,0.15,26,FALSE,56,62,32,Niche Specialist
3569,10/31/2024,Tier3,6777,0,304,Fashion,3,0,0.12,319,FALSE,1,36,91,Ghost Reseller
3570,10/24/2024,Tier4+,1247,0,456,Fashion,2,4,0.08,147,FALSE,1,37,58,Low-Engagement Reseller
3571,4/12/2023,Tier3,3167,2,667,Home,163,53,0.15,30,FALSE,49,45,33,Niche Specialist
3572,2/20/2024,Tier4+,4002,1,396,Home,177,50,0.06,2,FALSE,53,38,29,Niche Specialist
3573,3/27/2024,Tier4+,1740,2,606,Beauty,162,51,0.11,7,FALSE,49,42,28,Low-Engagement Reseller
3574,12/16/2023,Tier2,5883,0,511,Beauty,5,3,0.12,77,TRUE,42,43,45,Ghost Reseller
3575,12/6/2024,Tier3,3716,2,423,Fashion,105,29,0.08,14,FALSE,32,38,30,Social Catalyst
3576,2/4/2023,Tier4+,6793,1,780,Home,126,36,0.1,19,TRUE,78,54,32,Niche Specialist
3577,12/3/2023,Tier4+,12013,0,753,Fashion,3,0,0.07,200,TRUE,41,59,68,Ghost Reseller
3578,9/13/2023,Tier3,4721,0,465,Home,0,1,0.15,72,TRUE,40,39,44,Niche Specialist
3579,8/7/2023,Tier3,9606,0,653,Mixed,4,6,0.05,333,FALSE,1,53,94,Ghost Reseller
3580,12/18/2023,Tier3,4468,0,680,Beauty,2,0,0.15,129,FALSE,1,47,55,Niche Specialist
3581,7/3/2024,Tier4+,2484,0,325,Fashion,2,4,0.09,46,FALSE,1,33,39,Low-Engagement Reseller
3582,1/19/2023,Tier2,8278,0,513,Fashion,4,2,0.09,127,FALSE,1,46,54,Ghost Reseller
3583,2/12/2023,Tier2,9219,0,307,Home,1,0,0.12,89,FALSE,0,38,47,Ghost Reseller
3584,6/30/2023,Tier4+,7646,0,364,Fashion,0,0,0.06,164,TRUE,40,40,61,Ghost Reseller
3585,11/24/2023,Tier2,652,0,370,Fashion,0,1,0.08,36,FALSE,0,33,37,Low-Engagement Reseller
3586,2/3/2024,Tier4+,2205,0,704,Beauty,5,2,0.13,204,TRUE,42,46,69,Niche Specialist
3587,8/5/2023,Tier3,817,0,412,Fashion,3,0,0.05,221,FALSE,1,35,72,Low-Engagement Reseller
3588,5/26/2023,Tier3,1307,0,365,Fashion,0,3,0.13,314,TRUE,40,32,90,Low-Engagement Reseller
3589,6/21/2023,Tier4+,2876,2,641,Fashion,13,7,0.14,25,FALSE,4,44,32,Low-Engagement Reseller
3590,12/7/2024,Tier3,12819,1,765,Fashion,98,26,0.13,10,FALSE,29,59,30,Social Catalyst
3591,8/12/2024,Tier2,1767,0,537,Home,2,0,0.09,347,TRUE,41,40,97,Low-Engagement Reseller
3592,5/15/2023,Tier4+,29596,0,467,Beauty,1,0,0.1,183,FALSE,0,65,65,Ghost Reseller
3593,6/30/2024,Tier4+,1201,0,518,Fashion,2,6,0.11,153,TRUE,41,38,59,Low-Engagement Reseller
3594,7/16/2023,Tier4+,4565,0,590,Fashion,5,0,0.14,59,TRUE,42,44,41,Low-Engagement Reseller
3595,8/7/2023,Tier3,1113,0,614,Fashion,3,0,0.07,114,FALSE,1,43,52,Low-Engagement Reseller
3596,4/10/2023,Tier4+,1699,0,651,Fashion,2,0,0.05,237,FALSE,1,45,75,Low-Engagement Reseller
3597,7/17/2024,Tier3,2721,0,552,Home,5,1,0.14,347,FALSE,2,41,97,Niche Specialist
3598,12/3/2023,Tier4+,672,0,375,Home,4,2,0.11,243,FALSE,1,33,77,Low-Engagement Reseller
3599,7/12/2024,Tier4+,2490,0,315,Home,4,0,0.11,148,TRUE,41,32,58,Niche Specialist
3600,12/16/2023,Tier4+,857,3,424,Fashion,200,55,0.13,11,FALSE,60,34,28,Social Catalyst
3601,7/1/2024,Tier2,10499,0,644,Mixed,0,0,0.11,339,TRUE,40,52,95,Ghost Reseller
3602,3/4/2023,Tier2,8452,2,777,Fashion,124,33,0.1,8,FALSE,37,56,29,Social Catalyst
3603,3/4/2024,Tier4+,16314,1,723,Home,183,52,0.05,24,FALSE,55,62,33,Niche Specialist
3604,12/14/2023,Tier3,2367,5,469,Home,177,49,0.12,24,FALSE,53,38,27,Niche Specialist
3605,12/26/2023,Tier4+,7460,1,418,Fashion,17,9,0.13,9,FALSE,5,41,30,Low-Engagement Reseller
3606,8/20/2024,Tier2,2154,0,551,Fashion,5,0,0.09,337,FALSE,2,41,95,Low-Engagement Reseller
3607,3/10/2023,Tier2,1634,0,325,Fashion,4,0,0.07,81,FALSE,1,32,46,Low-Engagement Reseller
3608,12/16/2023,Tier2,4895,2,463,Mixed,197,60,0.13,24,TRUE,99,40,32,Low-Engagement Reseller
3609,1/19/2023,Tier4+,5622,0,706,Mixed,4,3,0.09,363,TRUE,41,50,100,Ghost Reseller
3610,11/2/2023,Tier3,9242,1,757,Fashion,189,60,0.13,21,FALSE,57,55,33,Social Catalyst
3611,12/9/2023,Tier3,3195,1,669,Beauty,87,24,0.12,25,TRUE,66,46,33,Niche Specialist
3612,1/7/2023,Tier3,5650,1,735,Home,161,46,0.06,11,FALSE,48,52,31,Niche Specialist
3613,1/29/2023,Tier3,3341,0,547,Mixed,1,0,0.07,72,TRUE,40,42,44,Low-Engagement Reseller
3614,10/17/2023,Tier2,11197,1,553,Fashion,129,37,0.12,25,FALSE,39,50,33,Social Catalyst
3615,2/26/2023,Tier3,4347,0,319,Home,3,0,0.05,334,FALSE,1,35,94,Niche Specialist
3616,6/20/2024,Tier3,2507,0,525,Fashion,5,2,0.13,191,FALSE,2,40,67,Low-Engagement Reseller
3617,7/7/2024,Tier2,6932,4,763,Fashion,10,5,0.05,13,FALSE,3,55,26,Low-Engagement Reseller
3618,11/29/2024,Tier4+,4624,2,612,Home,174,49,0.12,3,TRUE,92,45,28,Niche Specialist
3619,9/24/2024,Tier3,2317,0,435,Home,2,0,0.07,177,TRUE,41,37,64,Niche Specialist
3620,1/8/2023,Tier3,9968,0,481,Fashion,0,3,0.13,278,FALSE,0,45,83,Ghost Reseller
3621,3/11/2023,Tier2,4360,2,772,Beauty,132,37,0.1,21,FALSE,40,51,31,Niche Specialist
3622,6/24/2023,Tier4+,1290,2,413,Fashion,192,61,0.11,3,TRUE,98,35,28,Social Catalyst
3623,11/24/2023,Tier4+,6533,0,645,Mixed,2,1,0.13,243,TRUE,41,48,77,Ghost Reseller
3624,8/11/2024,Tier3,3805,0,512,Fashion,1,0,0.12,187,FALSE,0,41,66,Low-Engagement Reseller
3625,3/4/2024,Tier4+,17493,0,786,Fashion,2,4,0.08,313,TRUE,41,65,90,Ghost Reseller
3626,4/1/2023,Tier4+,53000,0,500,Fashion,1,0,0.11,32,FALSE,0,90,36,Ghost Reseller
3627,6/8/2023,Tier4+,1043,0,768,Fashion,5,4,0.09,150,FALSE,2,48,59,Low-Engagement Reseller
3628,9/25/2023,Tier3,3232,0,715,Fashion,3,0,0.07,291,TRUE,41,49,86,Low-Engagement Reseller
3629,5/8/2023,Tier2,14720,1,490,Fashion,116,35,0.09,3,TRUE,75,51,29,Social Catalyst
3630,1/3/2024,Tier2,4131,1,556,Beauty,76,20,0.1,15,FALSE,23,43,31,Niche Specialist
3631,4/14/2023,Tier4+,10736,0,440,Fashion,5,1,0.14,326,FALSE,2,44,93,Ghost Reseller
3632,7/24/2023,Tier3,3710,0,760,Fashion,5,6,0.13,295,TRUE,42,50,87,Low-Engagement Reseller
3633,4/6/2024,Tier4+,4697,0,402,Beauty,5,0,0.1,362,FALSE,2,38,99,Niche Specialist
3634,1/14/2024,Tier4+,1911,0,762,Home,5,0,0.13,94,TRUE,42,48,48,Low-Engagement Reseller
3635,8/10/2024,Tier3,4266,0,650,Mixed,3,4,0.1,251,TRUE,41,47,78,Low-Engagement Reseller
3636,11/26/2024,Tier2,6146,5,737,Fashion,74,26,0.06,24,TRUE,62,53,27,Social Catalyst
3637,7/21/2024,Tier2,807,0,326,Home,0,1,0.13,287,FALSE,0,30,85,Low-Engagement Reseller
3638,2/12/2024,Tier3,10525,0,446,Fashion,1,0,0.1,147,FALSE,0,45,58,Ghost Reseller
3639,1/14/2024,Tier3,3681,1,626,Fashion,167,47,0.11,26,FALSE,50,45,33,Social Catalyst
3640,9/5/2023,Tier3,7432,1,544,Home,80,29,0.1,4,FALSE,24,46,29,Niche Specialist
3641,4/30/2023,Tier4+,19177,0,349,Fashion,1,0,0.1,185,FALSE,0,50,65,Ghost Reseller
3642,8/24/2024,Tier3,4685,2,320,Mixed,151,47,0.05,29,FALSE,45,36,33,Low-Engagement Reseller
3643,9/5/2023,Tier4+,1734,0,532,Mixed,5,0,0.08,333,FALSE,2,40,94,Low-Engagement Reseller
3644,12/17/2023,Tier3,1086,3,531,Home,176,51,0.1,23,FALSE,53,39,30,Low-Engagement Reseller
3645,9/12/2023,Tier4+,1315,0,546,Home,2,0,0.15,359,FALSE,1,39,99,Low-Engagement Reseller
3646,11/6/2023,Tier2,4894,1,443,Fashion,145,48,0.06,27,FALSE,44,40,34,Social Catalyst
3647,6/8/2024,Tier3,8077,0,477,Beauty,5,0,0.06,190,TRUE,42,45,66,Ghost Reseller
3648,3/15/2024,Tier3,5136,2,651,Beauty,142,40,0.13,23,FALSE,43,47,31,Niche Specialist
3649,3/11/2023,Tier3,13200,0,510,Mixed,2,0,0.09,39,FALSE,1,51,37,Ghost Reseller
3650,12/2/2024,Tier2,2302,2,656,Fashion,160,49,0.15,25,FALSE,48,44,32,Social Catalyst
3651,3/4/2024,Tier3,2724,0,680,Fashion,5,5,0.05,279,FALSE,2,47,84,Low-Engagement Reseller
3652,1/6/2024,Tier3,3092,2,766,Beauty,179,50,0.14,30,TRUE,94,49,33,Niche Specialist
3653,3/12/2024,Tier4+,3982,0,589,Home,4,0,0.13,83,FALSE,1,43,46,Niche Specialist
3654,2/4/2023,Tier4+,6665,4,431,Mixed,183,56,0.05,12,FALSE,55,42,26,Low-Engagement Reseller
3655,2/8/2023,Tier2,5681,0,498,Beauty,5,0,0.14,146,TRUE,42,42,58,Ghost Reseller
3656,1/10/2024,Tier3,26276,2,555,Fashion,73,18,0.07,17,FALSE,22,66,30,Social Catalyst
3657,7/27/2024,Tier2,12918,0,706,Fashion,5,3,0.09,361,FALSE,2,58,99,Ghost Reseller
3658,10/2/2023,Tier3,866,0,613,Fashion,3,2,0.13,256,FALSE,1,41,79,Low-Engagement Reseller
3659,3/3/2024,Tier2,1909,1,569,Beauty,146,39,0.1,20,FALSE,44,41,32,Low-Engagement Reseller
3660,1/28/2023,Tier3,3153,0,680,Fashion,0,1,0.14,263,TRUE,40,46,80,Low-Engagement Reseller
3661,10/11/2024,Tier2,1658,1,573,Fashion,50,17,0.1,16,FALSE,15,41,32,Social Catalyst
3662,3/27/2023,Tier2,3743,0,334,Mixed,1,4,0.13,350,TRUE,40,34,97,Low-Engagement Reseller
3663,3/21/2024,Tier2,637,0,461,Fashion,5,0,0.08,236,FALSE,2,36,75,Low-Engagement Reseller
3664,11/5/2023,Tier3,2123,0,779,Mixed,1,0,0.05,187,TRUE,40,50,66,Low-Engagement Reseller
3665,8/25/2024,Tier3,4958,1,722,Home,104,34,0.08,24,TRUE,71,50,33,Niche Specialist
3666,6/27/2024,Tier3,14725,1,464,Fashion,97,25,0.12,19,FALSE,29,50,32,Social Catalyst
3667,7/1/2023,Tier2,9216,0,474,Mixed,1,1,0.06,230,TRUE,40,46,74,Ghost Reseller
3668,11/7/2024,Tier3,2755,1,728,Beauty,83,20,0.07,2,FALSE,25,49,29,Niche Specialist
3669,7/7/2023,Tier3,4718,1,678,Home,94,29,0.13,22,TRUE,68,48,33,Niche Specialist
3670,8/25/2023,Tier4+,2579,1,524,Fashion,147,49,0.12,28,FALSE,44,40,34,Social Catalyst
3671,4/24/2024,Tier3,4322,0,693,Fashion,2,0,0.11,74,FALSE,1,48,44,Low-Engagement Reseller
3672,11/27/2023,Tier3,14713,0,533,Fashion,3,0,0.05,277,FALSE,1,54,83,Ghost Reseller
3673,6/28/2023,Tier2,2324,0,492,Home,1,0,0.12,325,FALSE,0,38,92,Niche Specialist
3674,4/8/2023,Tier4+,3931,1,566,Mixed,174,50,0.07,26,FALSE,52,44,33,Low-Engagement Reseller
3675,11/14/2024,Tier2,16603,0,469,Fashion,2,0,0.14,212,FALSE,1,51,71,Ghost Reseller
3676,2/2/2023,Tier4+,11620,3,767,Fashion,121,33,0.1,5,FALSE,36,58,26,Social Catalyst
3677,1/2/2023,Tier2,3803,0,561,Fashion,3,3,0.14,123,FALSE,1,42,54,Low-Engagement Reseller
3678,4/19/2024,Tier3,1893,0,444,Beauty,0,0,0.12,322,FALSE,0,36,92,Low-Engagement Reseller
3679,9/4/2023,Tier4+,1057,0,402,Mixed,1,2,0.1,266,TRUE,40,34,81,Low-Engagement Reseller
3680,12/10/2024,Tier3,5607,0,581,Mixed,4,6,0.06,167,FALSE,1,46,62,Ghost Reseller
3681,2/17/2024,Tier3,2271,0,307,Fashion,1,0,0.09,52,TRUE,40,32,40,Low-Engagement Reseller
3682,11/15/2024,Tier3,2185,0,419,Beauty,5,4,0.07,212,FALSE,2,36,71,Niche Specialist
3683,7/8/2023,Tier2,25871,0,753,Beauty,5,6,0.11,82,FALSE,2,72,46,Ghost Reseller
3684,3/23/2024,Tier3,19146,0,606,Home,3,0,0.08,105,FALSE,1,60,50,Ghost Reseller
3685,8/7/2023,Tier4+,856,2,684,Fashion,160,44,0.13,19,FALSE,48,44,31,Social Catalyst
3686,9/25/2024,Tier3,883,2,419,Fashion,39,9,0.12,27,TRUE,52,34,32,Low-Engagement Reseller
3687,5/13/2024,Tier4+,1354,15,429,Fashion,184,60,0.15,11,FALSE,55,34,10,Social Catalyst
3688,1/31/2024,Tier3,1224,0,601,Fashion,4,6,0.06,249,FALSE,1,43,78,Low-Engagement Reseller
3689,6/16/2024,Tier4+,2973,0,321,Fashion,5,7,0.1,95,FALSE,2,33,48,Low-Engagement Reseller
3690,2/20/2023,Tier3,6789,0,712,Mixed,4,5,0.06,320,FALSE,1,52,91,Ghost Reseller
3691,5/22/2024,Tier3,30931,2,342,Beauty,150,50,0.14,29,FALSE,45,61,33,Niche Specialist
3692,8/4/2024,Tier2,1190,0,634,Beauty,5,5,0.15,63,FALSE,2,42,42,Low-Engagement Reseller
3693,3/30/2024,Tier2,19790,0,355,Fashion,4,4,0.05,36,TRUE,41,52,37,Ghost Reseller
3694,5/21/2024,Tier3,16799,0,411,Fashion,3,0,0.11,52,FALSE,1,50,40,Ghost Reseller
3695,1/14/2024,Tier3,1801,2,412,Beauty,199,61,0.07,4,TRUE,100,36,28,Low-Engagement Reseller
3696,7/14/2023,Tier4+,2544,0,777,Home,0,0,0.12,222,FALSE,0,49,73,Niche Specialist
3697,9/1/2023,Tier3,1098,2,795,Beauty,174,56,0.08,30,TRUE,92,49,33,Low-Engagement Reseller
3698,11/1/2024,Tier3,2018,1,668,Fashion,133,40,0.13,30,TRUE,80,44,34,Social Catalyst
3699,7/15/2024,Tier4+,24274,0,571,Fashion,1,4,0.13,352,FALSE,0,63,98,Ghost Reseller
3700,1/23/2023,Tier3,832,0,469,Home,5,0,0.05,49,FALSE,2,37,39,Low-Engagement Reseller
3701,6/19/2024,Tier2,233,2,548,Beauty,82,25,0.14,24,FALSE,25,38,32,Low-Engagement Reseller
3702,9/12/2024,Tier4+,4187,0,657,Home,5,1,0.08,330,FALSE,2,47,93,Niche Specialist
3703,9/1/2023,Tier3,4650,0,676,Mixed,1,0,0.07,145,FALSE,0,49,58,Low-Engagement Reseller
3704,9/7/2023,Tier4+,18094,0,493,Home,3,5,0.08,94,FALSE,1,55,48,Ghost Reseller
3705,12/22/2024,Tier3,1632,0,553,Fashion,4,6,0.14,191,TRUE,41,40,67,Low-Engagement Reseller
3706,4/29/2024,Tier4+,20520,0,392,Mixed,5,6,0.08,339,FALSE,2,54,95,Ghost Reseller
3707,8/13/2024,Tier3,3267,2,672,Fashion,43,12,0.05,26,TRUE,53,47,32,Low-Engagement Reseller
3708,2/23/2024,Tier3,2375,0,559,Home,2,1,0.06,329,FALSE,1,42,93,Niche Specialist
3709,11/6/2023,Tier4+,741,0,603,Fashion,4,0,0.14,159,FALSE,1,41,60,Low-Engagement Reseller
3710,1/11/2024,Tier3,5670,0,638,Home,4,5,0.15,306,TRUE,41,47,89,Ghost Reseller
3711,4/4/2023,Tier3,673,0,775,Beauty,3,0,0.05,330,FALSE,1,49,93,Low-Engagement Reseller
3712,11/23/2023,Tier3,1310,0,359,Home,0,0,0.14,139,TRUE,40,32,57,Low-Engagement Reseller
3713,3/25/2024,Tier3,2296,0,472,Fashion,3,0,0.1,112,TRUE,41,38,51,Low-Engagement Reseller
3714,10/10/2023,Tier3,14634,2,546,Fashion,89,25,0.15,13,TRUE,67,52,29,Social Catalyst
3715,11/24/2024,Tier4+,4092,0,390,Fashion,1,0,0.15,87,FALSE,0,36,47,Low-Engagement Reseller
3716,4/18/2024,Tier3,7612,1,334,Fashion,95,30,0.08,8,FALSE,29,39,30,Social Catalyst
3717,3/25/2024,Tier4+,22401,1,339,Fashion,194,57,0.07,10,TRUE,98,54,30,Social Catalyst
3718,5/16/2024,Tier3,24627,4,521,Fashion,111,37,0.09,0,TRUE,73,62,24,Social Catalyst
3719,1/15/2023,Tier4+,267,0,517,Mixed,2,0,0.14,345,FALSE,1,37,96,Low-Engagement Reseller
3720,1/19/2024,Tier3,7606,0,772,Home,1,0,0.15,207,FALSE,0,54,70,Ghost Reseller
3721,6/7/2024,Tier4+,1454,0,357,Fashion,2,4,0.12,308,FALSE,1,32,89,Low-Engagement Reseller
3722,10/17/2023,Tier4+,3939,0,537,Fashion,3,0,0.12,300,FALSE,1,42,88,Low-Engagement Reseller
3723,6/6/2024,Tier3,6798,0,628,Beauty,0,3,0.11,215,TRUE,40,48,71,Ghost Reseller
3724,2/16/2024,Tier4+,4515,0,653,Fashion,3,3,0.08,123,TRUE,41,47,54,Low-Engagement Reseller
3725,4/21/2024,Tier2,180,1,513,Fashion,143,40,0.08,6,TRUE,83,38,30,Social Catalyst
3726,5/21/2023,Tier4+,1962,0,648,Beauty,5,7,0.13,211,FALSE,2,44,70,Low-Engagement Reseller
3727,10/31/2023,Tier4+,2209,3,565,Fashion,14,4,0.12,5,FALSE,4,41,26,Low-Engagement Reseller
3728,3/30/2024,Tier2,4012,0,477,Home,0,0,0.1,225,FALSE,0,40,73,Niche Specialist
3729,6/19/2023,Tier3,3612,0,581,Home,3,5,0.08,96,FALSE,1,44,48,Niche Specialist
3730,4/12/2023,Tier2,8635,3,723,Fashion,91,28,0.1,23,FALSE,27,54,30,Social Catalyst
3731,12/20/2024,Tier4+,482,0,615,Fashion,0,0,0.14,65,FALSE,0,41,42,Low-Engagement Reseller
3732,6/29/2023,Tier2,2143,1,472,Fashion,191,59,0.08,30,FALSE,57,38,34,Social Catalyst
3733,4/19/2024,Tier3,1684,0,723,Fashion,1,4,0.15,243,TRUE,40,46,77,Low-Engagement Reseller
3734,8/12/2023,Tier4+,2612,2,450,Fashion,59,18,0.14,15,FALSE,18,37,30,Social Catalyst
3735,2/29/2024,Tier4+,1904,0,528,Fashion,3,0,0.14,347,TRUE,41,39,97,Low-Engagement Reseller
3736,7/8/2023,Tier4+,4527,1,401,Fashion,159,49,0.1,19,TRUE,88,38,32,Social Catalyst
3737,5/23/2024,Tier2,1685,0,545,Home,5,0,0.1,320,FALSE,2,40,91,Low-Engagement Reseller
3738,11/3/2024,Tier2,4431,1,790,Beauty,22,11,0.14,28,TRUE,47,51,34,Niche Specialist
3739,11/12/2023,Tier3,994,2,585,Mixed,102,34,0.14,28,FALSE,31,40,32,Low-Engagement Reseller
3740,1/1/2024,Tier3,1086,3,565,Beauty,193,62,0.08,0,FALSE,58,41,26,Low-Engagement Reseller
3741,5/11/2023,Tier2,9873,1,790,Home,184,53,0.13,21,TRUE,95,57,33,Niche Specialist
3742,4/14/2024,Tier4+,2231,0,775,Fashion,0,4,0.1,201,TRUE,40,49,69,Low-Engagement Reseller
3743,2/24/2023,Tier4+,2316,0,340,Home,1,2,0.11,207,TRUE,40,33,70,Niche Specialist
3744,12/27/2023,Tier3,2384,2,312,Fashion,159,47,0.1,23,FALSE,48,32,31,Social Catalyst
3745,4/23/2024,Tier3,2162,1,481,Fashion,161,52,0.09,11,FALSE,48,38,31,Social Catalyst
3746,8/23/2024,Tier2,9246,4,718,Beauty,139,41,0.11,24,FALSE,42,54,29,Niche Specialist
3747,3/12/2024,Tier2,875,0,717,Mixed,4,0,0.1,106,TRUE,41,46,50,Low-Engagement Reseller
3748,5/19/2024,Tier3,615,3,730,Fashion,171,51,0.15,9,TRUE,91,45,27,Social Catalyst
3749,1/8/2023,Tier2,12812,2,601,Fashion,185,60,0.09,12,TRUE,96,54,29,Social Catalyst
3750,3/26/2024,Tier4+,873,0,427,Fashion,3,0,0.1,247,FALSE,1,35,77,Low-Engagement Reseller
3751,8/17/2024,Tier3,6513,0,308,Home,1,0,0.05,156,FALSE,0,37,60,Ghost Reseller
3752,3/23/2023,Tier3,5375,2,527,Fashion,13,0,0.05,18,TRUE,44,44,30,Low-Engagement Reseller
3753,7/30/2024,Tier2,2994,0,392,Mixed,4,3,0.08,126,FALSE,1,36,54,Low-Engagement Reseller
3754,2/7/2023,Tier3,6318,0,345,Fashion,4,6,0.11,99,FALSE,1,37,49,Ghost Reseller
3755,5/30/2024,Tier3,1112,0,701,Mixed,0,0,0.07,265,TRUE,40,46,81,Low-Engagement Reseller
3756,4/20/2023,Tier3,12117,3,599,Fashion,135,38,0.12,12,FALSE,41,52,28,Social Catalyst
3757,7/31/2023,Tier3,662,3,793,Mixed,67,25,0.13,8,FALSE,20,48,27,Low-Engagement Reseller
3758,6/7/2023,Tier4+,669,4,345,Fashion,121,35,0.09,17,FALSE,36,32,27,Social Catalyst
3759,10/2/2024,Tier2,8905,0,737,Mixed,3,1,0.13,343,TRUE,41,54,96,Ghost Reseller
3760,6/12/2024,Tier2,1048,0,480,Beauty,3,1,0.11,302,FALSE,1,37,88,Low-Engagement Reseller
3761,12/19/2023,Tier4+,711,0,356,Home,0,0,0.07,171,TRUE,40,33,63,Low-Engagement Reseller
3762,4/28/2024,Tier4+,1588,0,696,Beauty,2,5,0.13,179,FALSE,1,45,64,Low-Engagement Reseller
3763,6/14/2023,Tier3,3285,0,413,Beauty,5,1,0.14,217,FALSE,2,36,72,Niche Specialist
3764,12/10/2024,Tier4+,3028,1,437,Mixed,188,54,0.08,1,FALSE,56,38,29,Low-Engagement Reseller
3765,10/22/2024,Tier2,8328,0,310,Fashion,1,2,0.08,147,FALSE,0,38,58,Ghost Reseller
3766,11/29/2023,Tier2,3961,0,363,Fashion,1,3,0.05,287,FALSE,0,37,85,Low-Engagement Reseller
3767,7/8/2023,Tier3,1116,0,457,Fashion,2,0,0.12,121,TRUE,41,36,53,Low-Engagement Reseller
3768,5/5/2023,Tier2,1134,0,417,Fashion,2,3,0.05,247,TRUE,41,36,77,Low-Engagement Reseller
3769,1/27/2024,Tier3,2617,0,613,Fashion,0,2,0.12,206,FALSE,0,43,70,Low-Engagement Reseller
3770,5/19/2023,Tier2,8558,0,538,Home,3,0,0.05,173,TRUE,41,48,63,Ghost Reseller
3771,9/13/2024,Tier4+,3009,0,362,Home,4,2,0.11,303,TRUE,41,34,88,Niche Specialist
3772,7/10/2024,Tier2,9986,3,458,Home,44,11,0.13,29,TRUE,53,45,31,Niche Specialist
3773,10/27/2024,Tier2,11868,0,791,Home,4,0,0.15,91,TRUE,41,59,47,Ghost Reseller
3774,8/22/2023,Tier4+,1352,1,390,Fashion,56,17,0.05,17,FALSE,17,35,32,Social Catalyst
3775,3/14/2024,Tier4+,34709,5,738,Beauty,21,6,0.1,12,FALSE,6,80,25,Super-Spreader
3776,11/29/2023,Tier2,32165,0,618,Mixed,0,2,0.09,364,FALSE,0,74,100,Ghost Reseller
3777,4/19/2023,Tier4+,2564,5,460,Beauty,179,56,0.07,28,TRUE,94,38,28,Niche Specialist
3778,4/9/2023,Tier4+,3499,0,783,Home,5,0,0.14,149,FALSE,2,50,59,Niche Specialist
3779,2/9/2023,Tier3,871,0,635,Fashion,4,0,0.14,73,FALSE,1,42,44,Low-Engagement Reseller
3780,12/6/2024,Tier2,9733,2,666,Fashion,133,38,0.06,8,FALSE,40,54,29,Social Catalyst
3781,3/5/2024,Tier2,3597,0,335,Fashion,0,2,0.06,240,FALSE,0,35,76,Low-Engagement Reseller
3782,9/3/2024,Tier3,8634,0,408,Home,1,4,0.08,112,TRUE,40,42,51,Ghost Reseller
3783,6/25/2023,Tier2,4309,1,794,Fashion,105,36,0.14,24,FALSE,32,51,33,Social Catalyst
3784,10/2/2023,Tier4+,2846,0,328,Mixed,4,0,0.14,197,TRUE,41,32,68,Low-Engagement Reseller
3785,2/14/2023,Tier3,1065,0,606,Home,1,3,0.15,193,TRUE,40,41,67,Low-Engagement Reseller
3786,8/29/2023,Tier4+,13759,0,354,Fashion,4,0,0.05,155,TRUE,41,46,60,Ghost Reseller
3787,8/17/2023,Tier3,2701,4,567,Fashion,106,27,0.13,0,TRUE,72,41,24,Social Catalyst
3788,7/20/2024,Tier4+,9814,2,590,Fashion,173,52,0.05,0,TRUE,92,51,27,Social Catalyst
3789,10/12/2023,Tier3,1673,0,492,Fashion,3,4,0.09,89,FALSE,1,38,47,Low-Engagement Reseller
3790,12/29/2023,Tier3,5518,0,465,Home,2,4,0.11,114,TRUE,41,41,52,Ghost Reseller
3791,4/23/2024,Tier4+,6892,0,327,Mixed,3,2,0.1,214,TRUE,41,37,71,Ghost Reseller
3792,4/28/2023,Tier4+,4096,0,697,Fashion,1,5,0.15,354,FALSE,0,47,98,Low-Engagement Reseller
3793,11/17/2024,Tier2,2439,0,778,Beauty,0,0,0.12,337,TRUE,40,49,95,Niche Specialist
3794,10/19/2023,Tier3,1713,4,549,Fashion,48,17,0.07,9,FALSE,14,41,26,Low-Engagement Reseller
3795,5/8/2023,Tier3,4366,0,433,Fashion,5,0,0.08,364,FALSE,2,39,100,Low-Engagement Reseller
3796,6/11/2024,Tier2,32809,0,697,Home,4,0,0.13,124,FALSE,1,76,54,Ghost Reseller
3797,9/21/2024,Tier4+,1576,0,408,Beauty,4,0,0.12,310,TRUE,41,34,89,Low-Engagement Reseller
3798,7/4/2023,Tier3,7492,2,325,Fashion,27,11,0.12,1,FALSE,8,37,27,Low-Engagement Reseller
3799,9/29/2024,Tier4+,1653,3,337,Fashion,101,29,0.1,25,FALSE,30,32,30,Social Catalyst
3800,4/6/2023,Tier4+,425,0,547,Fashion,4,0,0.06,352,FALSE,1,40,98,Low-Engagement Reseller
3801,11/5/2024,Tier2,2825,0,672,Home,5,1,0.14,303,FALSE,2,45,88,Niche Specialist
3802,2/26/2023,Tier3,9939,0,695,Fashion,5,0,0.05,343,FALSE,2,55,96,Ghost Reseller
3803,1/30/2024,Tier2,12370,0,524,Home,4,1,0.15,307,TRUE,41,49,89,Ghost Reseller
3804,7/15/2023,Tier4+,5117,1,429,Mixed,151,50,0.05,24,FALSE,45,40,33,Low-Engagement Reseller
3805,4/1/2023,Tier2,5375,0,650,Fashion,4,1,0.05,184,FALSE,1,49,65,Ghost Reseller
3806,3/19/2024,Tier2,9256,0,420,Fashion,1,0,0.14,188,TRUE,40,42,66,Ghost Reseller
3807,7/24/2023,Tier3,14765,2,453,Home,97,33,0.05,23,FALSE,29,51,31,Niche Specialist
3808,11/8/2024,Tier2,24052,0,357,Fashion,4,4,0.08,41,FALSE,1,56,38,Ghost Reseller
3809,3/22/2024,Tier4+,2358,0,572,Home,2,0,0.14,67,TRUE,41,41,43,Niche Specialist
3810,5/8/2024,Tier2,4495,2,478,Fashion,151,45,0.06,21,FALSE,45,41,31,Social Catalyst
3811,9/15/2024,Tier4+,2852,0,454,Fashion,4,0,0.09,269,TRUE,41,38,82,Low-Engagement Reseller
3812,1/13/2023,Tier4+,2967,1,710,Beauty,179,56,0.15,19,FALSE,54,47,32,Niche Specialist
3813,1/14/2023,Tier4+,5993,1,480,Home,79,22,0.07,7,FALSE,24,43,30,Niche Specialist
3814,4/10/2023,Tier3,7653,0,318,Fashion,1,0,0.14,90,FALSE,0,37,47,Ghost Reseller
3815,4/20/2024,Tier3,1116,0,524,Mixed,2,3,0.08,142,FALSE,1,39,57,Low-Engagement Reseller
3816,7/24/2024,Tier4+,11615,0,350,Home,0,1,0.11,329,FALSE,0,43,93,Ghost Reseller
3817,2/8/2024,Tier3,1097,0,708,Fashion,1,0,0.07,265,TRUE,40,46,81,Low-Engagement Reseller
3818,10/7/2023,Tier3,12055,0,525,Mixed,0,4,0.13,199,TRUE,40,49,68,Ghost Reseller
3819,4/3/2024,Tier3,583,0,723,Home,1,0,0.13,152,FALSE,0,45,59,Low-Engagement Reseller
3820,6/11/2024,Tier2,13444,0,338,Beauty,1,0,0.14,296,FALSE,0,43,87,Ghost Reseller
3821,10/16/2024,Tier4+,10233,0,404,Beauty,3,4,0.11,168,TRUE,41,43,62,Ghost Reseller
3822,3/21/2024,Tier3,2715,4,707,Beauty,200,59,0.12,16,FALSE,60,47,27,Niche Specialist
3823,7/28/2024,Tier4+,10280,0,469,Home,3,0,0.11,138,FALSE,1,46,56,Ghost Reseller
3824,7/17/2023,Tier4+,1743,0,664,Fashion,2,2,0.09,62,FALSE,1,45,42,Low-Engagement Reseller
3825,9/5/2024,Tier3,6699,0,326,Fashion,5,7,0.13,191,TRUE,42,36,67,Ghost Reseller
3826,3/8/2024,Tier4+,6141,3,397,Beauty,66,22,0.1,25,TRUE,60,39,30,Niche Specialist
3827,3/4/2023,Tier4+,920,0,699,Fashion,5,7,0.11,191,TRUE,42,45,67,Low-Engagement Reseller
3828,7/6/2023,Tier4+,9617,2,491,Fashion,168,54,0.05,5,FALSE,50,47,28,Social Catalyst
3829,4/6/2023,Tier4+,13639,1,562,Home,101,25,0.06,24,TRUE,70,54,33,Niche Specialist
3830,6/16/2023,Tier4+,2451,2,368,Fashion,23,2,0.05,27,FALSE,7,35,32,Low-Engagement Reseller
3831,6/19/2024,Tier2,2425,2,489,Fashion,198,58,0.13,4,FALSE,59,38,28,Social Catalyst
3832,10/24/2023,Tier3,5880,0,586,Fashion,5,2,0.07,34,TRUE,42,46,37,Ghost Reseller
3833,6/1/2023,Tier2,2288,0,332,Fashion,1,2,0.08,40,TRUE,40,33,38,Low-Engagement Reseller
3834,12/28/2023,Tier2,3768,0,641,Fashion,2,0,0.1,276,TRUE,41,46,83,Low-Engagement Reseller
3835,12/16/2023,Tier3,1987,0,612,Fashion,2,0,0.11,44,TRUE,41,43,38,Low-Engagement Reseller
3836,2/13/2023,Tier2,7346,0,474,Mixed,0,3,0.12,37,FALSE,0,43,37,Ghost Reseller
3837,7/18/2024,Tier3,11688,5,610,Fashion,90,23,0.1,28,FALSE,27,53,28,Super-Spreader
3838,8/22/2024,Tier3,6479,2,590,Fashion,57,19,0.13,16,TRUE,57,46,30,Social Catalyst
3839,4/13/2023,Tier4+,28687,0,610,Fashion,0,0,0.14,296,TRUE,40,69,87,Ghost Reseller
3840,10/31/2024,Tier2,1186,0,656,Fashion,1,5,0.08,206,FALSE,0,44,70,Low-Engagement Reseller
3841,12/24/2023,Tier2,1216,2,665,Fashion,185,55,0.06,2,FALSE,56,45,27,Social Catalyst
3842,3/26/2023,Tier2,5865,1,475,Home,129,35,0.1,20,FALSE,39,42,32,Niche Specialist
3843,4/14/2023,Tier3,4657,1,442,Home,50,18,0.09,5,FALSE,15,39,29,Niche Specialist
3844,11/29/2024,Tier3,6568,0,476,Fashion,4,4,0.05,239,FALSE,1,43,76,Ghost Reseller
3845,6/4/2024,Tier2,2503,0,506,Beauty,0,0,0.13,134,FALSE,0,39,56,Niche Specialist
3846,1/21/2024,Tier2,2713,2,313,Home,73,26,0.07,8,TRUE,62,33,29,Niche Specialist
3847,4/8/2024,Tier2,2148,2,737,Home,186,56,0.08,2,TRUE,96,48,27,Niche Specialist
3848,5/29/2024,Tier3,1387,0,538,Fashion,0,4,0.06,177,TRUE,40,40,64,Low-Engagement Reseller
3849,4/13/2023,Tier2,588,0,654,Fashion,5,0,0.1,294,TRUE,42,43,86,Low-Engagement Reseller
3850,6/18/2024,Tier3,1541,0,612,Beauty,1,0,0.08,270,TRUE,40,43,82,Low-Engagement Reseller
3851,5/3/2024,Tier4+,2866,1,315,Fashion,89,26,0.13,30,FALSE,27,32,34,Social Catalyst
3852,5/29/2023,Tier3,1441,2,516,Beauty,106,32,0.13,18,FALSE,32,38,30,Low-Engagement Reseller
3853,12/29/2023,Tier3,3074,2,383,Fashion,161,47,0.12,22,FALSE,48,35,31,Social Catalyst
3854,9/4/2023,Tier2,848,0,792,Fashion,5,6,0.11,268,FALSE,2,48,81,Low-Engagement Reseller
3855,9/25/2024,Tier4+,556,0,614,Fashion,3,0,0.11,206,FALSE,1,41,70,Low-Engagement Reseller
3856,1/1/2024,Tier3,1023,2,568,Beauty,142,38,0.15,14,TRUE,83,39,30,Low-Engagement Reseller
3857,1/18/2023,Tier3,1442,2,632,Fashion,94,26,0.12,22,FALSE,28,43,31,Social Catalyst
3858,10/22/2023,Tier3,4056,2,723,Fashion,23,12,0.06,1,TRUE,47,50,27,Low-Engagement Reseller
3859,7/25/2023,Tier4+,4870,2,521,Beauty,12,0,0.11,1,FALSE,4,42,27,Niche Specialist
3860,1/23/2024,Tier3,1096,0,625,Beauty,5,2,0.1,251,FALSE,2,43,78,Low-Engagement Reseller
3861,12/6/2024,Tier3,15392,0,380,Home,5,1,0.1,344,FALSE,2,48,96,Ghost Reseller
3862,6/23/2024,Tier2,1650,0,508,Beauty,4,4,0.12,284,FALSE,1,38,84,Low-Engagement Reseller
3863,10/14/2024,Tier3,1018,3,367,Fashion,118,34,0.1,12,TRUE,75,33,28,Social Catalyst
3864,8/26/2023,Tier4+,2542,0,597,Mixed,3,3,0.06,239,FALSE,1,44,76,Low-Engagement Reseller
3865,10/13/2023,Tier2,2487,0,771,Beauty,2,0,0.09,166,FALSE,1,50,62,Niche Specialist
3866,2/4/2024,Tier2,2872,2,665,Beauty,102,34,0.05,27,FALSE,31,47,32,Niche Specialist
3867,9/4/2023,Tier3,4271,2,461,Fashion,69,19,0.1,1,TRUE,61,40,27,Social Catalyst
3868,1/11/2023,Tier3,2746,5,674,Beauty,80,19,0.1,19,FALSE,24,46,26,Niche Specialist
3869,3/15/2023,Tier3,899,0,454,Fashion,4,2,0.11,34,FALSE,1,36,37,Low-Engagement Reseller
3870,11/2/2024,Tier4+,3165,4,331,Fashion,42,14,0.12,18,FALSE,13,33,27,Low-Engagement Reseller
3871,1/3/2023,Tier3,3710,1,682,Beauty,74,26,0.1,19,FALSE,22,47,32,Niche Specialist
3872,11/20/2024,Tier2,2468,0,774,Fashion,0,2,0.1,219,FALSE,0,49,72,Low-Engagement Reseller
3873,6/19/2024,Tier3,3595,1,744,Fashion,95,31,0.07,26,FALSE,29,50,33,Social Catalyst
3874,4/25/2024,Tier2,10426,0,781,Home,0,3,0.14,260,TRUE,40,57,80,Ghost Reseller
3875,4/25/2024,Tier3,8423,2,319,Home,31,14,0.13,25,FALSE,9,38,32,Niche Specialist
3876,7/25/2023,Tier4+,4232,0,553,Home,4,5,0.12,336,TRUE,41,43,94,Niche Specialist
3877,9/7/2023,Tier4+,770,0,300,Fashion,1,0,0.08,332,FALSE,0,30,94,Low-Engagement Reseller
3878,12/28/2023,Tier3,9556,0,330,Mixed,5,0,0.05,335,FALSE,2,41,94,Ghost Reseller
3879,4/5/2024,Tier3,15431,0,425,Fashion,4,4,0.14,97,TRUE,41,49,49,Ghost Reseller
3880,11/4/2024,Tier3,5015,0,762,Home,0,5,0.13,274,FALSE,0,51,83,Ghost Reseller
3881,4/17/2024,Tier2,1049,0,445,Fashion,4,2,0.08,133,FALSE,1,36,56,Low-Engagement Reseller
3882,1/1/2023,Tier3,8020,0,559,Fashion,5,7,0.15,310,TRUE,42,46,89,Ghost Reseller
3883,11/9/2024,Tier3,1513,2,321,Mixed,65,25,0.06,15,FALSE,20,32,30,Low-Engagement Reseller
3884,10/8/2023,Tier4+,3740,0,755,Mixed,1,5,0.13,174,TRUE,40,49,63,Low-Engagement Reseller
3885,8/12/2024,Tier2,3656,0,447,Fashion,3,6,0.07,206,TRUE,41,39,70,Low-Engagement Reseller
3886,10/29/2024,Tier2,865,2,720,Mixed,125,39,0.12,6,FALSE,38,45,28,Low-Engagement Reseller
3887,3/28/2024,Tier3,864,0,629,Fashion,4,5,0.15,251,FALSE,1,41,78,Low-Engagement Reseller
3888,11/10/2023,Tier4+,4328,0,698,Mixed,5,0,0.07,260,FALSE,2,49,80,Low-Engagement Reseller
3889,5/7/2023,Tier4+,2239,0,307,Home,0,1,0.14,247,FALSE,0,31,77,Niche Specialist
3890,4/15/2024,Tier2,423,2,462,Fashion,45,9,0.08,9,FALSE,14,36,29,Low-Engagement Reseller
3891,1/19/2023,Tier2,3815,2,302,Mixed,150,43,0.11,4,TRUE,85,33,28,Low-Engagement Reseller
3892,2/26/2023,Tier3,6233,0,397,Fashion,4,0,0.1,192,FALSE,1,39,67,Ghost Reseller
3893,12/8/2024,Tier4+,1478,1,766,Home,99,25,0.14,14,FALSE,30,47,31,Low-Engagement Reseller
3894,11/10/2024,Tier3,4462,1,507,Fashion,166,52,0.05,3,FALSE,50,42,29,Social Catalyst
3895,11/20/2023,Tier4+,4425,0,626,Home,1,0,0.08,107,FALSE,0,46,51,Niche Specialist
3896,1/8/2024,Tier4+,28275,0,610,Mixed,3,1,0.1,344,FALSE,1,69,96,Ghost Reseller
3897,2/23/2024,Tier2,18554,0,405,Fashion,2,1,0.1,93,FALSE,1,52,48,Ghost Reseller
3898,11/9/2024,Tier4+,6109,0,699,Mixed,1,0,0.08,356,FALSE,0,51,98,Ghost Reseller
3899,10/14/2023,Tier3,2436,0,307,Home,2,0,0.09,172,FALSE,1,32,63,Niche Specialist
3900,5/9/2024,Tier2,2534,0,369,Fashion,2,0,0.09,200,FALSE,1,35,68,Low-Engagement Reseller
3901,10/5/2023,Tier2,1054,2,399,Fashion,125,35,0.15,10,FALSE,38,33,29,Social Catalyst
3902,9/16/2023,Tier4+,9264,10,365,Fashion,184,51,0.09,26,TRUE,95,41,20,Social Catalyst
3903,9/22/2023,Tier2,1233,0,759,Fashion,4,0,0.05,175,FALSE,1,49,64,Low-Engagement Reseller
3904,11/30/2023,Tier3,2228,4,519,Fashion,143,40,0.15,1,FALSE,43,39,24,Social Catalyst
3905,11/7/2023,Tier2,15342,0,618,Beauty,1,0,0.1,190,TRUE,40,57,66,Ghost Reseller
3906,12/22/2023,Tier3,2849,0,319,Fashion,5,3,0.15,212,FALSE,2,32,71,Low-Engagement Reseller
3907,4/28/2024,Tier4+,8361,0,722,Fashion,5,3,0.09,259,FALSE,2,54,80,Ghost Reseller
3908,1/18/2024,Tier4+,26651,0,396,Fashion,1,0,0.11,258,FALSE,0,59,79,Ghost Reseller
3909,3/6/2023,Tier2,7989,0,510,Fashion,0,2,0.06,62,FALSE,0,46,42,Ghost Reseller
3910,4/12/2023,Tier3,13445,10,532,Fashion,44,14,0.15,1,TRUE,53,50,15,Super-Spreader
3911,11/9/2024,Tier3,12807,0,320,Beauty,3,0,0.15,331,TRUE,41,42,93,Ghost Reseller
3912,8/17/2023,Tier2,899,0,313,Beauty,1,0,0.15,189,FALSE,0,30,66,Low-Engagement Reseller
3913,12/9/2024,Tier3,6386,0,743,Fashion,1,2,0.05,203,TRUE,40,53,69,Ghost Reseller
3914,5/24/2023,Tier2,3446,2,513,Fashion,31,7,0.12,12,FALSE,9,40,29,Low-Engagement Reseller
3915,2/6/2023,Tier3,1558,0,622,Beauty,4,5,0.05,140,FALSE,1,44,57,Low-Engagement Reseller
3916,1/9/2024,Tier3,1458,15,764,Fashion,134,39,0.14,25,FALSE,40,47,12,Social Catalyst
3917,7/23/2024,Tier3,2026,0,793,Mixed,5,0,0.08,119,TRUE,42,50,53,Low-Engagement Reseller
3918,4/27/2024,Tier4+,2170,2,614,Fashion,35,6,0.13,2,TRUE,51,43,27,Low-Engagement Reseller
3919,8/9/2024,Tier3,2690,0,738,Fashion,4,5,0.06,211,FALSE,1,49,70,Low-Engagement Reseller
3920,6/25/2023,Tier4+,13675,1,528,Fashion,68,15,0.08,18,FALSE,20,52,32,Social Catalyst
3921,11/7/2023,Tier4+,2353,1,447,Mixed,103,30,0.15,21,FALSE,31,36,33,Low-Engagement Reseller
3922,2/23/2023,Tier4+,2020,4,559,Fashion,80,25,0.14,30,TRUE,64,40,30,Social Catalyst
3923,7/12/2023,Tier3,5177,0,783,Beauty,4,2,0.11,44,TRUE,41,52,38,Ghost Reseller
3924,12/26/2024,Tier4+,810,0,598,Beauty,3,0,0.06,304,FALSE,1,42,88,Low-Engagement Reseller
3925,11/10/2024,Tier2,2460,1,475,Fashion,124,34,0.06,16,TRUE,77,39,32,Social Catalyst
3926,12/10/2023,Tier2,1559,0,794,Home,4,3,0.06,329,TRUE,41,50,93,Low-Engagement Reseller
3927,12/6/2024,Tier3,3643,0,404,Fashion,1,4,0.07,292,TRUE,40,37,86,Low-Engagement Reseller
3928,2/27/2023,Tier4+,3544,0,580,Home,0,0,0.11,184,TRUE,40,43,65,Niche Specialist
3929,4/18/2024,Tier3,2761,2,501,Home,22,4,0.15,17,TRUE,47,39,30,Niche Specialist
3930,3/17/2023,Tier3,10445,2,342,Home,46,14,0.14,28,TRUE,54,40,32,Niche Specialist
3931,5/29/2023,Tier3,3207,4,733,Mixed,105,37,0.13,20,TRUE,72,48,28,Low-Engagement Reseller
3932,2/1/2023,Tier2,7164,0,689,Fashion,5,2,0.13,252,FALSE,2,50,78,Ghost Reseller
3933,10/26/2024,Tier4+,1003,0,569,Fashion,4,0,0.08,169,TRUE,41,41,62,Low-Engagement Reseller
3934,6/27/2024,Tier4+,3141,0,308,Mixed,3,0,0.15,228,TRUE,41,32,74,Low-Engagement Reseller
3935,7/1/2024,Tier2,4298,1,778,Home,111,36,0.11,18,FALSE,33,51,32,Niche Specialist
3936,1/28/2024,Tier4+,370,0,738,Home,0,3,0.1,35,FALSE,0,46,37,Low-Engagement Reseller
3937,2/12/2023,Tier3,3512,4,567,Fashion,74,21,0.15,26,TRUE,62,42,29,Social Catalyst
3938,2/17/2023,Tier4+,3566,0,564,Mixed,2,0,0.07,268,TRUE,41,43,81,Low-Engagement Reseller
3939,2/1/2023,Tier3,1657,0,372,Beauty,0,5,0.13,129,TRUE,40,33,55,Low-Engagement Reseller
3940,9/30/2024,Tier2,3825,0,339,Home,1,0,0.11,349,TRUE,40,34,97,Niche Specialist
3941,4/12/2024,Tier3,1326,0,737,Home,4,0,0.11,284,FALSE,1,47,84,Low-Engagement Reseller
3942,7/19/2024,Tier3,1457,2,390,Fashion,26,12,0.1,12,FALSE,8,34,29,Low-Engagement Reseller
3943,5/5/2024,Tier2,2185,0,605,Home,3,0,0.15,201,FALSE,1,42,69,Niche Specialist
3944,7/13/2023,Tier3,553,0,648,Fashion,0,0,0.07,172,FALSE,0,43,63,Low-Engagement Reseller
3945,10/1/2023,Tier3,7819,0,697,Fashion,2,0,0.12,266,FALSE,1,52,81,Ghost Reseller
3946,8/18/2023,Tier3,2296,5,384,Fashion,119,39,0.15,13,FALSE,36,34,25,Social Catalyst
3947,9/15/2024,Tier3,10300,0,537,Beauty,3,2,0.14,289,FALSE,1,48,85,Ghost Reseller
3948,1/19/2023,Tier3,746,1,725,Home,106,30,0.1,14,FALSE,32,46,31,Low-Engagement Reseller
3949,3/20/2024,Tier4+,3555,0,491,Fashion,2,0,0.08,163,FALSE,1,40,61,Low-Engagement Reseller
3950,9/15/2023,Tier3,8894,2,725,Beauty,188,57,0.08,1,TRUE,96,54,27,Niche Specialist
3951,11/17/2023,Tier3,3027,14,404,Home,192,58,0.1,30,TRUE,98,36,15,Niche Specialist
3952,10/13/2023,Tier3,9787,0,588,Fashion,2,0,0.11,173,TRUE,41,50,63,Ghost Reseller
3953,9/6/2023,Tier3,3605,0,708,Home,2,0,0.08,76,FALSE,1,49,45,Niche Specialist
3954,12/28/2023,Tier3,20931,0,621,Fashion,2,3,0.08,196,FALSE,1,63,68,Ghost Reseller
3955,1/22/2024,Tier4+,9492,0,609,Beauty,1,1,0.05,212,FALSE,0,51,71,Ghost Reseller
3956,11/14/2024,Tier4+,1203,0,470,Fashion,1,0,0.12,68,TRUE,40,36,43,Low-Engagement Reseller
3957,12/31/2023,Tier4+,7137,0,303,Home,4,0,0.09,78,TRUE,41,37,45,Ghost Reseller
3958,5/4/2023,Tier3,5617,0,637,Beauty,0,2,0.05,268,TRUE,40,49,81,Ghost Reseller
3959,3/27/2024,Tier3,6575,0,475,Mixed,3,3,0.15,77,FALSE,1,41,45,Ghost Reseller
3960,7/20/2023,Tier4+,2429,0,732,Fashion,5,0,0.14,325,FALSE,2,47,92,Low-Engagement Reseller
3961,8/23/2024,Tier4+,12215,0,455,Fashion,2,4,0.08,252,TRUE,41,48,78,Ghost Reseller
3962,7/14/2024,Tier3,1365,1,794,Fashion,195,61,0.06,8,TRUE,99,50,30,Social Catalyst
3963,8/18/2023,Tier4+,8487,0,388,Fashion,5,5,0.1,174,FALSE,2,41,63,Ghost Reseller
3964,5/9/2024,Tier2,6544,0,771,Fashion,2,0,0.12,360,TRUE,41,53,99,Ghost Reseller
3965,1/14/2024,Tier3,11855,0,378,Fashion,3,2,0.11,85,FALSE,1,44,46,Ghost Reseller
3966,9/27/2023,Tier3,2293,0,373,Beauty,5,7,0.06,55,FALSE,2,35,41,Niche Specialist
3967,5/28/2024,Tier3,9699,0,616,Home,0,0,0.09,256,FALSE,0,51,79,Ghost Reseller
3968,10/17/2024,Tier4+,4578,0,515,Mixed,5,2,0.1,341,TRUE,42,42,95,Low-Engagement Reseller
3969,8/23/2023,Tier2,4573,5,477,Mixed,167,53,0.13,6,FALSE,50,40,24,Low-Engagement Reseller
3970,9/17/2024,Tier2,2814,0,544,Fashion,1,5,0.15,173,TRUE,40,40,63,Low-Engagement Reseller
3971,11/22/2024,Tier3,7339,0,384,Home,5,3,0.07,364,TRUE,42,40,100,Ghost Reseller
3972,4/8/2023,Tier3,9850,0,370,Fashion,1,0,0.15,292,FALSE,0,41,86,Ghost Reseller
3973,9/15/2023,Tier2,14454,0,700,Home,3,0,0.11,336,TRUE,41,59,94,Ghost Reseller
3974,6/29/2024,Tier3,3282,0,427,Fashion,5,0,0.1,192,FALSE,2,37,67,Low-Engagement Reseller
3975,2/19/2024,Tier3,6289,0,309,Beauty,0,4,0.06,339,FALSE,0,37,95,Ghost Reseller
3976,1/5/2024,Tier2,1868,2,331,Fashion,171,53,0.09,21,FALSE,51,32,31,Social Catalyst
3977,4/19/2024,Tier4+,1558,2,770,Beauty,61,22,0.08,13,TRUE,58,49,29,Low-Engagement Reseller
3978,3/11/2023,Tier4+,5558,0,736,Fashion,0,2,0.05,242,FALSE,0,52,76,Ghost Reseller
3979,7/28/2023,Tier2,2038,0,367,Fashion,3,0,0.13,357,FALSE,1,33,98,Low-Engagement Reseller
3980,4/4/2024,Tier3,1968,0,305,Mixed,2,0,0.11,101,FALSE,1,31,49,Low-Engagement Reseller
3981,11/2/2023,Tier3,1256,1,396,Home,89,25,0.15,16,TRUE,67,33,32,Low-Engagement Reseller
3982,8/25/2024,Tier2,2085,0,618,Home,3,0,0.11,138,TRUE,41,43,56,Niche Specialist
3983,10/17/2023,Tier4+,2828,0,679,Fashion,2,0,0.12,40,FALSE,1,46,38,Low-Engagement Reseller
3984,2/8/2023,Tier3,2378,0,605,Home,3,3,0.13,358,TRUE,41,42,99,Niche Specialist
3985,11/22/2023,Tier3,3445,2,422,Beauty,168,47,0.14,23,TRUE,90,36,31,Niche Specialist
3986,5/15/2023,Tier3,14278,0,566,Fashion,3,4,0.11,350,TRUE,41,53,97,Ghost Reseller
3987,8/22/2023,Tier4+,2401,0,601,Fashion,4,5,0.14,166,FALSE,1,42,62,Low-Engagement Reseller
3988,2/23/2024,Tier3,2665,0,695,Home,5,3,0.11,201,TRUE,42,47,69,Niche Specialist
3989,5/6/2024,Tier3,5065,0,759,Home,0,5,0.1,177,FALSE,0,52,64,Ghost Reseller
3990,1/4/2023,Tier3,6503,1,617,Fashion,48,9,0.1,0,FALSE,14,48,29,Low-Engagement Reseller
3991,10/3/2023,Tier4+,27114,0,571,Mixed,0,0,0.15,322,FALSE,0,66,92,Ghost Reseller
3992,3/11/2023,Tier2,1582,0,318,Fashion,2,2,0.1,91,FALSE,1,32,47,Low-Engagement Reseller
3993,7/18/2023,Tier3,9928,1,745,Fashion,100,26,0.14,5,TRUE,70,55,29,Social Catalyst
3994,7/12/2023,Tier2,2001,0,794,Fashion,3,0,0.1,279,TRUE,41,50,84,Low-Engagement Reseller
3995,3/27/2023,Tier3,24629,2,534,Fashion,182,51,0.09,30,FALSE,55,63,33,Social Catalyst
3996,9/26/2024,Tier2,5249,1,795,Beauty,119,41,0.06,6,TRUE,76,54,30,Niche Specialist
3997,8/31/2023,Tier2,999,0,316,Fashion,4,1,0.1,86,FALSE,1,31,46,Low-Engagement Reseller
3998,5/5/2023,Tier2,1359,5,693,Home,86,25,0.05,15,FALSE,26,46,25,Low-Engagement Reseller
3999,12/5/2024,Tier4+,3554,0,746,Fashion,0,2,0.1,81,FALSE,0,50,46,Low-Engagement Reseller
4000,4/14/2024,Tier2,65152,2,413,Home,135,45,0.14,20,TRUE,81,98,31,Niche Specialist
4001,3/3/2023,Tier2,3518,0,478,Fashion,0,0,0.15,115,TRUE,40,38,52,Low-Engagement Reseller
4002,11/26/2024,Tier3,3791,0,729,Fashion,2,6,0.09,287,FALSE,1,49,85,Low-Engagement Reseller
4003,1/29/2023,Tier2,2331,0,790,Beauty,1,0,0.12,205,FALSE,0,50,69,Niche Specialist
4004,12/14/2023,Tier4+,8721,2,702,Fashion,180,52,0.12,6,FALSE,54,53,28,Social Catalyst
4005,3/1/2023,Tier3,4284,0,436,Fashion,2,1,0.12,210,FALSE,1,38,70,Low-Engagement Reseller
4006,3/25/2024,Tier3,1234,0,666,Fashion,0,0,0.14,56,TRUE,40,43,41,Low-Engagement Reseller
4007,10/31/2024,Tier4+,3879,2,770,Home,58,17,0.11,24,TRUE,57,51,32,Niche Specialist
4008,9/28/2023,Tier2,716,0,424,Beauty,4,0,0.1,185,FALSE,1,35,65,Low-Engagement Reseller
4009,7/31/2024,Tier2,1641,0,678,Home,3,6,0.11,185,FALSE,1,45,65,Low-Engagement Reseller
4010,2/2/2024,Tier3,2023,0,437,Home,0,0,0.12,314,FALSE,0,36,90,Niche Specialist
4011,5/24/2023,Tier2,22307,0,599,Fashion,0,0,0.12,278,FALSE,0,62,83,Ghost Reseller
4012,8/6/2023,Tier4+,3577,2,346,Home,167,50,0.08,18,FALSE,50,35,30,Niche Specialist
4013,7/26/2023,Tier2,4715,1,493,Fashion,64,21,0.11,9,FALSE,19,41,30,Social Catalyst
4014,4/3/2023,Tier4+,3014,2,503,Home,102,30,0.15,9,FALSE,31,39,29,Niche Specialist
4015,11/18/2023,Tier4+,1617,0,697,Fashion,0,0,0.05,114,TRUE,40,47,52,Low-Engagement Reseller
4016,10/6/2024,Tier4+,2594,0,383,Home,5,7,0.09,164,FALSE,2,35,61,Niche Specialist
4017,7/1/2024,Tier4+,4807,1,481,Fashion,171,56,0.06,10,FALSE,51,42,30,Social Catalyst
4018,3/21/2023,Tier4+,9956,0,686,Mixed,5,3,0.08,277,TRUE,42,54,83,Ghost Reseller
4019,2/26/2023,Tier2,3404,1,484,Home,23,11,0.11,12,FALSE,7,39,31,Niche Specialist
4020,6/28/2023,Tier3,5736,3,401,Fashion,148,43,0.05,6,FALSE,44,40,27,Social Catalyst
4021,6/24/2024,Tier3,1054,2,499,Home,92,28,0.05,27,FALSE,28,39,32,Low-Engagement Reseller
4022,7/28/2024,Tier2,3198,0,617,Home,0,0,0.1,264,FALSE,0,44,81,Niche Specialist
4023,8/24/2024,Tier3,4279,1,774,Mixed,73,27,0.06,5,TRUE,62,52,29,Low-Engagement Reseller
4024,5/10/2024,Tier4+,4250,2,592,Beauty,15,4,0.1,14,FALSE,5,44,30,Niche Specialist
4025,11/19/2023,Tier2,10944,1,599,Fashion,34,15,0.05,21,FALSE,10,52,33,Low-Engagement Reseller
4026,9/19/2024,Tier4+,2518,2,473,Fashion,83,30,0.05,16,FALSE,25,39,30,Social Catalyst
4027,12/27/2024,Tier3,6803,0,645,Fashion,4,0,0.12,158,FALSE,1,49,60,Ghost Reseller
4028,6/9/2024,Tier3,4112,0,602,Fashion,1,0,0.12,87,FALSE,0,44,47,Low-Engagement Reseller
4029,4/11/2023,Tier4+,2357,0,677,Fashion,2,1,0.11,277,FALSE,1,46,83,Low-Engagement Reseller
4030,5/21/2024,Tier4+,3874,0,584,Home,4,1,0.08,229,FALSE,1,44,74,Niche Specialist
4031,11/15/2023,Tier4+,3431,0,506,Beauty,3,0,0.05,249,FALSE,1,41,78,Niche Specialist
4032,4/1/2023,Tier2,6998,2,380,Beauty,121,33,0.11,28,TRUE,76,39,32,Niche Specialist
4033,3/19/2024,Tier3,940,2,666,Fashion,47,16,0.12,4,FALSE,14,44,28,Low-Engagement Reseller
4034,12/14/2023,Tier4+,6095,2,560,Beauty,195,61,0.05,21,TRUE,99,46,31,Niche Specialist
4035,11/29/2023,Tier3,1265,0,322,Fashion,4,1,0.08,36,TRUE,41,32,37,Low-Engagement Reseller
4036,9/25/2024,Tier2,3095,1,521,Home,169,53,0.14,10,TRUE,91,40,30,Niche Specialist
4037,8/29/2023,Tier4+,3915,4,473,Fashion,60,22,0.13,5,FALSE,18,39,25,Social Catalyst
4038,7/13/2024,Tier3,11557,1,754,Fashion,157,52,0.12,16,TRUE,87,57,32,Social Catalyst
4039,3/14/2023,Tier4+,9354,4,410,Home,111,36,0.08,2,TRUE,73,43,24,Niche Specialist
4040,3/2/2024,Tier3,10612,0,723,Fashion,2,4,0.11,222,FALSE,1,56,73,Ghost Reseller
4041,5/3/2023,Tier4+,4278,2,504,Beauty,189,54,0.08,20,TRUE,97,42,31,Niche Specialist
4042,7/31/2023,Tier3,6332,0,356,Fashion,4,0,0.12,279,TRUE,41,37,84,Ghost Reseller
4043,12/5/2023,Tier4+,5858,0,356,Fashion,5,2,0.05,324,FALSE,2,38,92,Ghost Reseller
4044,10/15/2023,Tier4+,1177,2,523,Mixed,198,57,0.05,22,TRUE,99,40,31,Low-Engagement Reseller
4045,2/22/2024,Tier3,11975,5,560,Home,13,3,0.05,16,TRUE,44,52,26,Super-Spreader
4046,6/4/2024,Tier3,13319,2,550,Fashion,164,54,0.1,22,TRUE,89,52,31,Social Catalyst
4047,7/26/2023,Tier4+,11441,0,592,Fashion,1,0,0.08,227,FALSE,0,52,74,Ghost Reseller
4048,8/12/2023,Tier3,9760,1,326,Fashion,95,31,0.15,29,TRUE,69,39,34,Social Catalyst
4049,6/21/2023,Tier3,2449,0,544,Fashion,5,6,0.07,92,TRUE,42,41,48,Low-Engagement Reseller
4050,10/22/2023,Tier4+,940,0,389,Fashion,0,4,0.12,228,TRUE,40,33,74,Low-Engagement Reseller
4051,10/25/2023,Tier4+,3700,1,705,Fashion,110,37,0.15,8,FALSE,33,47,30,Social Catalyst
4052,4/10/2023,Tier3,5064,2,664,Fashion,61,22,0.14,2,TRUE,58,47,27,Social Catalyst
4053,6/18/2024,Tier4+,6768,0,381,Fashion,2,1,0.08,270,TRUE,41,39,82,Ghost Reseller
4054,2/14/2024,Tier4+,2048,1,663,Fashion,162,50,0.14,29,FALSE,49,44,34,Social Catalyst
4055,1/4/2024,Tier2,1790,0,458,Fashion,1,5,0.12,241,FALSE,0,37,76,Low-Engagement Reseller
4056,7/15/2023,Tier3,3529,4,739,Fashion,145,39,0.06,22,FALSE,44,50,28,Social Catalyst
4057,12/7/2023,Tier3,619,0,635,Fashion,2,1,0.12,161,TRUE,41,42,61,Low-Engagement Reseller
4058,4/2/2024,Tier3,2689,0,485,Mixed,5,7,0.14,249,TRUE,42,38,78,Low-Engagement Reseller
4059,7/18/2024,Tier4+,4107,0,327,Mixed,2,0,0.1,316,TRUE,41,34,91,Low-Engagement Reseller
4060,4/27/2023,Tier4+,3109,0,698,Beauty,1,4,0.07,142,FALSE,0,48,57,Niche Specialist
4061,2/7/2023,Tier4+,2098,0,592,Home,3,5,0.12,322,TRUE,41,42,92,Niche Specialist
4062,6/3/2023,Tier2,28805,0,490,Mixed,3,0,0.14,152,FALSE,1,64,59,Ghost Reseller
4063,4/5/2023,Tier3,9565,0,609,Fashion,0,4,0.15,276,FALSE,0,49,83,Ghost Reseller
4064,7/22/2023,Tier4+,2918,0,355,Mixed,5,6,0.13,271,TRUE,42,34,82,Low-Engagement Reseller
4065,9/29/2023,Tier4+,1956,2,590,Beauty,158,48,0.06,29,FALSE,47,43,33,Low-Engagement Reseller
4066,3/13/2023,Tier2,806,0,349,Beauty,0,3,0.06,165,TRUE,40,33,62,Low-Engagement Reseller
4067,8/6/2023,Tier3,7162,0,518,Home,4,0,0.09,288,FALSE,1,45,85,Ghost Reseller
4068,1/18/2024,Tier3,16751,4,572,Fashion,178,53,0.07,9,FALSE,53,57,26,Social Catalyst
4069,4/8/2024,Tier3,4811,4,590,Fashion,12,0,0.11,7,FALSE,4,45,25,Low-Engagement Reseller
4070,10/13/2023,Tier3,18096,0,591,Fashion,4,1,0.13,221,TRUE,41,58,72,Ghost Reseller
4071,10/4/2024,Tier4+,29432,0,445,Home,0,0,0.05,267,TRUE,40,65,81,Ghost Reseller
4072,4/24/2024,Tier2,5077,0,304,Fashion,5,1,0.13,83,TRUE,42,34,46,Ghost Reseller
4073,2/23/2024,Tier2,3900,1,744,Fashion,165,48,0.12,4,FALSE,50,49,29,Social Catalyst
4074,5/16/2024,Tier2,2128,0,352,Fashion,5,3,0.05,46,TRUE,42,34,39,Low-Engagement Reseller
4075,1/5/2024,Tier3,7063,0,785,Home,2,6,0.11,290,FALSE,1,54,86,Ghost Reseller
4076,4/11/2023,Tier3,2373,2,516,Mixed,39,9,0.07,6,FALSE,12,40,28,Low-Engagement Reseller
4077,12/24/2023,Tier4+,10534,1,636,Home,122,33,0.08,30,TRUE,77,53,34,Niche Specialist
4078,2/25/2023,Tier4+,42031,0,353,Beauty,0,0,0.08,289,FALSE,0,74,85,Ghost Reseller
4079,8/16/2024,Tier3,1359,0,609,Home,2,0,0.07,116,FALSE,1,43,52,Low-Engagement Reseller
4080,8/5/2024,Tier3,3623,0,453,Fashion,0,5,0.11,172,FALSE,0,38,63,Low-Engagement Reseller
4081,2/4/2024,Tier4+,9177,2,691,Home,153,43,0.15,13,FALSE,46,52,29,Niche Specialist
4082,1/20/2024,Tier3,1692,0,487,Fashion,0,0,0.08,48,TRUE,40,38,39,Low-Engagement Reseller
4083,8/31/2023,Tier4+,11393,0,376,Beauty,3,0,0.08,306,FALSE,1,44,89,Ghost Reseller
4084,10/20/2023,Tier2,2958,0,551,Fashion,1,5,0.12,58,TRUE,40,41,41,Low-Engagement Reseller
4085,5/6/2023,Tier2,2120,3,564,Home,149,49,0.13,29,TRUE,85,41,31,Niche Specialist
4086,4/20/2023,Tier4+,3372,0,682,Home,1,2,0.14,287,FALSE,0,46,85,Niche Specialist
4087,9/15/2023,Tier3,5360,0,531,Fashion,0,0,0.15,288,TRUE,40,42,85,Ghost Reseller
4088,10/15/2023,Tier2,29289,1,739,Fashion,92,23,0.08,14,FALSE,28,75,31,Social Catalyst
4089,1/14/2023,Tier3,2755,0,336,Fashion,5,6,0.15,357,FALSE,2,32,98,Low-Engagement Reseller
4090,4/19/2024,Tier4+,1826,0,632,Home,1,0,0.12,44,FALSE,0,43,38,Low-Engagement Reseller
4091,12/5/2024,Tier4+,14473,1,382,Fashion,124,36,0.13,8,FALSE,37,46,30,Social Catalyst
4092,12/12/2023,Tier3,28662,1,317,Fashion,189,61,0.11,22,FALSE,57,58,33,Social Catalyst
4093,9/24/2023,Tier4+,2108,2,505,Home,174,47,0.15,25,TRUE,92,38,32,Niche Specialist
4094,8/28/2023,Tier3,6214,0,402,Fashion,5,4,0.07,227,TRUE,42,40,74,Ghost Reseller
4095,4/20/2024,Tier2,8465,0,482,Fashion,2,0,0.07,234,FALSE,1,45,75,Ghost Reseller
4096,12/5/2023,Tier3,1697,2,596,Beauty,159,46,0.05,8,FALSE,48,43,29,Low-Engagement Reseller
4097,9/24/2023,Tier2,9044,0,304,Beauty,4,6,0.14,195,TRUE,41,38,67,Ghost Reseller
4098,1/8/2024,Tier2,267,0,690,Fashion,0,5,0.12,55,FALSE,0,44,41,Low-Engagement Reseller
4099,7/4/2023,Tier2,2584,0,518,Home,4,3,0.09,38,TRUE,41,40,37,Niche Specialist
4100,5/24/2023,Tier3,8635,0,754,Fashion,3,0,0.08,148,FALSE,1,55,58,Ghost Reseller
4101,5/3/2023,Tier4+,2499,2,759,Home,149,40,0.08,11,TRUE,85,49,29,Niche Specialist
4102,9/19/2024,Tier4+,5682,0,326,Fashion,0,0,0.06,78,FALSE,0,37,45,Ghost Reseller
4103,11/28/2024,Tier3,2008,2,580,Beauty,194,58,0.14,12,FALSE,58,41,29,Niche Specialist
4104,6/10/2024,Tier4+,170,2,610,Mixed,99,33,0.12,12,FALSE,30,41,29,Low-Engagement Reseller
4105,3/9/2023,Tier3,1102,2,718,Fashion,16,8,0.1,20,FALSE,5,46,31,Low-Engagement Reseller
4106,3/23/2024,Tier3,9313,0,655,Beauty,2,0,0.06,254,FALSE,1,53,79,Ghost Reseller
4107,9/25/2024,Tier3,12310,0,389,Fashion,0,1,0.07,110,TRUE,40,45,51,Ghost Reseller
4108,7/23/2023,Tier4+,2461,0,343,Fashion,3,2,0.06,315,FALSE,1,34,90,Low-Engagement Reseller
4109,12/11/2024,Tier2,9798,0,506,Fashion,3,2,0.15,212,TRUE,41,46,71,Ghost Reseller
4110,11/10/2024,Tier2,11879,0,654,Fashion,5,7,0.13,132,FALSE,2,54,55,Ghost Reseller
4111,3/5/2024,Tier2,4224,2,717,Home,82,26,0.14,22,FALSE,25,48,31,Niche Specialist
4112,4/16/2024,Tier4+,6114,3,694,Home,186,53,0.1,9,FALSE,56,50,27,Niche Specialist
4113,1/10/2024,Tier3,1680,0,351,Beauty,0,0,0.15,142,TRUE,40,32,57,Low-Engagement Reseller
4114,9/7/2023,Tier2,1450,0,771,Beauty,4,0,0.07,38,FALSE,1,49,37,Low-Engagement Reseller
4115,9/28/2023,Tier3,2042,2,648,Beauty,26,12,0.06,1,FALSE,8,45,27,Niche Specialist
4116,2/2/2023,Tier3,2696,1,634,Beauty,76,20,0.1,25,FALSE,23,44,33,Niche Specialist
4117,1/21/2023,Tier2,897,0,467,Fashion,1,0,0.15,220,FALSE,0,35,72,Low-Engagement Reseller
4118,8/29/2024,Tier3,6279,0,724,Fashion,0,0,0.05,59,FALSE,0,52,41,Ghost Reseller
4119,1/10/2023,Tier2,1583,0,516,Fashion,2,0,0.13,115,FALSE,1,38,52,Low-Engagement Reseller
4120,7/1/2023,Tier3,1326,0,727,Fashion,0,0,0.14,312,TRUE,40,46,90,Low-Engagement Reseller
4121,2/29/2024,Tier4+,2295,0,618,Fashion,3,0,0.06,263,TRUE,41,44,80,Low-Engagement Reseller
4122,7/24/2023,Tier4+,441,0,374,Fashion,4,0,0.13,233,TRUE,41,32,75,Low-Engagement Reseller
4123,4/4/2023,Tier2,3721,1,366,Mixed,200,64,0.14,9,TRUE,100,35,30,Low-Engagement Reseller
4124,4/6/2023,Tier2,3916,0,741,Home,4,0,0.1,209,FALSE,1,50,70,Niche Specialist
4125,12/17/2023,Tier3,3642,0,641,Fashion,4,1,0.07,329,FALSE,1,46,93,Low-Engagement Reseller
4126,4/4/2024,Tier4+,1515,0,478,Fashion,0,0,0.11,319,TRUE,40,37,91,Low-Engagement Reseller
4127,11/20/2024,Tier4+,7541,4,772,Mixed,50,18,0.05,15,FALSE,15,55,27,Low-Engagement Reseller
4128,8/12/2024,Tier4+,1921,0,314,Fashion,1,2,0.13,226,FALSE,0,31,73,Low-Engagement Reseller
4129,3/27/2023,Tier2,2836,2,700,Fashion,45,10,0.05,19,FALSE,14,48,31,Low-Engagement Reseller
4130,6/15/2023,Tier4+,13499,0,701,Home,2,0,0.07,72,FALSE,1,58,44,Ghost Reseller
4131,4/27/2023,Tier3,15141,0,717,Fashion,0,1,0.15,172,FALSE,0,59,63,Ghost Reseller
4132,10/15/2024,Tier3,1201,0,621,Fashion,3,6,0.05,274,FALSE,1,43,83,Low-Engagement Reseller
4133,12/16/2024,Tier3,7016,0,784,Home,2,1,0.07,193,TRUE,41,55,67,Ghost Reseller
4134,3/2/2023,Tier4+,2132,3,481,Fashion,122,36,0.14,5,FALSE,37,37,26,Social Catalyst
4135,6/12/2024,Tier3,748,0,426,Mixed,0,4,0.14,115,TRUE,40,34,52,Low-Engagement Reseller
4136,3/7/2023,Tier4+,1022,2,442,Home,16,0,0.15,1,FALSE,5,35,27,Low-Engagement Reseller
4137,12/13/2023,Tier2,2937,0,703,Home,5,2,0.08,123,FALSE,2,48,54,Niche Specialist
4138,2/19/2023,Tier3,372,2,429,Home,91,32,0.08,3,FALSE,27,35,28,Low-Engagement Reseller
4139,4/27/2023,Tier3,1657,2,423,Mixed,17,6,0.06,30,FALSE,5,36,33,Low-Engagement Reseller
4140,3/15/2023,Tier2,23184,4,338,Fashion,65,15,0.06,17,FALSE,20,55,27,Social Catalyst
4141,9/14/2024,Tier3,576,5,587,Fashion,46,12,0.14,30,TRUE,54,40,28,Low-Engagement Reseller
4142,7/8/2024,Tier4+,3291,2,346,Home,187,54,0.06,6,FALSE,56,35,28,Niche Specialist
4143,6/24/2023,Tier2,1314,2,626,Beauty,188,60,0.12,11,TRUE,96,42,29,Low-Engagement Reseller
4144,9/21/2024,Tier3,6388,0,428,Mixed,0,3,0.05,146,FALSE,0,41,58,Ghost Reseller
4145,2/16/2023,Tier3,16059,0,799,Fashion,5,0,0.11,112,TRUE,42,64,51,Ghost Reseller
4146,6/22/2023,Tier2,6931,0,718,Home,1,0,0.13,235,TRUE,40,51,75,Ghost Reseller
4147,1/3/2023,Tier2,16080,3,634,Mixed,179,55,0.06,18,FALSE,54,59,29,Low-Engagement Reseller
4148,6/28/2024,Tier4+,3837,0,509,Beauty,2,0,0.06,212,FALSE,1,42,71,Niche Specialist
4149,3/1/2023,Tier4+,6431,0,541,Home,5,7,0.11,168,FALSE,2,45,62,Ghost Reseller
4150,1/11/2024,Tier3,3332,0,516,Home,0,4,0.09,239,FALSE,0,41,76,Niche Specialist
4151,10/22/2024,Tier3,5952,3,708,Home,25,12,0.13,26,FALSE,8,50,30,Niche Specialist
4152,10/19/2023,Tier3,10161,0,398,Home,5,0,0.1,212,FALSE,2,43,71,Ghost Reseller
4153,9/13/2023,Tier3,8207,1,755,Home,105,32,0.05,15,FALSE,32,56,31,Niche Specialist
4154,7/28/2023,Tier4+,8059,0,359,Home,2,0,0.1,293,FALSE,1,40,86,Ghost Reseller
4155,11/23/2023,Tier4+,2413,1,342,Home,149,44,0.09,5,TRUE,85,33,29,Niche Specialist
4156,3/20/2024,Tier4+,2160,0,791,Mixed,3,6,0.1,194,FALSE,1,50,67,Low-Engagement Reseller
4157,4/20/2024,Tier3,7374,0,325,Fashion,5,6,0.08,172,FALSE,2,38,63,Ghost Reseller
4158,7/27/2023,Tier4+,4642,3,503,Fashion,79,28,0.06,13,FALSE,24,42,28,Social Catalyst
4159,5/14/2023,Tier4+,2675,2,488,Fashion,60,23,0.11,30,FALSE,18,39,33,Social Catalyst
4160,8/28/2024,Tier4+,1846,1,764,Fashion,162,50,0.11,0,FALSE,49,48,29,Social Catalyst
4161,6/17/2023,Tier4+,934,0,360,Fashion,1,0,0.14,128,FALSE,0,32,55,Low-Engagement Reseller
4162,11/14/2024,Tier2,3635,0,585,Fashion,1,0,0.07,124,FALSE,0,44,54,Low-Engagement Reseller
4163,11/6/2023,Tier3,603,0,667,Fashion,3,2,0.15,136,FALSE,1,43,56,Low-Engagement Reseller
4164,12/4/2023,Tier3,2320,0,399,Fashion,5,0,0.15,182,FALSE,2,34,65,Low-Engagement Reseller
4165,4/14/2024,Tier3,1509,0,574,Mixed,1,0,0.08,281,FALSE,0,41,84,Low-Engagement Reseller
4166,7/23/2024,Tier2,8946,0,610,Beauty,4,0,0.06,127,FALSE,1,51,54,Ghost Reseller
4167,3/13/2024,Tier2,1720,0,303,Home,4,0,0.08,341,FALSE,1,31,95,Low-Engagement Reseller
4168,12/19/2023,Tier2,7006,0,566,Home,3,2,0.15,313,FALSE,1,45,90,Ghost Reseller
4169,6/9/2023,Tier3,3890,0,353,Mixed,3,0,0.09,353,FALSE,1,35,98,Low-Engagement Reseller
4170,10/28/2023,Tier3,2780,0,710,Beauty,5,0,0.05,58,TRUE,42,48,41,Niche Specialist
4171,3/13/2023,Tier2,2838,1,362,Fashion,139,46,0.15,21,FALSE,42,33,33,Social Catalyst
4172,6/16/2023,Tier3,1299,0,510,Home,0,5,0.08,97,FALSE,0,39,49,Low-Engagement Reseller
4173,5/16/2023,Tier3,1337,3,529,Beauty,153,43,0.07,22,FALSE,46,40,30,Low-Engagement Reseller
4174,10/30/2024,Tier2,3333,3,377,Home,106,27,0.1,30,FALSE,32,35,31,Niche Specialist
4175,5/9/2024,Tier3,1298,2,348,Beauty,46,19,0.05,15,FALSE,14,33,30,Low-Engagement Reseller
4176,8/1/2024,Tier3,1356,0,362,Fashion,1,0,0.09,92,FALSE,0,33,48,Low-Engagement Reseller
4177,4/29/2023,Tier3,2753,0,549,Fashion,5,4,0.07,274,FALSE,2,42,83,Low-Engagement Reseller
4178,9/17/2023,Tier2,1938,2,749,Fashion,156,50,0.1,15,TRUE,87,48,30,Social Catalyst
4179,8/13/2024,Tier4+,624,0,774,Home,3,5,0.08,46,FALSE,1,48,39,Low-Engagement Reseller
4180,6/26/2024,Tier3,2968,2,338,Home,25,4,0.1,26,TRUE,48,34,32,Niche Specialist
4181,8/6/2023,Tier3,9099,0,741,Home,1,0,0.14,111,FALSE,0,54,51,Ghost Reseller
4182,1/7/2023,Tier3,292,0,682,Fashion,1,0,0.08,357,TRUE,40,44,98,Low-Engagement Reseller
4183,3/24/2023,Tier4+,2831,0,574,Home,0,0,0.05,157,TRUE,40,43,60,Niche Specialist
4184,5/17/2023,Tier3,11559,2,305,Fashion,136,40,0.12,3,FALSE,41,41,28,Social Catalyst
4185,9/13/2023,Tier2,2442,0,573,Fashion,4,5,0.08,56,FALSE,1,42,41,Low-Engagement Reseller
4186,2/26/2023,Tier3,26936,2,649,Fashion,142,39,0.1,11,FALSE,43,69,29,Social Catalyst
4187,10/25/2024,Tier2,2193,0,393,Home,3,5,0.07,64,FALSE,1,36,42,Niche Specialist
4188,11/23/2023,Tier3,6240,0,463,Home,1,0,0.11,137,FALSE,0,41,56,Ghost Reseller
4189,7/14/2023,Tier3,2252,1,724,Fashion,68,22,0.12,14,FALSE,20,47,31,Social Catalyst
4190,6/9/2024,Tier3,1237,0,632,Home,5,5,0.12,250,FALSE,2,43,78,Low-Engagement Reseller
4191,10/3/2023,Tier3,3399,1,785,Home,166,51,0.12,0,TRUE,90,50,29,Niche Specialist
4192,5/4/2024,Tier2,13604,0,668,Mixed,5,0,0.14,35,FALSE,2,56,37,Ghost Reseller
4193,3/10/2023,Tier4+,632,5,472,Home,109,31,0.14,13,FALSE,33,36,25,Low-Engagement Reseller
4194,7/29/2024,Tier3,973,0,400,Fashion,0,2,0.15,267,FALSE,0,33,81,Low-Engagement Reseller
4195,11/26/2023,Tier3,10532,0,516,Home,2,4,0.12,124,TRUE,41,47,54,Ghost Reseller
4196,4/13/2024,Tier3,13373,0,698,Fashion,4,0,0.06,311,FALSE,1,58,90,Ghost Reseller
4197,2/10/2023,Tier3,1345,0,310,Mixed,4,0,0.08,241,FALSE,1,31,76,Low-Engagement Reseller
4198,5/14/2024,Tier3,8470,0,390,Fashion,4,6,0.13,163,FALSE,1,40,61,Ghost Reseller
4199,7/31/2023,Tier3,2364,0,528,Fashion,0,0,0.11,270,TRUE,40,40,82,Low-Engagement Reseller
4200,6/11/2024,Tier4+,15057,1,487,Fashion,26,5,0.15,13,FALSE,8,50,31,Low-Engagement Reseller
4201,3/30/2023,Tier4+,8312,0,708,Fashion,4,1,0.13,312,TRUE,41,52,90,Ghost Reseller
4202,10/5/2023,Tier3,7402,0,384,Mixed,5,1,0.12,118,TRUE,42,39,53,Ghost Reseller
4203,2/7/2023,Tier4+,4130,17,427,Fashion,136,42,0.05,26,TRUE,81,39,9,Social Catalyst
4204,7/27/2024,Tier3,3551,2,755,Fashion,121,40,0.13,18,FALSE,36,49,30,Social Catalyst
4205,3/22/2023,Tier3,3799,0,487,Beauty,3,4,0.06,153,FALSE,1,41,59,Niche Specialist
4206,12/18/2023,Tier3,13663,0,505,Fashion,4,0,0.07,45,FALSE,1,51,39,Ghost Reseller
4207,3/17/2024,Tier2,1628,1,492,Fashion,46,11,0.09,20,FALSE,14,38,32,Low-Engagement Reseller
4208,5/4/2024,Tier2,4235,5,673,Beauty,98,34,0.12,5,FALSE,29,47,23,Niche Specialist
4209,2/20/2023,Tier2,38670,0,334,Home,0,5,0.07,326,TRUE,40,70,93,Ghost Reseller
4210,3/28/2024,Tier3,1716,0,670,Fashion,2,6,0.14,124,TRUE,41,44,54,Low-Engagement Reseller
4211,7/13/2023,Tier4+,8494,0,321,Home,1,0,0.06,174,FALSE,0,39,63,Ghost Reseller
4212,4/10/2023,Tier3,1230,1,364,Fashion,179,56,0.08,5,FALSE,54,33,29,Social Catalyst
4213,9/21/2023,Tier4+,2238,0,726,Home,5,0,0.1,129,FALSE,2,47,55,Niche Specialist
4214,3/5/2024,Tier2,4469,0,642,Home,3,6,0.05,330,FALSE,1,48,93,Niche Specialist
4215,8/7/2023,Tier2,3963,0,532,Home,5,3,0.13,318,TRUE,42,41,91,Niche Specialist
4216,3/19/2024,Tier3,19489,3,584,Home,121,40,0.14,15,TRUE,76,59,28,Niche Specialist
4217,3/23/2023,Tier3,3825,0,448,Home,2,0,0.1,123,FALSE,1,39,54,Niche Specialist
4218,8/2/2023,Tier4+,1440,1,486,Fashion,104,26,0.11,20,TRUE,71,37,32,Social Catalyst
4219,11/13/2023,Tier3,1107,0,472,Fashion,5,5,0.06,68,FALSE,2,38,43,Low-Engagement Reseller
4220,5/1/2023,Tier3,2610,0,728,Home,1,0,0.09,214,FALSE,0,48,71,Niche Specialist
4221,3/5/2024,Tier4+,3396,0,487,Fashion,1,0,0.12,192,FALSE,0,39,67,Low-Engagement Reseller
4222,8/18/2024,Tier4+,5285,0,795,Home,3,3,0.14,330,TRUE,41,52,93,Ghost Reseller
4223,1/18/2024,Tier3,4819,2,477,Home,118,33,0.11,19,FALSE,35,41,31,Niche Specialist
4224,11/20/2023,Tier4+,5061,3,457,Fashion,21,8,0.14,17,FALSE,6,39,29,Low-Engagement Reseller
4225,11/26/2023,Tier4+,2477,0,799,Fashion,0,4,0.12,102,FALSE,0,50,50,Low-Engagement Reseller
4226,3/24/2023,Tier2,5692,0,445,Home,3,4,0.13,305,FALSE,1,40,88,Ghost Reseller
4227,1/6/2023,Tier4+,4152,1,328,Home,169,56,0.14,6,FALSE,51,34,30,Niche Specialist
4228,2/15/2024,Tier4+,2191,1,579,Beauty,181,49,0.13,10,FALSE,54,41,30,Niche Specialist
4229,5/13/2023,Tier3,287,0,524,Beauty,2,0,0.14,209,FALSE,1,37,70,Low-Engagement Reseller
4230,1/11/2023,Tier3,9783,0,494,Fashion,3,0,0.12,244,TRUE,41,46,77,Ghost Reseller
4231,4/27/2023,Tier3,2272,0,313,Beauty,4,1,0.15,160,FALSE,1,31,61,Niche Specialist
4232,7/24/2024,Tier3,2829,0,319,Home,5,3,0.05,316,TRUE,42,34,91,Niche Specialist
4233,6/27/2024,Tier4+,2351,0,440,Home,2,0,0.15,37,TRUE,41,36,37,Niche Specialist
4234,11/28/2024,Tier3,1994,0,354,Fashion,5,6,0.1,176,TRUE,42,33,64,Low-Engagement Reseller
4235,2/18/2024,Tier3,3127,0,800,Beauty,5,6,0.09,226,TRUE,42,51,73,Niche Specialist
4236,10/27/2023,Tier3,10425,1,365,Fashion,187,52,0.11,19,TRUE,96,42,32,Social Catalyst
4237,12/3/2023,Tier4+,891,0,442,Fashion,5,5,0.13,238,FALSE,2,35,76,Low-Engagement Reseller
4238,5/10/2023,Tier3,1551,1,464,Fashion,24,7,0.15,18,FALSE,7,36,32,Low-Engagement Reseller
4239,4/7/2024,Tier2,3455,0,394,Home,5,0,0.12,105,FALSE,2,36,50,Niche Specialist
4240,12/8/2024,Tier3,1021,10,317,Home,59,15,0.08,7,TRUE,58,31,16,Low-Engagement Reseller
4241,7/12/2023,Tier2,7993,1,619,Beauty,18,9,0.08,13,FALSE,5,50,31,Niche Specialist
4242,8/23/2023,Tier3,4212,0,448,Mixed,3,1,0.07,276,FALSE,1,40,83,Low-Engagement Reseller
4243,5/26/2024,Tier3,19878,0,755,Home,5,2,0.11,274,FALSE,2,66,83,Ghost Reseller
4244,11/21/2024,Tier4+,991,0,759,Fashion,1,0,0.06,288,FALSE,0,48,85,Low-Engagement Reseller
4245,9/30/2024,Tier2,6847,0,637,Beauty,2,0,0.05,269,FALSE,1,50,82,Ghost Reseller
4246,7/19/2024,Tier3,1530,2,640,Fashion,132,45,0.05,23,FALSE,40,45,31,Social Catalyst
4247,3/9/2023,Tier3,1693,1,435,Fashion,188,57,0.12,11,FALSE,56,36,31,Social Catalyst
4248,10/10/2023,Tier4+,9759,1,775,Mixed,107,31,0.06,9,TRUE,72,58,30,Low-Engagement Reseller
4249,7/16/2024,Tier2,2991,1,483,Home,162,44,0.1,28,FALSE,49,39,34,Niche Specialist
4250,4/21/2023,Tier4+,19014,4,706,Beauty,105,28,0.1,18,FALSE,32,63,27,Niche Specialist
4251,9/24/2024,Tier4+,2177,2,412,Fashion,72,24,0.05,28,FALSE,22,37,32,Social Catalyst
4252,8/18/2024,Tier4+,9009,1,773,Beauty,23,2,0.11,30,TRUE,47,56,34,Niche Specialist
4253,11/4/2023,Tier4+,9279,0,358,Mixed,2,3,0.09,118,TRUE,41,41,53,Ghost Reseller
4254,3/28/2024,Tier4+,10187,2,718,Home,174,56,0.14,30,TRUE,92,54,33,Niche Specialist
4255,3/12/2023,Tier2,9891,17,365,Home,141,42,0.13,30,FALSE,42,41,10,Niche Specialist
4256,5/1/2024,Tier3,4072,0,406,Fashion,3,0,0.11,42,FALSE,1,37,38,Low-Engagement Reseller
4257,4/20/2024,Tier3,2398,1,747,Beauty,103,32,0.08,26,FALSE,31,49,33,Niche Specialist
4258,5/8/2023,Tier4+,21425,0,623,Fashion,0,0,0.1,350,TRUE,40,63,97,Ghost Reseller
4259,7/10/2023,Tier3,1183,0,597,Fashion,0,3,0.15,146,FALSE,0,41,58,Low-Engagement Reseller
4260,7/10/2023,Tier3,2175,5,704,Home,80,20,0.09,30,FALSE,24,47,28,Niche Specialist
4261,11/13/2023,Tier2,11924,2,488,Home,17,4,0.12,9,TRUE,45,48,29,Niche Specialist
4262,12/12/2024,Tier3,2211,0,484,Fashion,1,0,0.06,75,TRUE,40,39,44,Low-Engagement Reseller
4263,11/14/2024,Tier3,3431,0,784,Home,1,0,0.14,264,TRUE,40,50,81,Niche Specialist
4264,3/16/2024,Tier2,11750,0,714,Home,0,0,0.11,273,FALSE,0,56,82,Ghost Reseller
4265,2/23/2024,Tier4+,4070,0,653,Fashion,0,2,0.13,101,FALSE,0,46,49,Low-Engagement Reseller
4266,7/16/2023,Tier2,7000,1,792,Beauty,194,57,0.07,0,FALSE,58,55,29,Niche Specialist
4267,10/6/2023,Tier3,1892,0,309,Beauty,2,6,0.13,47,FALSE,1,31,39,Low-Engagement Reseller
4268,6/20/2024,Tier3,48273,0,521,Mixed,3,0,0.05,248,FALSE,1,87,78,Ghost Reseller
4269,9/5/2023,Tier3,2381,0,357,Fashion,3,0,0.12,322,FALSE,1,33,92,Low-Engagement Reseller
4270,11/25/2023,Tier4+,1164,17,795,Mixed,131,41,0.07,14,FALSE,39,50,7,Low-Engagement Reseller
4271,4/10/2024,Tier4+,8248,0,389,Fashion,5,0,0.05,58,TRUE,42,42,41,Ghost Reseller
4272,8/25/2023,Tier3,1625,0,386,Home,3,0,0.06,80,FALSE,1,35,45,Low-Engagement Reseller
4273,12/28/2024,Tier2,27662,0,792,Fashion,4,1,0.08,294,FALSE,1,76,86,Ghost Reseller
4274,9/26/2024,Tier3,4686,0,619,Beauty,4,5,0.15,190,FALSE,1,45,66,Niche Specialist
4275,8/27/2024,Tier3,2205,2,734,Fashion,62,20,0.06,18,FALSE,19,49,30,Social Catalyst
4276,5/29/2023,Tier4+,7279,0,706,Fashion,0,0,0.12,100,FALSE,0,51,49,Ghost Reseller
4277,6/18/2023,Tier3,6313,0,776,Beauty,4,3,0.11,339,FALSE,1,53,95,Ghost Reseller
4278,10/14/2023,Tier2,4824,4,398,Fashion,96,30,0.06,8,FALSE,29,39,26,Social Catalyst
4279,3/2/2024,Tier4+,768,4,776,Beauty,122,40,0.11,19,FALSE,37,48,28,Low-Engagement Reseller
4280,9/5/2024,Tier2,3791,2,359,Fashion,21,1,0.08,11,FALSE,6,36,29,Low-Engagement Reseller
4281,12/5/2024,Tier3,18010,5,792,Fashion,169,50,0.12,9,TRUE,91,65,24,Super-Spreader
4282,9/22/2023,Tier3,16339,0,529,Home,4,5,0.06,143,FALSE,1,55,57,Ghost Reseller
4283,5/13/2023,Tier2,3817,4,668,Beauty,128,42,0.12,14,TRUE,78,46,27,Niche Specialist
4284,1/8/2024,Tier2,4407,1,660,Fashion,196,61,0.1,0,FALSE,59,47,29,Social Catalyst
4285,6/20/2024,Tier4+,419,4,776,Fashion,169,49,0.05,29,FALSE,51,49,30,Social Catalyst
4286,1/8/2024,Tier3,2120,0,558,Fashion,1,5,0.11,245,TRUE,40,41,77,Low-Engagement Reseller
4287,4/24/2024,Tier4+,6742,0,603,Fashion,3,0,0.06,186,FALSE,1,48,66,Ghost Reseller
4288,5/15/2023,Tier2,5686,0,418,Fashion,2,0,0.1,273,FALSE,1,39,82,Ghost Reseller
4289,2/24/2024,Tier3,2320,0,619,Beauty,4,1,0.05,185,TRUE,41,45,65,Niche Specialist
4290,3/24/2024,Tier4+,3059,0,318,Home,2,6,0.11,79,FALSE,1,33,45,Niche Specialist
4291,4/8/2023,Tier4+,1280,1,495,Home,104,27,0.11,5,FALSE,31,38,29,Low-Engagement Reseller
4292,12/2/2024,Tier2,10756,12,756,Fashion,124,38,0.1,19,TRUE,77,57,16,Super-Spreader
4293,3/25/2024,Tier3,6128,0,596,Mixed,4,6,0.05,79,TRUE,41,47,45,Ghost Reseller
4294,3/11/2023,Tier2,8117,0,580,Fashion,5,0,0.15,293,TRUE,42,47,86,Ghost Reseller
4295,1/11/2023,Tier3,2670,1,789,Fashion,121,40,0.1,29,TRUE,76,50,34,Social Catalyst
4296,1/17/2024,Tier3,9634,0,762,Home,1,0,0.05,126,FALSE,0,57,54,Ghost Reseller
4297,1/28/2024,Tier4+,745,0,557,Mixed,1,0,0.06,191,TRUE,40,40,67,Low-Engagement Reseller
4298,3/21/2024,Tier4+,839,0,643,Beauty,2,0,0.06,345,FALSE,1,44,96,Low-Engagement Reseller
4299,8/15/2024,Tier3,3971,0,422,Mixed,4,0,0.1,163,TRUE,41,38,61,Low-Engagement Reseller
4300,3/18/2023,Tier4+,927,5,746,Home,173,54,0.15,29,TRUE,92,46,28,Low-Engagement Reseller
4301,5/18/2024,Tier2,3372,2,564,Home,20,3,0.15,23,TRUE,46,42,31,Niche Specialist
4302,6/26/2023,Tier2,5451,0,577,Fashion,0,2,0.06,98,FALSE,0,46,49,Ghost Reseller
4303,3/4/2023,Tier3,7347,2,359,Home,42,13,0.15,8,FALSE,13,38,29,Niche Specialist
4304,10/10/2023,Tier2,3000,0,521,Fashion,1,0,0.1,350,TRUE,40,41,97,Low-Engagement Reseller
4305,2/27/2023,Tier4+,3021,2,697,Mixed,12,0,0.09,17,FALSE,4,47,30,Low-Engagement Reseller
4306,7/28/2023,Tier3,2904,0,708,Home,4,0,0.11,326,FALSE,1,47,93,Niche Specialist
4307,9/22/2024,Tier2,1802,2,307,Mixed,176,48,0.07,3,FALSE,53,32,28,Low-Engagement Reseller
4308,7/2/2024,Tier3,2400,0,534,Fashion,2,0,0.14,94,FALSE,1,40,48,Low-Engagement Reseller
4309,8/21/2024,Tier3,7315,3,487,Fashion,179,55,0.1,10,FALSE,54,44,27,Social Catalyst
4310,3/15/2024,Tier2,2387,0,372,Home,0,2,0.13,294,TRUE,40,34,86,Niche Specialist
4311,12/17/2024,Tier2,3150,2,748,Home,45,12,0.12,10,FALSE,14,49,29,Niche Specialist
4312,10/10/2023,Tier3,2565,0,508,Beauty,5,4,0.1,94,FALSE,2,40,48,Niche Specialist
4313,3/15/2023,Tier2,1723,0,403,Fashion,3,0,0.14,228,TRUE,41,34,74,Low-Engagement Reseller
4314,12/8/2024,Tier3,2417,0,537,Fashion,0,1,0.06,212,FALSE,0,41,71,Low-Engagement Reseller
4315,11/8/2024,Tier4+,2716,2,472,Fashion,83,23,0.06,24,TRUE,65,39,32,Social Catalyst
4316,7/15/2023,Tier3,1429,2,317,Fashion,190,59,0.14,30,FALSE,57,31,33,Social Catalyst
4317,1/26/2023,Tier2,3766,1,455,Fashion,93,30,0.13,19,FALSE,28,38,32,Social Catalyst
4318,2/21/2023,Tier3,1469,0,475,Fashion,0,0,0.14,130,TRUE,40,36,55,Low-Engagement Reseller
4319,9/15/2024,Tier3,8098,0,583,Beauty,1,1,0.1,66,TRUE,40,48,43,Ghost Reseller
4320,10/14/2024,Tier4+,6879,1,427,Beauty,126,43,0.06,14,FALSE,38,42,31,Niche Specialist
4321,1/10/2024,Tier2,9211,1,354,Home,96,29,0.08,28,TRUE,69,41,34,Niche Specialist
4322,11/8/2023,Tier4+,5528,1,309,Fashion,169,47,0.1,14,TRUE,91,35,31,Social Catalyst
4323,11/23/2024,Tier2,1507,1,499,Home,194,58,0.09,15,FALSE,58,38,31,Low-Engagement Reseller
4324,5/4/2024,Tier3,7449,0,455,Fashion,1,1,0.12,75,TRUE,40,42,44,Ghost Reseller
4325,2/21/2024,Tier4+,10934,5,749,Mixed,50,20,0.09,12,FALSE,15,57,25,Super-Spreader
4326,8/7/2024,Tier4+,2743,2,531,Fashion,134,41,0.13,23,FALSE,40,40,31,Social Catalyst
4327,9/6/2024,Tier2,9403,0,375,Fashion,3,0,0.1,269,TRUE,41,41,82,Ghost Reseller
4328,3/28/2024,Tier2,2002,0,344,Home,2,4,0.13,261,FALSE,1,32,80,Niche Specialist
4329,8/27/2023,Tier2,11640,1,651,Beauty,96,25,0.12,0,TRUE,69,54,29,Niche Specialist
4330,9/5/2023,Tier3,1457,0,425,Fashion,2,6,0.14,358,TRUE,41,35,99,Low-Engagement Reseller
4331,4/13/2023,Tier2,13298,0,460,Beauty,0,0,0.08,97,TRUE,40,49,49,Ghost Reseller
4332,6/29/2023,Tier4+,2885,0,306,Home,5,5,0.14,221,FALSE,2,32,72,Niche Specialist
4333,12/8/2023,Tier3,2566,1,547,Fashion,69,16,0.11,18,FALSE,21,41,32,Social Catalyst
4334,2/11/2023,Tier3,1696,0,733,Fashion,0,1,0.09,289,FALSE,0,47,85,Low-Engagement Reseller
4335,11/2/2023,Tier2,26285,0,642,Fashion,4,1,0.13,80,FALSE,1,68,45,Ghost Reseller
4336,4/16/2024,Tier3,9197,0,788,Fashion,1,5,0.08,97,FALSE,0,57,49,Ghost Reseller
4337,11/29/2024,Tier4+,2800,0,479,Fashion,4,0,0.09,358,FALSE,1,39,99,Low-Engagement Reseller
4338,5/11/2024,Tier4+,1216,0,552,Mixed,2,0,0.08,335,FALSE,1,40,94,Low-Engagement Reseller
4339,9/24/2023,Tier4+,3412,0,626,Beauty,5,5,0.05,288,TRUE,42,46,85,Niche Specialist
4340,6/24/2024,Tier2,3541,0,600,Mixed,3,0,0.05,202,TRUE,41,45,69,Low-Engagement Reseller
4341,8/13/2024,Tier3,6400,5,728,Fashion,157,45,0.14,30,TRUE,87,51,28,Social Catalyst
4342,3/7/2024,Tier3,1039,0,402,Fashion,1,5,0.06,144,FALSE,0,35,58,Low-Engagement Reseller
4343,6/3/2024,Tier3,4412,16,668,Mixed,46,11,0.15,20,FALSE,14,46,10,Low-Engagement Reseller
4344,12/12/2024,Tier4+,1053,0,364,Fashion,0,0,0.12,348,TRUE,40,32,97,Low-Engagement Reseller
4345,1/25/2023,Tier4+,1078,0,486,Fashion,3,0,0.14,296,FALSE,1,37,87,Low-Engagement Reseller
4346,5/19/2024,Tier3,27538,2,369,Fashion,92,29,0.05,28,FALSE,28,60,32,Social Catalyst
4347,10/19/2023,Tier3,9463,4,321,Mixed,40,17,0.11,4,FALSE,12,39,25,Low-Engagement Reseller
4348,11/18/2023,Tier4+,3690,0,513,Beauty,1,0,0.12,101,TRUE,40,41,49,Niche Specialist
4349,5/8/2024,Tier3,10877,5,732,Home,134,41,0.13,7,FALSE,40,56,24,Super-Spreader
4350,10/31/2024,Tier4+,5862,1,517,Fashion,68,23,0.06,7,TRUE,60,44,30,Social Catalyst
4351,12/28/2024,Tier4+,961,2,475,Home,61,22,0.13,24,TRUE,58,36,32,Low-Engagement Reseller
4352,11/2/2023,Tier3,1255,2,428,Home,152,44,0.06,29,TRUE,86,36,33,Low-Engagement Reseller
4353,8/31/2023,Tier3,3950,0,466,Fashion,5,6,0.15,235,TRUE,42,38,75,Low-Engagement Reseller
4354,1/21/2024,Tier4+,5968,0,366,Fashion,1,2,0.09,35,FALSE,0,38,37,Ghost Reseller
4355,8/2/2024,Tier3,1426,0,456,Mixed,4,2,0.15,198,FALSE,1,36,68,Low-Engagement Reseller
4356,7/2/2024,Tier2,2400,2,451,Home,175,48,0.11,8,FALSE,53,37,29,Niche Specialist
4357,3/29/2023,Tier3,277,5,589,Fashion,119,31,0.15,4,FALSE,36,39,23,Social Catalyst
4358,2/6/2024,Tier3,2870,1,607,Home,158,45,0.15,29,FALSE,47,43,34,Niche Specialist
4359,5/6/2024,Tier4+,16789,0,795,Home,1,1,0.14,73,TRUE,40,64,44,Ghost Reseller
4360,3/1/2024,Tier4+,563,0,757,Home,1,4,0.09,211,FALSE,0,47,70,Low-Engagement Reseller
4361,11/13/2023,Tier3,11653,0,716,Fashion,4,2,0.11,183,TRUE,41,56,65,Ghost Reseller
4362,5/11/2024,Tier3,8515,2,371,Home,127,34,0.07,2,TRUE,78,41,27,Niche Specialist
4363,5/2/2024,Tier2,1444,0,727,Fashion,1,2,0.07,271,FALSE,0,47,82,Low-Engagement Reseller
4364,4/11/2023,Tier3,3462,0,678,Fashion,1,1,0.07,324,FALSE,0,47,92,Low-Engagement Reseller
4365,2/23/2023,Tier3,3351,0,665,Beauty,0,3,0.12,214,FALSE,0,46,71,Niche Specialist
4366,12/9/2024,Tier3,5499,0,542,Home,0,1,0.14,363,FALSE,0,43,100,Ghost Reseller
4367,5/26/2023,Tier3,9912,2,652,Fashion,64,21,0.1,1,TRUE,59,52,27,Social Catalyst
4368,9/1/2024,Tier3,6877,0,561,Fashion,1,2,0.12,92,FALSE,0,46,48,Ghost Reseller
4369,6/10/2024,Tier3,1916,1,458,Home,134,39,0.1,2,TRUE,80,37,29,Low-Engagement Reseller
4370,4/7/2023,Tier4+,1916,0,468,Fashion,5,0,0.15,279,FALSE,2,36,84,Low-Engagement Reseller
4371,6/15/2023,Tier2,1789,0,556,Home,3,0,0.13,191,FALSE,1,40,67,Low-Engagement Reseller
4372,11/25/2024,Tier4+,2383,0,750,Beauty,0,0,0.06,35,FALSE,0,49,37,Niche Specialist
4373,5/11/2023,Tier2,2600,2,689,Fashion,181,50,0.09,12,TRUE,94,47,29,Social Catalyst
4374,4/1/2024,Tier3,6292,0,439,Fashion,1,0,0.12,185,FALSE,0,40,65,Ghost Reseller
4375,9/11/2024,Tier3,1450,0,377,Fashion,4,0,0.1,70,FALSE,1,34,43,Low-Engagement Reseller
4376,3/20/2024,Tier3,3801,2,418,Mixed,90,26,0.06,21,TRUE,67,38,31,Low-Engagement Reseller
4377,9/30/2024,Tier3,1802,0,583,Mixed,1,4,0.11,358,FALSE,0,41,99,Low-Engagement Reseller
4378,4/22/2024,Tier2,5091,1,438,Fashion,119,36,0.11,26,FALSE,36,39,33,Social Catalyst
4379,11/26/2024,Tier3,13455,1,678,Fashion,75,20,0.11,29,TRUE,63,57,34,Social Catalyst
4380,3/7/2024,Tier2,2770,0,671,Fashion,0,1,0.05,194,FALSE,0,47,67,Low-Engagement Reseller
4381,3/9/2024,Tier2,1837,2,344,Fashion,52,15,0.12,4,FALSE,16,32,28,Social Catalyst
4382,8/27/2024,Tier2,9095,5,439,Beauty,75,23,0.12,17,TRUE,63,43,26,Niche Specialist
4383,11/19/2023,Tier4+,1476,4,590,Fashion,112,33,0.12,22,FALSE,34,41,28,Social Catalyst
4384,2/26/2024,Tier4+,32008,2,662,Mixed,108,32,0.1,10,FALSE,32,75,29,Low-Engagement Reseller
4385,3/13/2024,Tier2,2408,0,601,Mixed,4,0,0.11,344,FALSE,1,43,96,Low-Engagement Reseller
4386,5/28/2023,Tier3,4485,0,381,Beauty,2,5,0.15,322,FALSE,1,36,92,Niche Specialist
4387,5/11/2024,Tier3,57242,2,377,Fashion,196,56,0.14,1,TRUE,99,89,27,Social Catalyst
4388,2/20/2023,Tier3,1506,0,533,Fashion,4,5,0.14,170,FALSE,1,39,63,Low-Engagement Reseller
4389,5/25/2023,Tier3,9292,0,310,Fashion,5,3,0.09,291,TRUE,42,39,86,Ghost Reseller
4390,4/8/2023,Tier4+,8448,0,583,Fashion,1,0,0.12,76,TRUE,40,48,45,Ghost Reseller
4391,5/18/2024,Tier3,727,0,410,Fashion,4,3,0.15,88,FALSE,1,33,47,Low-Engagement Reseller
4392,5/12/2023,Tier4+,10419,0,665,Fashion,1,2,0.15,42,FALSE,0,52,38,Ghost Reseller
4393,3/23/2024,Tier4+,4864,2,379,Fashion,193,53,0.09,6,TRUE,98,37,28,Social Catalyst
4394,10/4/2023,Tier3,3649,3,700,Mixed,68,16,0.09,0,FALSE,20,48,26,Low-Engagement Reseller
4395,10/14/2023,Tier3,14038,1,554,Beauty,112,39,0.15,18,TRUE,74,52,32,Niche Specialist
4396,9/17/2024,Tier4+,3212,0,546,Beauty,5,0,0.11,326,FALSE,2,41,93,Niche Specialist
4397,5/16/2023,Tier4+,26836,0,446,Beauty,1,0,0.1,245,TRUE,40,62,77,Ghost Reseller
4398,7/1/2024,Tier4+,3246,1,705,Home,97,26,0.13,12,TRUE,69,47,31,Niche Specialist
4399,11/26/2023,Tier3,1272,1,538,Fashion,141,45,0.08,25,TRUE,82,40,33,Social Catalyst
4400,6/19/2023,Tier3,1209,1,675,Fashion,176,48,0.09,6,FALSE,53,45,30,Social Catalyst
4401,10/9/2023,Tier3,4660,2,759,Fashion,13,3,0.1,21,FALSE,4,51,31,Low-Engagement Reseller
4402,6/29/2023,Tier3,9063,2,705,Fashion,170,46,0.12,27,TRUE,91,53,32,Social Catalyst
4403,8/31/2024,Tier4+,3575,0,582,Fashion,2,3,0.07,68,FALSE,1,44,43,Low-Engagement Reseller
4404,3/1/2023,Tier2,5304,5,372,Mixed,141,44,0.09,11,FALSE,42,37,25,Low-Engagement Reseller
4405,5/26/2024,Tier3,17748,0,602,Beauty,1,3,0.09,68,FALSE,0,59,43,Ghost Reseller
4406,6/30/2023,Tier3,4688,1,768,Beauty,45,11,0.05,20,TRUE,54,52,32,Niche Specialist
4407,2/5/2023,Tier2,5222,5,608,Home,71,25,0.06,27,FALSE,21,47,28,Niche Specialist
4408,11/28/2024,Tier2,3244,0,723,Mixed,2,2,0.1,63,FALSE,1,48,42,Low-Engagement Reseller
4409,11/3/2024,Tier2,2892,2,355,Fashion,190,61,0.13,15,FALSE,57,34,30,Social Catalyst
4410,5/23/2024,Tier4+,3084,0,545,Home,1,0,0.05,324,FALSE,0,43,92,Niche Specialist
4411,4/5/2024,Tier4+,878,0,604,Fashion,4,5,0.14,168,TRUE,41,41,62,Low-Engagement Reseller
4412,11/21/2023,Tier2,20057,5,710,Home,34,11,0.11,27,FALSE,10,64,28,Super-Spreader
4413,1/2/2023,Tier4+,18366,0,429,Beauty,1,5,0.11,205,FALSE,0,52,69,Ghost Reseller
4414,12/7/2024,Tier4+,6750,0,342,Home,0,0,0.13,269,FALSE,0,37,82,Ghost Reseller
4415,7/13/2024,Tier3,3496,0,421,Fashion,2,6,0.1,79,FALSE,1,37,45,Low-Engagement Reseller
4416,5/8/2024,Tier3,12015,0,762,Fashion,4,0,0.15,355,FALSE,1,58,98,Ghost Reseller
4417,2/26/2023,Tier3,11328,0,455,Fashion,2,0,0.15,232,FALSE,1,45,74,Ghost Reseller
4418,3/6/2024,Tier4+,2489,0,381,Fashion,3,1,0.12,181,FALSE,1,34,65,Low-Engagement Reseller
4419,12/12/2024,Tier2,7698,0,445,Fashion,4,0,0.06,230,FALSE,1,43,74,Ghost Reseller
4420,6/23/2023,Tier2,2353,0,511,Fashion,3,0,0.07,55,TRUE,41,40,41,Low-Engagement Reseller
4421,2/19/2024,Tier2,353,1,574,Fashion,168,46,0.12,8,TRUE,90,39,30,Social Catalyst
4422,12/24/2023,Tier3,5035,0,407,Beauty,2,0,0.15,41,TRUE,41,37,38,Ghost Reseller
4423,5/23/2023,Tier4+,2551,0,412,Fashion,4,0,0.14,111,TRUE,41,35,51,Low-Engagement Reseller
4424,6/8/2024,Tier3,1366,1,366,Fashion,74,25,0.09,15,TRUE,62,33,31,Social Catalyst
4425,5/8/2024,Tier2,619,0,463,Fashion,0,0,0.15,100,TRUE,40,35,49,Low-Engagement Reseller
4426,1/13/2023,Tier3,2272,0,607,Fashion,0,2,0.08,329,FALSE,0,43,93,Low-Engagement Reseller
4427,8/28/2024,Tier4+,4378,0,753,Fashion,1,2,0.07,188,FALSE,0,51,66,Low-Engagement Reseller
4428,7/31/2023,Tier2,1918,0,313,Home,1,1,0.06,202,TRUE,40,32,69,Low-Engagement Reseller
4429,1/20/2023,Tier3,13098,1,627,Fashion,186,57,0.05,24,TRUE,96,56,33,Social Catalyst
4430,11/5/2024,Tier4+,2326,1,622,Beauty,157,52,0.11,6,FALSE,47,43,30,Niche Specialist
4431,11/17/2024,Tier3,1350,0,337,Mixed,4,2,0.08,170,FALSE,1,32,63,Low-Engagement Reseller
4432,12/13/2023,Tier3,39941,0,686,Mixed,5,0,0.07,96,FALSE,2,84,48,Ghost Reseller
4433,5/7/2023,Tier4+,9199,0,406,Fashion,0,5,0.12,111,FALSE,0,42,51,Ghost Reseller
4434,2/8/2023,Tier3,4022,0,668,Beauty,0,1,0.11,317,TRUE,40,47,91,Niche Specialist
4435,7/29/2024,Tier2,31381,0,787,Fashion,2,4,0.08,79,FALSE,1,79,45,Ghost Reseller
4436,7/19/2024,Tier2,24349,1,391,Home,200,65,0.14,12,FALSE,60,56,31,Niche Specialist
4437,4/4/2023,Tier3,1236,0,362,Fashion,1,0,0.07,217,TRUE,40,33,72,Low-Engagement Reseller
4438,11/6/2023,Tier3,8906,1,595,Fashion,89,25,0.06,21,TRUE,67,50,33,Social Catalyst
4439,5/27/2023,Tier3,799,0,571,Fashion,4,0,0.11,321,TRUE,41,40,92,Low-Engagement Reseller
4440,7/17/2024,Tier4+,9717,0,386,Home,1,0,0.09,132,TRUE,40,42,55,Ghost Reseller
4441,4/24/2023,Tier4+,672,3,535,Fashion,163,50,0.15,20,TRUE,89,38,29,Social Catalyst
4442,11/25/2024,Tier3,4891,1,341,Home,121,41,0.13,20,FALSE,36,35,32,Niche Specialist
4443,8/31/2023,Tier4+,22856,0,385,Fashion,3,4,0.08,204,TRUE,41,56,69,Ghost Reseller
4444,5/3/2024,Tier3,7797,0,526,Fashion,4,1,0.11,107,FALSE,1,45,51,Ghost Reseller
4445,4/6/2024,Tier3,2364,0,608,Home,3,0,0.11,303,TRUE,41,43,88,Niche Specialist
4446,7/21/2023,Tier3,2201,2,456,Fashion,127,39,0.15,10,TRUE,78,36,29,Social Catalyst
4447,6/30/2024,Tier4+,4169,0,550,Fashion,5,5,0.14,342,TRUE,42,42,96,Low-Engagement Reseller
4448,6/3/2023,Tier3,10354,0,549,Fashion,4,6,0.13,253,FALSE,1,48,79,Ghost Reseller
4449,8/21/2023,Tier2,1802,2,423,Beauty,106,30,0.09,21,FALSE,32,36,31,Low-Engagement Reseller
4450,6/17/2024,Tier3,9878,3,723,Home,153,43,0.14,29,FALSE,46,54,31,Niche Specialist
4451,6/8/2024,Tier4+,2416,2,596,Fashion,122,39,0.11,29,TRUE,77,43,33,Social Catalyst
4452,4/26/2023,Tier2,1499,9,436,Home,195,58,0.14,2,FALSE,59,35,17,Low-Engagement Reseller
4453,12/6/2024,Tier4+,10445,0,747,Fashion,2,0,0.14,58,TRUE,41,56,41,Ghost Reseller
4454,11/7/2024,Tier2,22699,0,417,Fashion,0,0,0.1,235,FALSE,0,56,75,Ghost Reseller
4455,11/25/2023,Tier4+,14726,0,566,Fashion,1,5,0.14,83,FALSE,0,53,46,Ghost Reseller
4456,4/19/2024,Tier2,1081,0,400,Home,5,6,0.12,329,FALSE,2,34,93,Low-Engagement Reseller
4457,5/26/2023,Tier4+,20370,0,437,Fashion,0,4,0.14,60,TRUE,40,54,42,Ghost Reseller
4458,10/15/2023,Tier3,9996,2,439,Mixed,154,45,0.06,17,TRUE,86,45,30,Low-Engagement Reseller
4459,10/16/2024,Tier4+,17442,1,427,Mixed,196,59,0.1,22,FALSE,59,51,33,Low-Engagement Reseller
4460,8/25/2024,Tier3,597,0,651,Mixed,5,7,0.13,77,FALSE,2,42,45,Low-Engagement Reseller
4461,6/17/2023,Tier3,8990,0,381,Fashion,0,0,0.05,337,FALSE,0,42,95,Ghost Reseller
4462,6/20/2024,Tier4+,13968,0,779,Home,5,5,0.11,225,FALSE,2,61,73,Ghost Reseller
4463,4/23/2023,Tier3,5265,0,399,Home,4,0,0.15,304,FALSE,1,37,88,Ghost Reseller
4464,2/2/2023,Tier4+,5618,0,500,Fashion,4,0,0.14,156,FALSE,1,42,60,Ghost Reseller
4465,5/22/2024,Tier2,9876,0,580,Home,5,6,0.15,40,FALSE,2,49,38,Ghost Reseller
4466,3/26/2024,Tier4+,2898,0,367,Mixed,5,3,0.07,316,FALSE,2,35,91,Low-Engagement Reseller
4467,11/5/2023,Tier4+,9339,0,616,Fashion,1,0,0.15,196,FALSE,0,49,68,Ghost Reseller
4468,7/23/2023,Tier4+,3002,2,661,Fashion,74,21,0.08,19,FALSE,22,46,31,Social Catalyst
4469,9/21/2024,Tier2,24602,1,348,Fashion,102,35,0.07,10,FALSE,31,56,30,Social Catalyst
4470,11/22/2024,Tier3,852,2,455,Fashion,12,2,0.14,26,FALSE,4,35,32,Low-Engagement Reseller
4471,1/22/2023,Tier4+,14601,1,656,Fashion,10,2,0.06,6,FALSE,3,58,30,Low-Engagement Reseller
4472,6/1/2024,Tier3,1269,2,353,Beauty,147,46,0.13,0,FALSE,44,32,27,Low-Engagement Reseller
4473,1/15/2024,Tier3,1011,0,580,Fashion,0,0,0.13,189,FALSE,0,40,66,Low-Engagement Reseller
4474,12/11/2024,Tier3,2979,0,475,Fashion,3,0,0.08,307,TRUE,41,39,89,Low-Engagement Reseller
4475,5/5/2024,Tier3,5636,0,800,Home,2,3,0.11,54,FALSE,1,53,40,Ghost Reseller
4476,2/19/2024,Tier3,1637,0,596,Home,5,0,0.11,282,TRUE,42,42,84,Low-Engagement Reseller
4477,4/5/2024,Tier3,1485,1,345,Beauty,58,13,0.08,27,TRUE,57,33,34,Low-Engagement Reseller
4478,10/26/2023,Tier3,1763,0,665,Home,0,0,0.08,143,FALSE,0,45,57,Low-Engagement Reseller
4479,2/11/2024,Tier3,23574,2,607,Fashion,128,38,0.09,4,FALSE,38,65,28,Social Catalyst
4480,10/29/2023,Tier3,3854,0,617,Home,1,1,0.05,107,TRUE,40,46,51,Niche Specialist
4481,4/6/2023,Tier4+,90211,0,579,Beauty,5,6,0.12,44,FALSE,2,130,38,Ghost Reseller
4482,10/27/2024,Tier4+,11269,0,358,Home,3,0,0.08,180,FALSE,1,43,65,Ghost Reseller
4483,3/6/2024,Tier3,10451,4,636,Fashion,71,24,0.1,24,TRUE,61,52,29,Social Catalyst
4484,5/13/2023,Tier4+,24358,1,420,Fashion,61,18,0.12,25,FALSE,18,58,33,Social Catalyst
4485,5/26/2023,Tier3,5814,0,341,Fashion,0,0,0.05,178,FALSE,0,38,64,Ghost Reseller
4486,9/23/2023,Tier3,4565,2,783,Beauty,152,42,0.12,14,FALSE,46,52,30,Niche Specialist
4487,10/29/2024,Tier4+,3193,0,744,Mixed,0,0,0.12,242,FALSE,0,49,76,Low-Engagement Reseller
4488,6/11/2023,Tier4+,2208,0,378,Home,1,4,0.12,116,FALSE,0,34,52,Niche Specialist
4489,7/7/2024,Tier3,2580,0,300,Fashion,3,1,0.06,170,TRUE,41,33,63,Low-Engagement Reseller
4490,3/16/2024,Tier4+,2140,0,744,Fashion,4,6,0.09,62,FALSE,1,48,42,Low-Engagement Reseller
4491,12/19/2023,Tier3,759,0,740,Fashion,5,0,0.11,174,FALSE,2,46,63,Low-Engagement Reseller
4492,6/25/2023,Tier2,4139,0,539,Home,4,0,0.12,178,FALSE,1,42,64,Niche Specialist
4493,9/15/2024,Tier3,7033,4,621,Home,61,13,0.13,28,FALSE,18,48,29,Niche Specialist
4494,8/10/2023,Tier2,5838,0,405,Home,4,0,0.06,88,FALSE,1,40,47,Ghost Reseller
4495,7/12/2023,Tier3,6293,0,514,Fashion,0,0,0.15,156,FALSE,0,43,60,Ghost Reseller
4496,12/8/2023,Tier2,933,0,762,Mixed,5,4,0.12,343,FALSE,2,47,96,Low-Engagement Reseller
4497,1/12/2023,Tier3,11824,1,629,Fashion,183,60,0.14,11,TRUE,95,53,31,Social Catalyst
4498,9/19/2024,Tier4+,3178,1,336,Fashion,190,52,0.09,18,FALSE,57,34,32,Social Catalyst
4499,5/17/2023,Tier3,1336,2,575,Beauty,147,43,0.15,1,TRUE,84,40,27,Low-Engagement Reseller
4500,7/16/2023,Tier2,523,0,504,Fashion,5,4,0.07,272,TRUE,42,38,82,Low-Engagement Reseller
4501,6/9/2024,Tier3,2706,0,576,Fashion,4,4,0.07,296,TRUE,41,43,87,Low-Engagement Reseller
4502,7/7/2023,Tier4+,17248,0,556,Fashion,1,0,0.12,198,FALSE,0,56,68,Ghost Reseller
4503,10/30/2024,Tier4+,9648,0,593,Beauty,5,0,0.11,51,TRUE,42,50,40,Ghost Reseller
4504,6/5/2023,Tier3,2260,1,550,Mixed,32,15,0.08,3,TRUE,50,41,29,Low-Engagement Reseller
4505,5/16/2023,Tier4+,3764,0,745,Home,5,5,0.09,282,FALSE,2,50,84,Niche Specialist
4506,4/5/2024,Tier3,6475,0,480,Fashion,2,1,0.05,334,TRUE,41,43,94,Ghost Reseller
4507,11/16/2024,Tier2,1006,1,718,Fashion,43,13,0.13,2,FALSE,13,45,29,Low-Engagement Reseller
4508,3/20/2024,Tier3,2988,1,408,Home,20,1,0.08,4,FALSE,6,37,29,Niche Specialist
4509,11/20/2023,Tier2,15749,0,735,Fashion,1,0,0.06,228,FALSE,0,62,74,Ghost Reseller
4510,1/7/2023,Tier2,17994,2,795,Fashion,159,51,0.11,2,TRUE,88,66,27,Social Catalyst
4511,10/22/2023,Tier3,493,0,730,Fashion,4,0,0.08,251,TRUE,41,46,78,Low-Engagement Reseller
4512,12/15/2024,Tier3,1113,0,377,Home,0,0,0.12,93,TRUE,40,33,48,Low-Engagement Reseller
4513,10/29/2024,Tier4+,9070,3,748,Fashion,35,15,0.15,16,FALSE,11,54,29,Low-Engagement Reseller
4514,10/5/2024,Tier3,9939,0,788,Home,5,0,0.05,121,FALSE,2,58,53,Ghost Reseller
4515,12/7/2023,Tier3,1931,2,378,Fashion,109,33,0.13,10,FALSE,33,34,29,Social Catalyst
4516,3/29/2023,Tier4+,845,1,573,Fashion,128,39,0.13,11,TRUE,78,40,31,Social Catalyst
4517,12/25/2024,Tier4+,4607,2,731,Fashion,136,40,0.11,18,TRUE,81,50,30,Social Catalyst
4518,6/15/2023,Tier3,1575,0,529,Fashion,1,0,0.15,219,FALSE,0,38,72,Low-Engagement Reseller
4519,10/2/2023,Tier3,30638,0,739,Fashion,3,3,0.12,44,TRUE,41,76,38,Ghost Reseller
4520,12/14/2023,Tier3,676,0,645,Fashion,1,4,0.08,63,FALSE,0,43,42,Low-Engagement Reseller
4521,3/15/2023,Tier3,3556,0,564,Home,2,4,0.09,174,FALSE,1,43,63,Niche Specialist
4522,2/7/2024,Tier4+,2364,1,704,Fashion,117,39,0.06,24,FALSE,35,48,33,Social Catalyst
4523,6/1/2023,Tier3,1216,3,733,Mixed,125,38,0.06,12,FALSE,38,48,28,Low-Engagement Reseller
4524,1/22/2023,Tier4+,1445,0,737,Home,2,0,0.08,49,FALSE,1,47,39,Low-Engagement Reseller
4525,12/17/2023,Tier4+,1050,0,352,Beauty,1,0,0.06,278,FALSE,0,33,83,Low-Engagement Reseller
4526,1/15/2023,Tier4+,12823,0,318,Fashion,3,4,0.07,233,FALSE,1,43,75,Ghost Reseller
4527,1/6/2024,Tier3,3349,1,379,Fashion,171,47,0.09,10,FALSE,51,36,30,Social Catalyst
4528,1/25/2024,Tier3,4045,0,451,Home,5,7,0.12,86,TRUE,42,39,46,Niche Specialist
4529,6/16/2023,Tier3,4269,2,704,Fashion,120,37,0.12,30,FALSE,36,48,33,Social Catalyst
4530,12/30/2024,Tier4+,5426,0,592,Mixed,4,0,0.09,139,TRUE,41,46,57,Ghost Reseller
4531,11/19/2024,Tier4+,1605,0,383,Mixed,2,0,0.09,324,TRUE,41,34,92,Low-Engagement Reseller
4532,9/24/2023,Tier3,8832,0,329,Fashion,2,1,0.06,200,TRUE,41,40,68,Ghost Reseller
4533,4/6/2023,Tier3,15206,1,348,Mixed,95,33,0.1,28,FALSE,29,46,34,Low-Engagement Reseller
4534,11/9/2024,Tier2,2558,0,371,Fashion,1,0,0.08,217,FALSE,0,35,72,Low-Engagement Reseller
4535,7/25/2023,Tier2,7605,0,565,Fashion,0,0,0.08,218,FALSE,0,47,72,Ghost Reseller
4536,9/21/2023,Tier4+,2766,0,541,Fashion,3,0,0.07,81,FALSE,1,42,46,Low-Engagement Reseller
4537,3/31/2024,Tier2,860,0,476,Home,1,2,0.08,171,FALSE,0,37,63,Low-Engagement Reseller
4538,3/20/2024,Tier4+,6229,0,384,Fashion,1,0,0.08,311,TRUE,40,39,90,Ghost Reseller
4539,4/3/2023,Tier2,9064,1,418,Home,169,54,0.15,3,FALSE,51,42,29,Niche Specialist
4540,7/8/2023,Tier4+,3541,0,583,Home,4,0,0.12,245,FALSE,1,43,77,Niche Specialist
4541,3/27/2023,Tier3,9879,0,565,Fashion,0,0,0.13,348,TRUE,40,48,97,Ghost Reseller
4542,2/15/2024,Tier3,1917,0,622,Fashion,3,1,0.12,89,TRUE,41,43,47,Low-Engagement Reseller
4543,3/25/2024,Tier4+,2228,1,702,Fashion,187,60,0.1,13,FALSE,56,47,31,Social Catalyst
4544,12/28/2024,Tier2,19238,0,583,Home,3,2,0.13,255,TRUE,41,59,79,Ghost Reseller
4545,4/29/2023,Tier2,13318,2,611,Fashion,192,62,0.15,24,FALSE,58,53,32,Social Catalyst
4546,11/9/2024,Tier3,2671,0,564,Fashion,4,0,0.05,333,FALSE,1,43,94,Low-Engagement Reseller
4547,6/7/2023,Tier3,2377,0,695,Home,3,0,0.05,121,FALSE,1,47,53,Niche Specialist
4548,8/18/2024,Tier2,5241,2,400,Beauty,188,57,0.06,24,FALSE,56,39,32,Niche Specialist
4549,12/28/2023,Tier2,1923,0,765,Fashion,0,0,0.12,112,FALSE,0,48,51,Low-Engagement Reseller
4550,11/30/2024,Tier4+,1384,2,567,Fashion,87,21,0.07,17,FALSE,26,41,30,Social Catalyst
4551,3/11/2024,Tier2,1851,3,742,Fashion,24,11,0.12,10,FALSE,7,47,27,Low-Engagement Reseller
4552,1/19/2024,Tier3,1417,0,541,Home,5,0,0.08,291,FALSE,2,40,86,Low-Engagement Reseller
4553,2/13/2024,Tier4+,32188,0,502,Beauty,4,3,0.11,166,FALSE,1,69,62,Ghost Reseller
4554,10/12/2024,Tier3,1673,0,499,Home,5,7,0.09,304,FALSE,2,39,88,Low-Engagement Reseller
4555,9/26/2024,Tier3,3336,1,714,Beauty,138,38,0.15,26,FALSE,41,47,33,Niche Specialist
4556,7/24/2023,Tier3,3457,1,640,Beauty,196,55,0.15,21,FALSE,59,44,33,Niche Specialist
4557,9/9/2024,Tier2,35945,0,782,Fashion,4,0,0.07,337,FALSE,1,84,95,Ghost Reseller
4558,3/12/2023,Tier3,12505,0,452,Home,2,2,0.08,198,TRUE,41,48,68,Ghost Reseller
4559,4/13/2023,Tier3,925,0,585,Fashion,5,7,0.05,197,FALSE,2,42,68,Low-Engagement Reseller
4560,4/18/2024,Tier2,3784,0,445,Fashion,5,3,0.13,259,FALSE,2,38,80,Low-Engagement Reseller
4561,8/14/2024,Tier3,521,1,753,Fashion,97,26,0.12,3,FALSE,29,46,29,Social Catalyst
4562,3/10/2023,Tier3,1818,0,570,Fashion,3,4,0.09,181,FALSE,1,41,65,Low-Engagement Reseller
4563,8/5/2023,Tier3,1536,0,484,Fashion,3,5,0.05,289,FALSE,1,39,85,Low-Engagement Reseller
4564,1/2/2023,Tier2,7137,1,699,Fashion,47,18,0.05,3,FALSE,14,52,29,Low-Engagement Reseller
4565,12/30/2024,Tier2,5365,0,370,Fashion,0,4,0.1,117,TRUE,40,37,52,Ghost Reseller
4566,9/29/2023,Tier3,10876,1,683,Home,90,23,0.13,9,FALSE,27,54,30,Niche Specialist
4567,6/27/2023,Tier3,29851,2,771,Beauty,128,39,0.08,2,TRUE,78,77,27,Niche Specialist
4568,9/23/2024,Tier4+,7106,0,610,Mixed,3,2,0.09,40,FALSE,1,48,38,Ghost Reseller
4569,4/25/2024,Tier3,21925,0,360,Home,1,1,0.15,233,TRUE,40,52,75,Ghost Reseller
4570,9/1/2023,Tier3,33573,3,596,Fashion,38,12,0.07,25,FALSE,11,75,30,Low-Engagement Reseller
4571,10/28/2024,Tier3,8284,0,386,Home,3,0,0.08,199,FALSE,1,41,68,Ghost Reseller
4572,8/28/2024,Tier3,23240,0,343,Beauty,3,0,0.14,138,FALSE,1,53,56,Ghost Reseller
4573,12/22/2023,Tier2,3635,2,626,Fashion,185,57,0.09,25,TRUE,96,45,32,Social Catalyst
4574,1/28/2024,Tier4+,12280,3,436,Fashion,48,10,0.07,15,FALSE,14,47,28,Low-Engagement Reseller
4575,4/16/2023,Tier3,6951,1,756,Mixed,128,43,0.06,28,FALSE,38,54,34,Low-Engagement Reseller
4576,1/6/2023,Tier2,5296,1,465,Fashion,19,11,0.09,1,TRUE,46,41,29,Low-Engagement Reseller
4577,11/15/2024,Tier2,1304,0,772,Home,0,2,0.12,35,FALSE,0,48,37,Low-Engagement Reseller
4578,2/4/2023,Tier4+,2306,0,323,Home,0,0,0.08,250,FALSE,0,33,78,Niche Specialist
4579,11/8/2023,Tier4+,2681,0,487,Fashion,2,5,0.05,157,FALSE,1,40,60,Low-Engagement Reseller
4580,1/6/2023,Tier4+,3156,2,307,Fashion,184,57,0.12,10,FALSE,55,32,29,Social Catalyst
4581,11/27/2024,Tier3,20376,0,620,Fashion,4,0,0.12,287,FALSE,1,61,85,Ghost Reseller
4582,2/9/2023,Tier3,1209,5,581,Home,60,23,0.13,22,FALSE,18,40,27,Low-Engagement Reseller
4583,6/16/2024,Tier3,1329,0,668,Fashion,1,0,0.09,103,FALSE,0,45,50,Low-Engagement Reseller
4584,7/11/2024,Tier4+,846,0,450,Fashion,0,0,0.13,307,TRUE,40,35,89,Low-Engagement Reseller
4585,12/3/2023,Tier4+,1275,0,322,Fashion,0,2,0.12,319,TRUE,40,31,91,Low-Engagement Reseller
4586,5/16/2023,Tier2,5513,5,533,Home,172,57,0.1,0,TRUE,92,44,23,Niche Specialist
4587,8/16/2024,Tier3,3857,2,462,Fashion,32,14,0.14,14,FALSE,10,38,30,Low-Engagement Reseller
4588,5/31/2023,Tier4+,3668,0,762,Fashion,1,4,0.06,301,TRUE,40,51,88,Low-Engagement Reseller
4589,11/3/2024,Tier2,5898,3,473,Beauty,74,17,0.13,13,FALSE,22,41,28,Niche Specialist
4590,5/12/2024,Tier3,4528,1,355,Fashion,140,43,0.13,3,FALSE,42,35,29,Social Catalyst
4591,7/6/2024,Tier4+,18585,3,672,Home,159,52,0.09,21,FALSE,48,62,30,Niche Specialist
4592,6/8/2023,Tier3,1401,0,763,Home,1,3,0.11,294,TRUE,40,48,86,Low-Engagement Reseller
4593,10/28/2023,Tier3,9569,0,304,Fashion,2,0,0.05,198,FALSE,1,40,68,Ghost Reseller
4594,8/21/2024,Tier4+,3631,2,794,Beauty,190,53,0.14,3,FALSE,57,51,28,Niche Specialist
4595,1/10/2023,Tier2,1715,1,346,Fashion,197,59,0.14,21,TRUE,99,32,33,Social Catalyst
4596,4/29/2023,Tier3,41931,0,558,Fashion,0,0,0.11,245,TRUE,40,81,77,Ghost Reseller
4597,9/12/2023,Tier4+,2479,0,714,Home,0,3,0.1,142,FALSE,0,47,57,Niche Specialist
4598,1/7/2023,Tier2,4400,0,361,Home,1,3,0.07,360,FALSE,0,37,99,Niche Specialist
4599,7/7/2023,Tier2,1016,0,764,Fashion,5,0,0.13,150,TRUE,42,47,59,Low-Engagement Reseller
4600,7/19/2023,Tier2,674,0,440,Beauty,0,0,0.08,310,TRUE,40,36,89,Low-Engagement Reseller
4601,3/5/2024,Tier4+,3186,0,424,Home,4,0,0.13,198,TRUE,41,36,68,Niche Specialist
4602,10/29/2023,Tier3,1252,4,765,Home,40,8,0.05,8,FALSE,12,49,26,Low-Engagement Reseller
4603,10/7/2023,Tier4+,8870,0,514,Beauty,1,4,0.1,106,TRUE,40,46,50,Ghost Reseller
4604,5/11/2023,Tier2,1145,2,672,Home,183,58,0.15,24,FALSE,55,43,32,Low-Engagement Reseller
4605,8/25/2023,Tier3,10809,0,336,Home,4,3,0.07,323,FALSE,1,42,92,Ghost Reseller
4606,3/30/2024,Tier3,6528,1,404,Fashion,169,52,0.14,8,FALSE,51,39,30,Social Catalyst
4607,5/18/2024,Tier4+,3146,1,389,Fashion,152,48,0.15,18,TRUE,86,35,32,Social Catalyst
4608,12/22/2023,Tier3,9142,2,771,Home,85,24,0.1,22,TRUE,66,56,31,Niche Specialist
4609,3/1/2024,Tier2,4363,2,598,Beauty,123,34,0.08,14,FALSE,37,45,30,Niche Specialist
4610,1/18/2023,Tier2,3901,0,373,Beauty,0,2,0.13,330,FALSE,0,35,93,Niche Specialist
4611,4/16/2024,Tier2,17908,0,695,Fashion,5,3,0.11,295,FALSE,2,62,87,Ghost Reseller
4612,3/24/2024,Tier2,6836,2,508,Beauty,122,37,0.12,5,TRUE,77,43,28,Niche Specialist
4613,8/4/2023,Tier3,47132,0,711,Fashion,5,0,0.06,49,TRUE,42,93,39,Ghost Reseller
4614,12/14/2024,Tier2,2764,0,519,Beauty,4,6,0.12,49,FALSE,1,40,39,Niche Specialist
4615,4/4/2024,Tier2,1310,0,607,Fashion,5,6,0.11,99,FALSE,2,42,49,Low-Engagement Reseller
4616,4/10/2024,Tier4+,986,0,710,Fashion,5,0,0.07,146,FALSE,2,46,58,Low-Engagement Reseller
4617,2/10/2023,Tier3,5547,0,330,Fashion,1,5,0.06,200,TRUE,40,37,68,Ghost Reseller
4618,12/5/2023,Tier4+,1710,0,616,Fashion,4,3,0.14,67,TRUE,41,42,43,Low-Engagement Reseller
4619,9/7/2023,Tier2,2390,1,540,Fashion,137,40,0.12,13,TRUE,81,40,31,Social Catalyst
4620,5/17/2023,Tier3,718,0,341,Fashion,1,0,0.08,202,FALSE,0,32,69,Low-Engagement Reseller
4621,11/3/2023,Tier2,1094,4,396,Fashion,31,5,0.1,29,FALSE,9,34,30,Low-Engagement Reseller
4622,10/28/2023,Tier4+,13250,0,753,Home,1,3,0.12,266,FALSE,0,59,81,Ghost Reseller
4623,12/25/2023,Tier4+,2831,2,789,Fashion,124,40,0.1,16,FALSE,37,50,30,Social Catalyst
4624,5/5/2023,Tier3,5120,1,530,Beauty,171,53,0.12,15,TRUE,91,43,31,Niche Specialist
4625,10/6/2024,Tier3,2474,0,408,Fashion,3,5,0.08,260,TRUE,41,36,80,Low-Engagement Reseller
4626,5/23/2024,Tier3,1063,0,341,Home,2,6,0.07,231,FALSE,1,32,74,Low-Engagement Reseller
4627,2/29/2024,Tier2,25230,0,772,Fashion,3,3,0.05,36,TRUE,41,73,37,Ghost Reseller
4628,5/14/2023,Tier2,1790,1,351,Fashion,14,1,0.05,23,FALSE,4,34,33,Low-Engagement Reseller
4629,7/27/2023,Tier2,3096,2,606,Beauty,166,45,0.12,1,FALSE,50,43,27,Niche Specialist
4630,1/15/2024,Tier2,8576,0,737,Fashion,2,3,0.07,181,TRUE,41,55,65,Ghost Reseller
4631,1/7/2024,Tier3,2544,0,615,Beauty,5,7,0.06,307,FALSE,2,44,89,Niche Specialist
4632,5/3/2023,Tier4+,1454,4,466,Beauty,166,47,0.05,24,TRUE,90,38,29,Low-Engagement Reseller
4633,11/7/2024,Tier3,4524,1,688,Home,65,17,0.05,4,TRUE,60,49,29,Niche Specialist
4634,5/16/2023,Tier3,441,0,582,Fashion,0,0,0.05,81,TRUE,40,41,46,Low-Engagement Reseller
4635,2/28/2024,Tier3,3352,3,638,Mixed,18,9,0.06,12,FALSE,5,46,28,Low-Engagement Reseller
4636,2/10/2023,Tier3,1446,16,355,Fashion,72,17,0.07,28,FALSE,22,33,11,Social Catalyst
4637,8/18/2023,Tier2,1219,1,652,Fashion,181,59,0.06,26,TRUE,94,44,33,Social Catalyst
4638,11/9/2023,Tier2,1467,0,417,Fashion,3,1,0.05,179,FALSE,1,36,64,Low-Engagement Reseller
4639,6/19/2024,Tier3,12467,0,764,Home,0,0,0.05,248,TRUE,40,60,78,Ghost Reseller
4640,12/7/2023,Tier3,1248,1,640,Home,147,49,0.13,14,FALSE,44,43,31,Low-Engagement Reseller
4641,12/1/2023,Tier3,6507,0,575,Fashion,5,1,0.13,67,FALSE,2,45,43,Ghost Reseller
4642,5/18/2023,Tier4+,341,0,579,Mixed,3,6,0.11,114,FALSE,1,40,52,Low-Engagement Reseller
4643,5/9/2024,Tier3,5834,0,474,Fashion,4,3,0.06,183,TRUE,41,42,65,Ghost Reseller
4644,3/12/2023,Tier3,11579,0,370,Fashion,1,4,0.09,351,TRUE,40,44,97,Ghost Reseller
4645,2/15/2023,Tier4+,9671,1,738,Fashion,114,33,0.08,10,TRUE,74,56,30,Social Catalyst
4646,1/30/2023,Tier4+,11095,1,770,Mixed,138,42,0.07,25,FALSE,41,59,33,Low-Engagement Reseller
4647,7/28/2023,Tier4+,6785,2,521,Fashion,84,29,0.13,15,FALSE,25,44,30,Social Catalyst
4648,7/24/2024,Tier3,4190,0,364,Fashion,5,0,0.12,46,TRUE,42,35,39,Low-Engagement Reseller
4649,1/10/2023,Tier2,1291,1,352,Home,147,46,0.13,7,TRUE,84,32,30,Low-Engagement Reseller
4650,7/7/2023,Tier2,3346,5,463,Home,174,50,0.14,14,FALSE,52,38,25,Niche Specialist
4651,10/10/2024,Tier3,3044,2,758,Beauty,148,49,0.07,24,FALSE,44,50,32,Niche Specialist
4652,8/8/2024,Tier4+,3147,0,356,Fashion,2,3,0.12,105,TRUE,41,34,50,Low-Engagement Reseller
4653,12/18/2023,Tier3,991,0,314,Fashion,2,0,0.14,307,FALSE,1,30,89,Low-Engagement Reseller
4654,10/17/2023,Tier2,16030,0,561,Home,5,0,0.07,84,FALSE,2,56,46,Ghost Reseller
4655,12/22/2023,Tier4+,3536,2,338,Fashion,134,42,0.15,11,FALSE,40,33,29,Social Catalyst
4656,12/19/2023,Tier3,4529,0,568,Mixed,4,1,0.1,144,TRUE,41,44,58,Low-Engagement Reseller
4657,1/28/2024,Tier4+,2787,0,498,Home,4,0,0.06,135,TRUE,41,40,56,Niche Specialist
4658,2/1/2023,Tier3,4067,0,468,Fashion,3,4,0.14,41,FALSE,1,39,38,Low-Engagement Reseller
4659,7/3/2023,Tier4+,1327,0,446,Fashion,1,0,0.09,56,FALSE,0,36,41,Low-Engagement Reseller
4660,10/26/2023,Tier3,2962,1,582,Mixed,187,61,0.12,18,TRUE,96,42,32,Low-Engagement Reseller
4661,1/29/2024,Tier3,9095,0,504,Fashion,1,0,0.14,225,FALSE,0,45,73,Ghost Reseller
4662,5/12/2023,Tier3,11731,1,330,Fashion,99,30,0.08,17,FALSE,30,43,32,Social Catalyst
4663,5/26/2023,Tier3,5979,2,480,Home,17,4,0.12,4,FALSE,5,42,28,Niche Specialist
4664,9/10/2024,Tier2,1864,0,785,Fashion,4,0,0.14,132,FALSE,1,49,55,Low-Engagement Reseller
4665,1/21/2023,Tier3,6836,0,477,Fashion,2,0,0.11,258,FALSE,1,43,79,Ghost Reseller
4666,1/3/2023,Tier3,2102,5,578,Fashion,177,57,0.12,10,FALSE,53,41,24,Social Catalyst
4667,7/1/2023,Tier3,440,0,394,Beauty,4,0,0.1,118,FALSE,1,33,53,Low-Engagement Reseller
4668,5/10/2023,Tier3,10239,0,477,Beauty,2,3,0.05,169,FALSE,1,47,62,Ghost Reseller
4669,3/1/2023,Tier3,1112,2,351,Beauty,71,23,0.1,15,FALSE,21,32,30,Low-Engagement Reseller
4670,11/21/2023,Tier3,6053,3,364,Fashion,196,57,0.11,7,FALSE,59,38,27,Social Catalyst
4671,4/22/2023,Tier3,3914,0,595,Home,2,0,0.05,202,FALSE,1,45,69,Niche Specialist
4672,3/27/2024,Tier2,1106,0,673,Mixed,4,0,0.09,310,FALSE,1,45,89,Low-Engagement Reseller
4673,11/8/2024,Tier3,865,0,473,Fashion,0,0,0.08,295,FALSE,0,37,87,Low-Engagement Reseller
4674,5/20/2024,Tier3,5441,1,435,Home,107,31,0.08,11,FALSE,32,40,31,Niche Specialist
4675,2/27/2023,Tier4+,26140,0,677,Beauty,1,5,0.06,43,TRUE,40,70,38,Ghost Reseller
4676,7/8/2023,Tier4+,4216,2,356,Home,153,50,0.12,5,FALSE,46,35,28,Niche Specialist
4677,2/21/2023,Tier4+,1643,0,775,Home,4,5,0.06,61,FALSE,1,50,42,Low-Engagement Reseller
4678,11/13/2023,Tier4+,768,0,532,Home,2,0,0.14,320,FALSE,1,38,91,Low-Engagement Reseller
4679,11/9/2024,Tier2,4131,0,333,Fashion,5,6,0.09,111,FALSE,2,35,51,Low-Engagement Reseller
4680,6/14/2023,Tier4+,7671,1,586,Fashion,62,24,0.15,10,FALSE,19,47,30,Social Catalyst
4681,12/29/2024,Tier3,17206,0,784,Fashion,0,0,0.05,260,TRUE,40,66,80,Ghost Reseller
4682,1/15/2023,Tier4+,3094,0,384,Home,1,0,0.06,332,TRUE,40,36,94,Niche Specialist
4683,1/9/2024,Tier3,7676,0,529,Fashion,4,4,0.12,305,FALSE,1,45,88,Ghost Reseller
4684,7/11/2023,Tier4+,2962,0,392,Home,3,0,0.14,126,FALSE,1,35,54,Niche Specialist
4685,4/10/2024,Tier4+,11979,1,568,Fashion,193,60,0.05,22,TRUE,98,52,33,Social Catalyst
4686,8/8/2024,Tier4+,1144,3,481,Home,120,35,0.07,18,FALSE,36,38,29,Low-Engagement Reseller
4687,8/12/2023,Tier3,683,0,301,Fashion,1,5,0.1,218,TRUE,40,30,72,Low-Engagement Reseller
4688,6/22/2024,Tier2,3061,0,343,Fashion,0,2,0.12,41,TRUE,40,34,38,Low-Engagement Reseller
4689,2/16/2024,Tier2,5221,1,341,Home,181,49,0.06,24,FALSE,54,37,33,Niche Specialist
4690,1/26/2023,Tier3,1227,0,708,Fashion,4,1,0.05,214,TRUE,41,47,71,Low-Engagement Reseller
4691,2/27/2023,Tier4+,17341,0,566,Fashion,3,0,0.14,361,TRUE,41,56,99,Ghost Reseller
4692,1/28/2023,Tier3,3110,1,543,Beauty,44,11,0.11,17,FALSE,13,41,32,Niche Specialist
4693,3/9/2023,Tier3,3456,0,394,Fashion,0,2,0.13,62,FALSE,0,36,42,Low-Engagement Reseller
4694,8/4/2023,Tier3,3317,0,438,Fashion,1,0,0.14,327,TRUE,40,37,93,Low-Engagement Reseller
4695,4/7/2023,Tier4+,2637,0,768,Beauty,3,4,0.13,77,TRUE,41,49,45,Niche Specialist
4696,11/15/2023,Tier3,37317,0,302,Fashion,1,0,0.05,39,TRUE,40,68,37,Ghost Reseller
4697,8/9/2024,Tier4+,8967,3,321,Home,196,63,0.15,3,FALSE,59,38,26,Niche Specialist
4698,3/2/2023,Tier2,6120,0,320,Fashion,0,0,0.15,185,FALSE,0,35,65,Ghost Reseller
4699,6/28/2024,Tier3,4793,0,375,Fashion,2,0,0.13,48,FALSE,1,36,39,Low-Engagement Reseller
4700,10/30/2023,Tier3,2442,1,381,Home,197,64,0.1,16,FALSE,59,35,32,Niche Specialist
4701,6/28/2023,Tier2,5076,1,748,Home,133,40,0.13,29,FALSE,40,51,34,Niche Specialist
4702,12/16/2024,Tier3,4211,0,732,Home,2,6,0.14,110,FALSE,1,49,51,Niche Specialist
4703,8/12/2024,Tier3,2635,1,713,Home,45,13,0.13,2,FALSE,14,47,29,Niche Specialist
4704,10/4/2023,Tier2,15204,2,315,Home,170,53,0.11,24,TRUE,91,45,32,Niche Specialist
4705,1/28/2024,Tier3,5372,2,302,Home,153,51,0.09,21,TRUE,86,35,31,Niche Specialist
4706,12/19/2024,Tier2,4880,0,667,Home,3,6,0.15,269,FALSE,1,47,82,Niche Specialist
4707,9/11/2024,Tier3,976,1,709,Fashion,46,19,0.07,0,FALSE,14,46,29,Low-Engagement Reseller
4708,7/3/2024,Tier2,1652,5,302,Fashion,195,56,0.14,29,FALSE,59,30,28,Social Catalyst
4709,12/10/2023,Tier3,1153,0,747,Mixed,2,6,0.11,186,TRUE,41,47,66,Low-Engagement Reseller
4710,3/6/2023,Tier4+,7034,0,611,Beauty,2,6,0.1,31,FALSE,1,48,36,Ghost Reseller
4711,3/16/2023,Tier3,7616,0,747,Home,3,2,0.1,135,TRUE,41,54,56,Ghost Reseller
4712,4/12/2024,Tier2,3309,1,411,Fashion,125,40,0.08,12,TRUE,78,37,31,Social Catalyst
4713,2/16/2023,Tier2,2517,0,355,Mixed,4,2,0.09,138,FALSE,1,34,56,Low-Engagement Reseller
4714,2/11/2023,Tier3,3742,2,777,Fashion,92,25,0.05,27,TRUE,68,52,32,Social Catalyst
4715,5/2/2024,Tier3,7208,5,309,Home,198,60,0.12,12,TRUE,99,36,25,Niche Specialist
4716,3/12/2024,Tier3,6717,0,468,Home,3,4,0.13,35,FALSE,1,42,37,Ghost Reseller
4717,1/17/2023,Tier3,2293,0,573,Fashion,1,0,0.09,139,TRUE,40,42,57,Low-Engagement Reseller
4718,12/24/2024,Tier2,1121,0,531,Fashion,2,0,0.07,270,FALSE,1,40,82,Low-Engagement Reseller
4719,10/19/2023,Tier3,7272,0,300,Fashion,4,6,0.12,315,TRUE,41,36,90,Ghost Reseller
4720,2/1/2023,Tier3,844,2,630,Fashion,26,9,0.15,18,FALSE,8,41,30,Low-Engagement Reseller
4721,1/23/2024,Tier3,8224,0,754,Fashion,1,2,0.09,217,TRUE,40,55,72,Ghost Reseller
4722,1/11/2024,Tier3,2466,0,693,Fashion,4,5,0.15,232,FALSE,1,45,74,Low-Engagement Reseller
4723,3/5/2024,Tier3,3812,0,424,Home,0,3,0.07,161,TRUE,40,38,61,Niche Specialist
4724,1/14/2023,Tier2,3440,0,402,Fashion,1,5,0.08,351,TRUE,40,37,97,Low-Engagement Reseller
4725,9/14/2024,Tier4+,5449,2,607,Beauty,194,62,0.15,30,FALSE,58,45,33,Niche Specialist
4726,3/8/2023,Tier2,10414,0,578,Fashion,2,0,0.11,326,TRUE,41,50,93,Ghost Reseller
4727,2/2/2023,Tier3,6236,0,713,Fashion,0,0,0.14,304,TRUE,40,50,88,Ghost Reseller
4728,2/2/2024,Tier3,3522,0,614,Fashion,5,0,0.07,78,FALSE,2,45,45,Low-Engagement Reseller
4729,12/30/2024,Tier3,1265,0,719,Fashion,4,4,0.09,116,FALSE,1,46,52,Low-Engagement Reseller
4730,9/12/2024,Tier3,2268,2,475,Fashion,54,12,0.12,17,TRUE,56,38,30,Social Catalyst
4731,8/6/2024,Tier3,1147,1,735,Home,118,31,0.07,27,FALSE,35,47,34,Low-Engagement Reseller
4732,12/7/2023,Tier3,18564,1,777,Fashion,141,44,0.12,11,FALSE,42,65,31,Social Catalyst
4733,8/6/2024,Tier4+,3343,0,430,Fashion,4,0,0.09,113,FALSE,1,38,52,Low-Engagement Reseller
4734,9/16/2024,Tier2,839,0,422,Fashion,3,1,0.07,131,FALSE,1,35,55,Low-Engagement Reseller
4735,9/26/2024,Tier3,7559,3,322,Beauty,27,5,0.06,25,FALSE,8,38,30,Niche Specialist
4736,8/11/2023,Tier3,1350,0,340,Mixed,0,5,0.12,330,FALSE,0,32,93,Low-Engagement Reseller
4737,7/13/2023,Tier3,511,1,577,Home,64,23,0.09,15,TRUE,59,40,31,Low-Engagement Reseller
4738,9/2/2024,Tier2,931,0,595,Home,4,0,0.07,44,FALSE,1,42,38,Low-Engagement Reseller
4739,4/3/2023,Tier3,3364,0,798,Mixed,4,0,0.08,190,TRUE,41,52,66,Low-Engagement Reseller
4740,12/15/2024,Tier3,8088,3,720,Fashion,52,11,0.08,24,FALSE,16,53,30,Social Catalyst
4741,6/19/2024,Tier4+,16328,0,554,Fashion,0,0,0.15,84,TRUE,40,54,46,Ghost Reseller
4742,5/19/2023,Tier2,612,0,484,Mixed,4,0,0.11,295,FALSE,1,37,87,Low-Engagement Reseller
4743,3/18/2023,Tier3,8722,5,736,Home,139,38,0.11,30,FALSE,42,54,28,Niche Specialist
4744,5/17/2024,Tier4+,21643,0,319,Fashion,0,0,0.08,142,TRUE,40,52,57,Ghost Reseller
4745,1/5/2023,Tier3,5321,0,780,Home,5,0,0.09,185,TRUE,42,53,65,Ghost Reseller
4746,11/2/2024,Tier2,2008,0,662,Fashion,3,4,0.13,327,TRUE,41,44,93,Low-Engagement Reseller
4747,12/31/2023,Tier4+,934,5,712,Home,74,27,0.08,28,TRUE,62,46,28,Low-Engagement Reseller
4748,12/19/2024,Tier3,2406,0,618,Beauty,5,0,0.08,57,FALSE,2,44,41,Niche Specialist
4749,10/24/2023,Tier2,1033,2,426,Fashion,123,39,0.1,25,TRUE,77,35,32,Social Catalyst
4750,8/15/2023,Tier3,3664,2,344,Home,197,55,0.15,13,TRUE,99,34,29,Niche Specialist
4751,2/8/2024,Tier3,2267,0,791,Fashion,3,4,0.05,96,TRUE,41,51,48,Low-Engagement Reseller
4752,5/2/2023,Tier4+,5018,1,648,Home,41,10,0.07,27,FALSE,12,48,34,Niche Specialist
4753,3/15/2023,Tier2,2964,1,647,Fashion,163,45,0.09,14,TRUE,89,45,31,Social Catalyst
4754,5/4/2024,Tier2,3288,5,609,Home,113,37,0.08,23,FALSE,34,45,27,Niche Specialist
4755,3/1/2024,Tier3,3096,2,771,Fashion,104,27,0.11,12,FALSE,31,50,29,Social Catalyst
4756,7/5/2024,Tier2,4448,2,337,Home,170,47,0.07,14,FALSE,51,36,30,Niche Specialist
4757,5/5/2023,Tier3,22240,0,676,Home,1,0,0.13,257,FALSE,0,65,79,Ghost Reseller
4758,3/21/2023,Tier2,2262,0,430,Home,0,0,0.12,257,FALSE,0,36,79,Niche Specialist
4759,8/15/2024,Tier3,10633,1,553,Fashion,17,4,0.11,1,FALSE,5,49,29,Low-Engagement Reseller
4760,8/15/2023,Tier3,2082,1,465,Fashion,29,4,0.05,11,TRUE,49,39,31,Low-Engagement Reseller
4761,3/9/2024,Tier3,6766,2,385,Fashion,162,51,0.08,6,FALSE,49,40,28,Social Catalyst
4762,3/9/2024,Tier2,2001,1,627,Mixed,112,32,0.13,22,TRUE,74,43,33,Low-Engagement Reseller
4763,3/29/2024,Tier3,4451,2,505,Fashion,152,43,0.13,21,FALSE,46,41,31,Social Catalyst
4764,11/17/2023,Tier2,4990,0,533,Mixed,3,2,0.13,320,FALSE,1,42,91,Low-Engagement Reseller
4765,7/28/2024,Tier4+,6721,2,467,Fashion,75,24,0.07,6,FALSE,23,43,28,Social Catalyst
4766,5/11/2023,Tier4+,5399,0,688,Fashion,4,0,0.07,33,TRUE,41,50,36,Ghost Reseller
4767,10/26/2023,Tier4+,2423,0,398,Fashion,5,5,0.09,75,TRUE,42,36,44,Low-Engagement Reseller
4768,5/14/2024,Tier3,3643,4,364,Beauty,128,43,0.15,16,FALSE,38,34,27,Niche Specialist
4769,6/27/2024,Tier3,1662,0,473,Beauty,4,1,0.13,324,FALSE,1,37,92,Low-Engagement Reseller
4770,8/12/2024,Tier3,6299,1,548,Home,135,42,0.09,9,TRUE,81,45,30,Niche Specialist
4771,1/15/2024,Tier4+,3555,0,527,Home,0,3,0.13,206,TRUE,40,41,70,Niche Specialist
4772,3/10/2023,Tier4+,20859,0,304,Mixed,3,4,0.06,138,FALSE,1,51,56,Ghost Reseller
4773,7/23/2023,Tier4+,9800,2,557,Home,20,9,0.1,4,FALSE,6,49,28,Niche Specialist
4774,1/14/2024,Tier4+,13883,0,429,Mixed,0,2,0.06,75,TRUE,40,49,44,Ghost Reseller
4775,1/19/2024,Tier3,6722,1,465,Home,52,13,0.08,3,FALSE,16,43,29,Niche Specialist
4776,11/2/2024,Tier3,14530,0,379,Mixed,0,0,0.08,223,FALSE,0,47,73,Ghost Reseller
4777,2/27/2024,Tier2,1881,1,454,Home,51,19,0.05,28,FALSE,15,38,34,Low-Engagement Reseller
4778,4/28/2023,Tier4+,8721,0,307,Home,4,5,0.11,100,FALSE,1,38,49,Ghost Reseller
4779,5/19/2023,Tier4+,7408,0,397,Fashion,1,0,0.1,110,TRUE,40,40,51,Ghost Reseller
4780,5/10/2024,Tier3,7126,2,472,Mixed,198,64,0.05,22,FALSE,59,44,31,Low-Engagement Reseller
4781,6/20/2024,Tier3,3881,1,664,Fashion,199,59,0.05,4,FALSE,60,48,29,Social Catalyst
4782,3/31/2023,Tier3,19963,0,688,Fashion,2,0,0.13,60,FALSE,1,63,42,Ghost Reseller
4783,8/18/2024,Tier3,3333,0,584,Fashion,2,0,0.14,85,FALSE,1,42,46,Low-Engagement Reseller
4784,8/10/2024,Tier2,6681,0,487,Fashion,5,0,0.14,236,FALSE,2,42,75,Ghost Reseller
4785,4/4/2024,Tier4+,3669,0,739,Fashion,0,0,0.13,46,FALSE,0,49,39,Low-Engagement Reseller
4786,8/13/2023,Tier3,532,0,771,Fashion,2,3,0.09,163,FALSE,1,48,61,Low-Engagement Reseller
4787,8/20/2023,Tier3,9992,2,779,Home,127,43,0.09,14,TRUE,78,57,30,Niche Specialist
4788,5/25/2024,Tier3,4766,1,359,Home,63,17,0.1,8,FALSE,19,36,30,Niche Specialist
4789,12/24/2023,Tier3,5197,2,551,Beauty,188,58,0.11,6,TRUE,96,44,28,Niche Specialist
4790,10/3/2024,Tier3,7591,0,651,Beauty,1,1,0.05,42,TRUE,40,51,38,Ghost Reseller
4791,4/26/2023,Tier2,1786,0,753,Home,4,0,0.13,236,FALSE,1,47,75,Low-Engagement Reseller
4792,11/24/2023,Tier3,22614,0,650,Fashion,4,1,0.1,254,FALSE,1,65,79,Ghost Reseller
4793,7/5/2023,Tier2,8733,5,619,Fashion,104,33,0.1,27,FALSE,31,50,28,Social Catalyst
4794,2/23/2024,Tier3,4727,0,699,Beauty,1,0,0.11,176,FALSE,0,49,64,Niche Specialist
4795,7/9/2023,Tier2,1913,0,771,Beauty,0,5,0.06,300,FALSE,0,50,88,Low-Engagement Reseller
4796,9/19/2024,Tier4+,12626,1,421,Home,75,22,0.12,16,FALSE,23,46,32,Niche Specialist
4797,10/12/2023,Tier3,18313,0,438,Fashion,1,0,0.15,311,FALSE,0,52,90,Ghost Reseller
4798,11/29/2024,Tier2,2846,2,617,Home,161,51,0.08,29,TRUE,88,44,33,Niche Specialist
4799,9/16/2024,Tier3,893,0,539,Home,2,3,0.1,114,TRUE,41,39,52,Low-Engagement Reseller
4800,4/20/2024,Tier4+,5524,0,377,Home,3,0,0.07,54,TRUE,41,38,40,Ghost Reseller
4801,10/13/2024,Tier2,796,1,572,Home,173,49,0.08,5,FALSE,52,41,29,Low-Engagement Reseller
4802,3/28/2024,Tier4+,20219,0,484,Beauty,3,5,0.09,254,TRUE,41,57,79,Ghost Reseller
4803,2/20/2024,Tier4+,758,0,429,Mixed,3,5,0.06,194,TRUE,41,36,67,Low-Engagement Reseller
4804,2/20/2024,Tier3,7456,2,696,Home,102,36,0.08,29,TRUE,71,52,33,Niche Specialist
4805,10/27/2024,Tier3,1746,2,717,Fashion,69,21,0.07,10,TRUE,61,47,29,Social Catalyst
4806,3/16/2024,Tier4+,12517,17,495,Fashion,64,14,0.14,11,TRUE,59,48,7,Super-Spreader
4807,6/24/2024,Tier3,2308,2,688,Fashion,114,31,0.15,0,FALSE,34,45,27,Social Catalyst
4808,8/2/2023,Tier4+,591,0,506,Beauty,2,4,0.13,313,TRUE,41,37,90,Low-Engagement Reseller
4809,6/26/2023,Tier2,4354,3,403,Home,148,45,0.14,2,TRUE,84,37,26,Niche Specialist
4810,7/21/2023,Tier3,3345,1,726,Fashion,90,30,0.14,22,FALSE,27,48,33,Social Catalyst
4811,9/17/2023,Tier3,1329,0,706,Home,0,4,0.11,199,FALSE,0,46,68,Low-Engagement Reseller
4812,5/20/2024,Tier2,8386,2,791,Home,70,25,0.12,15,TRUE,61,56,30,Niche Specialist
4813,6/21/2023,Tier4+,17712,1,353,Fashion,48,12,0.14,26,FALSE,14,48,33,Low-Engagement Reseller
4814,8/19/2024,Tier3,4659,1,427,Mixed,159,47,0.08,5,FALSE,48,39,29,Low-Engagement Reseller
4815,8/10/2023,Tier4+,2260,0,604,Home,2,6,0.1,35,TRUE,41,43,37,Niche Specialist
4816,2/25/2024,Tier2,735,1,439,Fashion,163,53,0.06,1,TRUE,89,36,29,Social Catalyst
4817,6/27/2023,Tier3,1700,1,385,Fashion,103,27,0.08,10,FALSE,31,35,30,Social Catalyst
4818,12/23/2024,Tier4+,57020,0,329,Fashion,2,2,0.06,241,FALSE,1,88,76,Ghost Reseller
4819,12/19/2024,Tier3,1275,1,369,Mixed,102,28,0.07,14,FALSE,31,34,31,Low-Engagement Reseller
4820,4/29/2023,Tier3,3350,0,322,Fashion,1,0,0.07,139,FALSE,0,34,57,Low-Engagement Reseller
4821,7/22/2023,Tier3,2624,0,582,Fashion,4,1,0.1,353,FALSE,1,42,98,Low-Engagement Reseller
4822,3/28/2024,Tier3,8806,0,653,Fashion,4,0,0.11,116,TRUE,41,51,52,Ghost Reseller
4823,7/16/2023,Tier3,2353,1,797,Fashion,113,32,0.15,5,TRUE,74,49,29,Social Catalyst
4824,8/22/2024,Tier4+,18690,2,628,Fashion,54,18,0.13,19,FALSE,16,60,31,Social Catalyst
4825,3/29/2023,Tier2,1633,2,615,Fashion,26,5,0.14,19,FALSE,8,42,31,Low-Engagement Reseller
4826,12/13/2024,Tier2,6925,0,698,Home,5,5,0.12,155,TRUE,42,51,60,Ghost Reseller
4827,2/16/2023,Tier3,5883,1,383,Beauty,142,47,0.12,11,FALSE,43,38,31,Niche Specialist
4828,8/18/2024,Tier4+,3978,0,485,Home,2,1,0.06,241,FALSE,1,41,76,Niche Specialist
4829,7/28/2023,Tier3,4655,0,610,Fashion,3,0,0.14,234,TRUE,41,45,75,Low-Engagement Reseller
4830,3/24/2024,Tier2,2695,0,636,Fashion,4,5,0.05,210,TRUE,41,46,70,Low-Engagement Reseller
4831,7/12/2023,Tier2,5879,1,634,Fashion,29,6,0.1,9,FALSE,9,48,30,Low-Engagement Reseller
4832,8/25/2023,Tier2,2355,0,450,Mixed,5,1,0.11,232,FALSE,2,37,74,Low-Engagement Reseller
4833,11/6/2023,Tier4+,2268,0,459,Fashion,0,0,0.06,212,FALSE,0,38,71,Low-Engagement Reseller
4834,5/8/2023,Tier4+,1049,0,541,Home,2,6,0.07,87,FALSE,1,40,47,Low-Engagement Reseller
4835,7/17/2024,Tier4+,25049,0,661,Fashion,4,1,0.11,362,FALSE,1,68,99,Ghost Reseller
4836,3/29/2023,Tier4+,6426,0,392,Home,1,0,0.06,296,FALSE,0,40,87,Ghost Reseller
4837,11/11/2024,Tier3,4228,0,703,Fashion,0,0,0.13,242,TRUE,40,48,76,Low-Engagement Reseller
4838,11/6/2024,Tier3,5275,1,443,Fashion,127,38,0.1,25,FALSE,38,40,33,Social Catalyst
4839,10/6/2024,Tier3,2252,0,310,Fashion,2,4,0.06,288,FALSE,1,33,85,Low-Engagement Reseller
4840,7/12/2024,Tier3,1153,0,541,Fashion,4,0,0.13,180,FALSE,1,39,65,Low-Engagement Reseller
4841,6/1/2023,Tier3,1288,16,470,Fashion,121,37,0.1,24,TRUE,76,37,11,Social Catalyst
4842,1/22/2024,Tier3,4031,0,724,Home,3,0,0.05,73,FALSE,1,50,44,Niche Specialist
4843,5/24/2023,Tier3,5429,0,374,Mixed,0,0,0.07,294,FALSE,0,38,86,Ghost Reseller
4844,10/14/2023,Tier3,2070,0,418,Home,1,4,0.12,88,FALSE,0,35,47,Niche Specialist
4845,4/20/2023,Tier3,10613,0,483,Fashion,0,1,0.1,162,FALSE,0,47,61,Ghost Reseller
4846,5/30/2024,Tier2,146772,0,518,Home,0,5,0.11,320,TRUE,40,184,91,Ghost Reseller
4847,10/27/2024,Tier4+,4126,0,475,Fashion,3,0,0.05,187,FALSE,1,41,66,Low-Engagement Reseller
4848,1/12/2023,Tier3,5640,1,404,Fashion,155,51,0.12,10,FALSE,47,38,30,Social Catalyst
4849,12/24/2024,Tier3,1820,0,670,Fashion,2,0,0.1,248,TRUE,41,45,78,Low-Engagement Reseller
4850,7/15/2024,Tier3,323,0,465,Beauty,0,2,0.05,50,FALSE,0,37,40,Low-Engagement Reseller
4851,6/19/2023,Tier3,3668,5,747,Beauty,19,9,0.05,1,FALSE,6,51,23,Niche Specialist
4852,11/2/2023,Tier4+,9409,4,479,Home,13,2,0.07,19,FALSE,4,46,28,Niche Specialist
4853,3/7/2024,Tier2,6715,1,326,Home,48,12,0.09,14,FALSE,14,37,31,Niche Specialist
4854,1/9/2023,Tier2,3405,0,449,Fashion,2,0,0.06,236,FALSE,1,39,75,Low-Engagement Reseller
4855,1/21/2024,Tier2,4210,1,366,Fashion,12,8,0.13,26,FALSE,4,35,33,Low-Engagement Reseller
4856,5/26/2024,Tier3,7243,0,643,Beauty,5,0,0.05,145,TRUE,42,50,58,Ghost Reseller
4857,4/24/2023,Tier3,3226,0,618,Fashion,1,0,0.09,237,TRUE,40,45,75,Low-Engagement Reseller
4858,1/28/2024,Tier3,2639,1,412,Home,22,6,0.07,13,FALSE,7,37,31,Niche Specialist
4859,4/4/2023,Tier3,2528,0,732,Fashion,2,2,0.12,259,TRUE,41,48,80,Low-Engagement Reseller
4860,11/17/2024,Tier4+,12130,0,402,Beauty,5,0,0.06,256,FALSE,2,46,79,Ghost Reseller
4861,6/30/2023,Tier3,18866,0,522,Fashion,1,0,0.08,284,TRUE,40,57,84,Ghost Reseller
4862,10/23/2023,Tier2,1906,0,793,Fashion,5,6,0.1,308,FALSE,2,50,89,Low-Engagement Reseller
4863,12/30/2024,Tier3,1225,2,692,Home,162,45,0.06,2,TRUE,89,46,27,Low-Engagement Reseller
4864,9/16/2024,Tier4+,1106,0,367,Fashion,1,1,0.05,206,FALSE,0,34,70,Low-Engagement Reseller
4865,7/3/2024,Tier4+,18847,0,315,Home,4,4,0.13,188,FALSE,1,48,66,Ghost Reseller
4866,6/30/2023,Tier4+,3543,0,319,Fashion,4,4,0.1,162,FALSE,1,34,61,Low-Engagement Reseller
4867,4/22/2023,Tier3,1224,0,715,Mixed,3,3,0.15,275,FALSE,1,45,83,Low-Engagement Reseller
4868,3/31/2023,Tier3,8979,2,557,Fashion,195,60,0.13,7,FALSE,59,47,28,Social Catalyst
4869,1/7/2023,Tier3,2452,2,597,Beauty,182,58,0.1,11,FALSE,55,43,29,Niche Specialist
4870,1/3/2024,Tier3,4986,1,698,Fashion,89,25,0.06,22,TRUE,67,50,33,Social Catalyst
4871,1/1/2024,Tier2,2344,2,598,Mixed,176,48,0.09,24,FALSE,53,43,32,Low-Engagement Reseller
4872,3/26/2024,Tier4+,2141,0,440,Fashion,5,3,0.08,94,FALSE,2,37,48,Low-Engagement Reseller
4873,9/2/2024,Tier4+,6544,0,359,Home,0,1,0.08,273,FALSE,0,38,82,Ghost Reseller
4874,10/3/2023,Tier3,2074,0,464,Fashion,0,1,0.15,216,TRUE,40,36,71,Low-Engagement Reseller
4875,1/25/2024,Tier3,1774,0,786,Mixed,0,0,0.09,140,FALSE,0,49,57,Low-Engagement Reseller
4876,10/10/2024,Tier3,875,1,637,Fashion,179,58,0.05,23,FALSE,54,44,33,Social Catalyst
4877,5/23/2023,Tier4+,4971,0,592,Fashion,5,4,0.07,94,TRUE,42,46,48,Low-Engagement Reseller
4878,2/7/2023,Tier2,14800,0,389,Home,2,0,0.09,107,TRUE,41,48,51,Ghost Reseller
4879,3/14/2023,Tier4+,5182,0,582,Beauty,2,4,0.12,174,FALSE,1,45,63,Ghost Reseller
4880,6/7/2023,Tier3,9489,2,377,Fashion,13,7,0.06,25,FALSE,4,42,32,Low-Engagement Reseller
4881,6/26/2024,Tier2,9154,3,492,Mixed,62,16,0.11,10,FALSE,19,45,27,Low-Engagement Reseller
4882,5/26/2023,Tier4+,354,0,445,Fashion,2,2,0.07,179,FALSE,1,36,64,Low-Engagement Reseller
4883,1/30/2024,Tier3,8587,0,424,Home,0,0,0.1,34,FALSE,0,42,37,Ghost Reseller
4884,11/23/2023,Tier3,14107,1,511,Mixed,160,49,0.14,9,FALSE,48,50,30,Low-Engagement Reseller
4885,6/1/2023,Tier3,1948,1,380,Home,70,25,0.11,28,FALSE,21,34,34,Low-Engagement Reseller
4886,1/31/2024,Tier4+,20468,2,307,Home,84,20,0.12,19,TRUE,65,50,31,Niche Specialist
4887,9/25/2023,Tier3,941,0,693,Fashion,4,0,0.05,272,TRUE,41,46,82,Low-Engagement Reseller
4888,1/31/2024,Tier3,4798,5,432,Home,78,19,0.13,30,TRUE,63,38,28,Niche Specialist
4889,6/10/2023,Tier3,3232,0,769,Home,3,0,0.14,47,FALSE,1,49,39,Niche Specialist
4890,6/6/2024,Tier3,7280,0,653,Fashion,3,0,0.06,126,FALSE,1,51,54,Ghost Reseller
4891,6/8/2024,Tier3,4764,3,601,Home,154,41,0.15,7,FALSE,46,44,27,Niche Specialist
4892,7/8/2024,Tier3,26647,0,566,Fashion,3,0,0.12,332,FALSE,1,65,94,Ghost Reseller
4893,11/28/2023,Tier3,8145,0,729,Fashion,5,0,0.13,143,TRUE,42,53,57,Ghost Reseller
4894,6/13/2023,Tier4+,451,4,572,Home,173,49,0.05,2,TRUE,92,41,24,Low-Engagement Reseller
4895,8/5/2024,Tier3,2900,14,328,Fashion,39,11,0.13,21,FALSE,12,33,13,Low-Engagement Reseller
4896,12/14/2023,Tier2,1564,2,435,Fashion,140,42,0.09,16,FALSE,42,36,30,Social Catalyst
4897,2/8/2024,Tier3,1765,2,784,Beauty,125,34,0.11,12,FALSE,38,49,29,Low-Engagement Reseller
4898,3/6/2023,Tier4+,1967,0,792,Beauty,5,0,0.07,102,FALSE,2,50,50,Low-Engagement Reseller
4899,11/15/2023,Tier4+,7505,2,637,Mixed,157,49,0.09,8,FALSE,47,50,29,Low-Engagement Reseller
4900,12/17/2023,Tier4+,31670,2,448,Fashion,172,47,0.08,5,FALSE,52,67,28,Social Catalyst
4901,11/27/2024,Tier3,3658,0,337,Beauty,0,1,0.08,218,FALSE,0,35,72,Niche Specialist
4902,5/23/2023,Tier2,15417,1,438,Mixed,118,35,0.14,4,FALSE,35,49,29,Low-Engagement Reseller
4903,5/29/2024,Tier2,10146,0,320,Home,1,0,0.13,278,FALSE,0,40,83,Ghost Reseller
4904,2/25/2023,Tier3,15951,0,416,Fashion,4,3,0.11,173,TRUE,41,49,63,Ghost Reseller
4905,3/19/2023,Tier2,1885,4,773,Fashion,173,56,0.12,2,FALSE,52,48,24,Social Catalyst
4906,3/14/2024,Tier2,398,4,341,Fashion,163,52,0.1,16,TRUE,89,31,27,Social Catalyst
4907,10/10/2023,Tier2,6975,0,304,Home,4,0,0.07,324,TRUE,41,37,92,Ghost Reseller
4908,9/5/2023,Tier4+,5004,2,605,Fashion,168,51,0.1,8,TRUE,90,46,29,Social Catalyst
4909,3/18/2024,Tier3,2581,0,437,Fashion,5,0,0.09,261,TRUE,42,37,80,Low-Engagement Reseller
4910,12/9/2023,Tier4+,548,0,363,Home,5,0,0.07,41,TRUE,42,33,38,Low-Engagement Reseller
4911,8/18/2023,Tier4+,1637,2,506,Beauty,60,14,0.08,30,FALSE,18,39,33,Low-Engagement Reseller
4912,5/14/2024,Tier3,7413,0,480,Fashion,4,5,0.13,280,TRUE,41,43,84,Ghost Reseller
4913,11/12/2024,Tier2,4313,0,373,Fashion,2,0,0.07,102,FALSE,1,37,50,Low-Engagement Reseller
4914,7/13/2023,Tier4+,3685,1,708,Home,128,41,0.06,30,TRUE,78,49,34,Niche Specialist
4915,7/21/2023,Tier3,3256,0,453,Fashion,0,4,0.08,245,FALSE,0,39,77,Low-Engagement Reseller
4916,2/17/2023,Tier3,6809,0,554,Fashion,2,3,0.08,224,TRUE,41,46,73,Ghost Reseller
4917,8/23/2023,Tier4+,1089,0,594,Home,3,1,0.1,354,FALSE,1,41,98,Low-Engagement Reseller
4918,1/24/2024,Tier3,2851,0,543,Fashion,5,5,0.07,321,TRUE,42,42,92,Low-Engagement Reseller
4919,1/30/2024,Tier4+,3835,0,777,Fashion,2,5,0.12,191,FALSE,1,51,67,Low-Engagement Reseller
4920,12/25/2023,Tier4+,1734,0,714,Fashion,4,3,0.1,121,FALSE,1,47,53,Low-Engagement Reseller
4921,5/17/2024,Tier3,27092,2,574,Fashion,40,8,0.13,8,TRUE,52,66,29,Low-Engagement Reseller
4922,3/14/2023,Tier3,5658,0,394,Home,3,5,0.12,42,FALSE,1,38,38,Ghost Reseller
4923,11/8/2024,Tier3,12338,2,743,Fashion,46,12,0.1,2,FALSE,14,58,27,Low-Engagement Reseller
4924,11/27/2024,Tier2,3706,0,784,Fashion,4,4,0.08,195,FALSE,1,52,67,Low-Engagement Reseller
4925,7/28/2023,Tier2,4657,1,521,Fashion,14,0,0.06,17,FALSE,4,43,32,Low-Engagement Reseller
4926,9/8/2024,Tier3,5104,0,323,Mixed,1,0,0.07,188,FALSE,0,36,66,Ghost Reseller
4927,9/28/2024,Tier3,1208,0,786,Fashion,3,2,0.12,294,FALSE,1,48,86,Low-Engagement Reseller
4928,12/10/2023,Tier3,3328,0,605,Home,2,5,0.08,294,TRUE,41,44,86,Niche Specialist
4929,1/9/2023,Tier4+,1636,0,568,Beauty,4,1,0.08,162,FALSE,1,41,61,Low-Engagement Reseller
4930,4/4/2023,Tier3,2293,2,670,Fashion,149,50,0.12,25,FALSE,45,45,32,Social Catalyst
4931,7/28/2024,Tier2,5264,1,656,Fashion,59,22,0.07,22,TRUE,58,48,33,Social Catalyst
4932,11/30/2024,Tier3,8326,1,356,Fashion,63,19,0.1,15,FALSE,19,40,31,Social Catalyst
4933,10/11/2023,Tier3,822,3,611,Fashion,105,37,0.1,11,FALSE,32,42,28,Social Catalyst
4934,9/23/2023,Tier3,1536,1,591,Fashion,45,12,0.07,16,FALSE,14,42,32,Low-Engagement Reseller
4935,11/1/2023,Tier3,4035,0,389,Beauty,3,0,0.12,66,FALSE,1,36,43,Niche Specialist
4936,3/28/2024,Tier4+,3418,2,583,Home,111,31,0.15,25,FALSE,33,42,32,Niche Specialist
4937,11/12/2023,Tier3,790,0,605,Fashion,1,0,0.06,243,TRUE,40,42,77,Low-Engagement Reseller
4938,12/19/2023,Tier3,4265,2,681,Beauty,32,13,0.09,27,FALSE,10,48,32,Niche Specialist
4939,4/18/2023,Tier2,12536,0,542,Fashion,4,4,0.13,191,FALSE,1,50,67,Ghost Reseller
4940,3/26/2024,Tier4+,2384,0,387,Home,3,6,0.12,350,FALSE,1,34,97,Niche Specialist
4941,11/22/2023,Tier4+,12414,0,717,Fashion,4,4,0.09,47,FALSE,1,58,39,Ghost Reseller
4942,9/9/2023,Tier2,5394,0,783,Fashion,2,0,0.12,60,FALSE,1,52,42,Ghost Reseller
4943,1/10/2024,Tier3,17069,1,476,Home,11,0,0.13,3,TRUE,43,52,29,Niche Specialist
4944,9/13/2023,Tier2,2532,0,784,Home,3,2,0.11,211,FALSE,1,50,70,Niche Specialist
4945,4/24/2024,Tier4+,9268,0,472,Fashion,1,1,0.13,341,FALSE,0,44,95,Ghost Reseller
4946,12/21/2024,Tier4+,3033,0,308,Fashion,3,3,0.09,241,FALSE,1,33,76,Low-Engagement Reseller
4947,4/6/2023,Tier2,888,1,524,Fashion,18,4,0.08,19,FALSE,5,39,32,Low-Engagement Reseller
4948,1/7/2024,Tier4+,4882,0,491,Fashion,3,4,0.06,90,FALSE,1,42,47,Low-Engagement Reseller
4949,6/4/2024,Tier3,2514,1,664,Mixed,88,24,0.05,20,FALSE,26,46,32,Low-Engagement Reseller
4950,9/29/2024,Tier3,1287,0,325,Fashion,4,6,0.07,239,FALSE,1,32,76,Low-Engagement Reseller
4951,7/30/2024,Tier2,1107,5,602,Mixed,135,36,0.09,23,FALSE,41,42,27,Low-Engagement Reseller
4952,7/6/2023,Tier3,11612,0,478,Beauty,5,7,0.06,345,TRUE,42,48,96,Ghost Reseller
4953,3/10/2024,Tier3,4922,0,471,Home,5,0,0.14,286,FALSE,2,40,85,Niche Specialist
4954,4/5/2023,Tier2,2313,0,351,Fashion,0,0,0.13,57,FALSE,0,33,41,Low-Engagement Reseller
4955,9/17/2024,Tier2,6804,2,507,Fashion,85,26,0.09,1,FALSE,26,44,27,Social Catalyst
4956,5/13/2023,Tier3,7654,2,302,Fashion,26,4,0.07,11,TRUE,48,38,29,Low-Engagement Reseller
4957,10/14/2024,Tier4+,3550,2,428,Mixed,72,22,0.07,27,FALSE,22,38,32,Low-Engagement Reseller
4958,5/4/2023,Tier4+,1492,1,610,Beauty,106,31,0.06,26,FALSE,32,43,33,Low-Engagement Reseller
4959,11/10/2023,Tier3,1766,0,360,Fashion,4,2,0.1,214,FALSE,1,33,71,Low-Engagement Reseller
4960,9/14/2023,Tier3,7212,2,782,Fashion,129,36,0.05,11,TRUE,79,56,29,Social Catalyst
4961,10/21/2024,Tier3,9464,0,782,Fashion,4,0,0.1,119,TRUE,41,57,53,Ghost Reseller
4962,12/10/2023,Tier3,11691,2,424,Home,36,12,0.06,28,FALSE,11,46,32,Niche Specialist
4963,7/16/2023,Tier2,16739,0,439,Beauty,0,1,0.15,271,TRUE,40,50,82,Ghost Reseller
4964,11/26/2023,Tier3,1542,0,512,Home,5,2,0.1,316,TRUE,42,39,91,Low-Engagement Reseller
4965,5/28/2023,Tier3,3086,0,685,Beauty,5,3,0.11,123,TRUE,42,47,54,Niche Specialist
4966,11/3/2023,Tier3,10803,0,491,Beauty,3,2,0.13,295,TRUE,41,47,87,Ghost Reseller
4967,7/14/2023,Tier4+,1345,2,491,Fashion,108,36,0.08,0,FALSE,32,38,27,Social Catalyst
4968,5/6/2023,Tier3,2326,0,338,Fashion,3,0,0.13,295,TRUE,41,32,87,Low-Engagement Reseller
4969,1/10/2024,Tier4+,1420,1,398,Fashion,31,13,0.07,18,FALSE,9,35,32,Low-Engagement Reseller
4970,4/24/2024,Tier4+,2270,0,530,Home,3,0,0.13,264,FALSE,1,40,81,Niche Specialist
4971,6/25/2023,Tier3,4071,2,717,Fashion,63,23,0.09,0,FALSE,19,49,27,Social Catalyst
4972,11/30/2023,Tier2,5737,0,330,Fashion,4,0,0.14,33,TRUE,41,35,36,Ghost Reseller
4973,5/11/2024,Tier3,68378,1,743,Fashion,61,15,0.1,2,TRUE,58,114,29,Social Catalyst
4974,2/27/2023,Tier3,15698,0,340,Mixed,0,4,0.12,224,FALSE,0,46,73,Ghost Reseller
4975,10/24/2023,Tier4+,1717,2,332,Home,62,15,0.14,14,FALSE,19,31,30,Low-Engagement Reseller
4976,4/26/2024,Tier2,2194,1,552,Fashion,98,33,0.11,12,FALSE,29,41,31,Social Catalyst
4977,3/6/2023,Tier2,4882,0,582,Beauty,4,0,0.06,210,TRUE,41,46,70,Niche Specialist
4978,8/1/2024,Tier2,607,0,735,Mixed,5,5,0.06,365,FALSE,2,47,100,Low-Engagement Reseller
4979,6/30/2024,Tier3,3865,0,565,Beauty,0,3,0.07,330,TRUE,40,44,93,Niche Specialist
4980,10/27/2023,Tier4+,9591,1,382,Mixed,182,51,0.11,27,FALSE,55,42,34,Low-Engagement Reseller
4981,9/25/2024,Tier2,2872,0,689,Fashion,1,0,0.14,111,FALSE,0,46,51,Low-Engagement Reseller
4982,3/17/2024,Tier4+,6025,0,368,Mixed,5,2,0.1,263,TRUE,42,38,80,Ghost Reseller
4983,5/16/2024,Tier3,1147,1,593,Fashion,186,57,0.15,10,FALSE,56,40,30,Social Catalyst
4984,8/14/2023,Tier3,938,0,417,Beauty,4,0,0.11,306,FALSE,1,34,89,Low-Engagement Reseller
4985,1/5/2024,Tier4+,15431,1,525,Fashion,169,47,0.05,13,TRUE,91,54,31,Social Catalyst
4986,8/12/2024,Tier3,959,2,504,Mixed,107,28,0.06,20,TRUE,72,39,31,Low-Engagement Reseller
4987,9/27/2023,Tier4+,3569,5,750,Fashion,52,12,0.1,12,FALSE,16,50,25,Social Catalyst
4988,8/6/2024,Tier3,3470,0,331,Home,3,2,0.11,309,FALSE,1,34,89,Niche Specialist
4989,4/3/2023,Tier2,7206,1,757,Home,193,63,0.14,15,FALSE,58,53,31,Niche Specialist
4990,3/7/2023,Tier3,6957,1,327,Fashion,149,50,0.08,13,FALSE,45,38,31,Social Catalyst
4991,10/16/2024,Tier2,1221,0,543,Fashion,4,0,0.14,205,TRUE,41,39,69,Low-Engagement Reseller
4992,10/27/2024,Tier3,8951,0,545,Fashion,3,0,0.1,317,FALSE,1,47,91,Ghost Reseller
4993,1/9/2024,Tier2,2574,2,634,Fashion,30,14,0.14,19,FALSE,9,44,31,Low-Engagement Reseller
4994,10/25/2024,Tier3,1395,0,695,Home,3,4,0.05,90,FALSE,1,46,47,Low-Engagement Reseller
4995,1/7/2023,Tier3,6597,0,425,Fashion,3,0,0.08,224,TRUE,41,41,73,Ghost Reseller
4996,12/22/2024,Tier2,749,0,575,Fashion,5,6,0.09,355,TRUE,42,41,98,Low-Engagement Reseller
4997,5/1/2023,Tier3,6464,0,344,Mixed,5,0,0.08,287,TRUE,42,38,85,Ghost Reseller
4998,12/22/2024,Tier4+,5516,2,542,Fashion,97,29,0.11,3,FALSE,29,44,28,Social Catalyst
4999,12/26/2023,Tier3,32071,0,694,Fashion,5,3,0.12,201,FALSE,2,76,69,Ghost Reseller
5000,12/22/2024,Tier3,3574,1,344,Home,30,5,0.11,26,FALSE,9,34,33,Niche Specialist
